{
  "ambient": [
    0.20000000298023224,
    0.20000000298023224,
    0.20000000298023224,
    1
  ],
  "diffuse": [
    1,
    1,
    1,
    0
  ],
  "model": "logo.obj",
  "position": [
    0.5,
    0.5,
    1,
    1
  ],
  "shader": [
    "simple.vert",
    "simple.frag",
    ""
  ],
  "specular": [
    1,
    1,
    1,
    0
  ]
}
