\BOOKMARK [0][-]{chapter.1}{\376\377\0001\000\040\060\262\060\374\060\340\060\260\060\351\060\325\060\243\060\303\060\257\060\271\162\171\212\326\060\156\133\277\230\114\165\050\210\334\122\251\060\327\060\355\060\260\060\351\060\340\000\040\000G\000L\000F\000W\0003\000\040\162\110\000.\000\040}{}% 1
\BOOKMARK [0][-]{chapter.2}{\376\377\0002\000\040\000O\000p\000e\000n\000X\000R\000\040\060\351\060\303\060\321\060\374\000\040\000\050\000G\000g\000A\000p\000p\000:\000:\000O\000p\000e\000n\000X\000R\000\051\000\040\060\336\060\313\060\345\060\242\060\353\377\006\117\177\165\050\145\271\154\325\211\343\212\254\000\040}{}% 2
\BOOKMARK [1][-]{section.2.1}{\376\377\0002\000.\0001\000\040\166\356\153\041}{chapter.2}% 3
\BOOKMARK [1][-]{section.2.2}{\376\377\0002\000.\0002\000\040\0001\000.\000\040\151\202\211\201\060\150\162\171\137\264}{chapter.2}% 4
\BOOKMARK [2][-]{subsection.2.2.1}{\376\377\0002\000.\0002\000.\0001\000\040\116\073\060\152\162\171\137\264}{section.2.2}% 5
\BOOKMARK [1][-]{section.2.3}{\376\377\0002\000.\0003\000\040\0002\000.\000\040\060\257\060\244\060\303\060\257\060\271\060\277\060\374\060\310\377\010\147\000\134\017\060\156\000\040\000V\000R\000\040\060\327\060\355\060\260\060\351\060\340\377\011}{chapter.2}% 6
\BOOKMARK [1][-]{section.2.4}{\376\377\0002\000.\0004\000\040\0003\000.\000\040\000A\000P\000I\000\040\060\352\060\325\060\241\060\354\060\363\060\271}{chapter.2}% 7
\BOOKMARK [2][-]{subsection.2.4.1}{\376\377\0002\000.\0004\000.\0001\000\040\127\213\133\232\177\251\060\373\133\232\145\160}{section.2.4}% 8
\BOOKMARK [2][-]{subsection.2.4.2}{\376\377\0002\000.\0004\000.\0002\000\040\122\035\147\037\123\026\060\150\175\102\116\206\121\346\164\006}{section.2.4}% 9
\BOOKMARK [3][-]{subsubsection.2.4.2.1}{\376\377\0002\000.\0004\000.\0002\000.\0001\000\040\000s\000t\000a\000t\000i\000c\000\040\000O\000p\000e\000n\000X\000R\000\046\000\040\000i\000n\000i\000t\000i\000a\000l\000i\000z\000e\000\050\000c\000o\000n\000s\000t\000\040\000W\000i\000n\000d\000o\000w\000\046\000\040\000w\000i\000n\000d\000o\000w\000,\000\040\000X\000r\000R\000e\000f\000e\000r\000e\000n\000c\000e\000S\000p\000a\000c\000e\000T\000y\000p\000e\000\040\000s\000p\000a\000c\000e\000T\000y\000p\000e\000\040\000=\000\040\000X\000R\000\137\000R\000E\000F\000E\000R\000E\000N\000C\000E\000\137\000S\000P\000A\000C\000E\000\137\000T\000Y\000P\000E\000\137\000S\000T\000A\000G\000E\000\051}{subsection.2.4.2}% 10
\BOOKMARK [3][-]{subsubsection.2.4.2.2}{\376\377\0002\000.\0004\000.\0002\000.\0002\000\040\000v\000o\000i\000d\000\040\000t\000e\000r\000m\000i\000n\000a\000t\000e\000\050\000\051}{subsection.2.4.2}% 11
\BOOKMARK [2][-]{subsection.2.4.3}{\376\377\0002\000.\0004\000.\0003\000\040\060\325\060\354\060\374\060\340\143\317\165\073\060\353\060\374\060\327}{section.2.4}% 12
\BOOKMARK [3][-]{subsubsection.2.4.3.1}{\376\377\0002\000.\0004\000.\0003\000.\0001\000\040\000b\000o\000o\000l\000\040\000b\000e\000g\000i\000n\000\050\000\051}{subsection.2.4.3}% 13
\BOOKMARK [3][-]{subsubsection.2.4.3.2}{\376\377\0002\000.\0004\000.\0003\000.\0002\000\040\000v\000o\000i\000d\000\040\000s\000e\000l\000e\000c\000t\000\050\000i\000n\000t\000\040\000e\000y\000e\000\051}{subsection.2.4.3}% 14
\BOOKMARK [3][-]{subsubsection.2.4.3.3}{\376\377\0002\000.\0004\000.\0003\000.\0003\000\040\000v\000o\000i\000d\000\040\000s\000e\000l\000e\000c\000t\000\050\000i\000n\000t\000\040\000e\000y\000e\000,\000\040\000G\000L\000f\000l\000o\000a\000t\000*\000\040\000s\000c\000r\000e\000e\000n\000,\000\040\000G\000L\000f\000l\000o\000a\000t\000*\000\040\000p\000o\000s\000i\000t\000i\000o\000n\000,\000\040\000G\000L\000f\000l\000o\000a\000t\000*\000\040\000o\000r\000i\000e\000n\000t\000a\000t\000i\000o\000n\000\051}{subsection.2.4.3}% 15
\BOOKMARK [3][-]{subsubsection.2.4.3.4}{\376\377\0002\000.\0004\000.\0003\000.\0004\000\040\000v\000o\000i\000d\000\040\000c\000o\000m\000m\000i\000t\000\050\000i\000n\000t\000\040\000e\000y\000e\000\051}{subsection.2.4.3}% 16
\BOOKMARK [3][-]{subsubsection.2.4.3.5}{\376\377\0002\000.\0004\000.\0003\000.\0005\000\040\000b\000o\000o\000l\000\040\000s\000u\000b\000m\000i\000t\000\050\000b\000o\000o\000l\000\040\000m\000i\000r\000r\000o\000r\000\040\000=\000\040\000t\000r\000u\000e\000\051}{subsection.2.4.3}% 17
\BOOKMARK [2][-]{subsection.2.4.4}{\376\377\0002\000.\0004\000.\0004\000\040\060\253\060\341\060\351\060\373\142\225\137\161\131\011\143\333\060\373\211\226\160\271\140\305\130\061}{section.2.4}% 18
\BOOKMARK [3][-]{subsubsection.2.4.4.1}{\376\377\0002\000.\0004\000.\0004\000.\0001\000\040\000G\000g\000M\000a\000t\000r\000i\000x\000\040\000g\000e\000t\000P\000r\000o\000j\000e\000c\000t\000i\000o\000n\000M\000a\000t\000r\000i\000x\000\050\000i\000n\000t\000\040\000e\000y\000e\000,\000\040\000G\000L\000f\000l\000o\000a\000t\000\040\000z\000N\000e\000a\000r\000\040\000=\000\040\0000\000.\0001\000f\000,\000\040\000G\000L\000f\000l\000o\000a\000t\000\040\000z\000F\000a\000r\000\040\000=\000\040\0001\0000\0000\000.\0000\000f\000\051\000\040\000c\000o\000n\000s\000t}{subsection.2.4.4}% 19
\BOOKMARK [3][-]{subsubsection.2.4.4.2}{\376\377\0002\000.\0004\000.\0004\000.\0002\000\040\000G\000g\000M\000a\000t\000r\000i\000x\000\040\000g\000e\000t\000V\000i\000e\000w\000M\000a\000t\000r\000i\000x\000\050\000i\000n\000t\000\040\000e\000y\000e\000\051\000\040\000c\000o\000n\000s\000t}{subsection.2.4.4}% 20
\BOOKMARK [3][-]{subsubsection.2.4.4.3}{\376\377\0002\000.\0004\000.\0004\000.\0003\000\040\000G\000g\000M\000a\000t\000r\000i\000x\000\040\000g\000e\000t\000P\000o\000s\000e\000M\000a\000t\000r\000i\000x\000\050\000i\000n\000t\000\040\000e\000y\000e\000\051\000\040\000c\000o\000n\000s\000t}{subsection.2.4.4}% 21
\BOOKMARK [3][-]{subsubsection.2.4.4.4}{\376\377\0002\000.\0004\000.\0004\000.\0004\000\040\000G\000g\000V\000e\000c\000t\000o\000r\000\040\000g\000e\000t\000P\000o\000s\000i\000t\000i\000o\000n\000\050\000i\000n\000t\000\040\000e\000y\000e\000\051\000\040\000c\000o\000n\000s\000t}{subsection.2.4.4}% 22
\BOOKMARK [3][-]{subsubsection.2.4.4.5}{\376\377\0002\000.\0004\000.\0004\000.\0005\000\040\000G\000g\000Q\000u\000a\000t\000e\000r\000n\000i\000o\000n\000\040\000g\000e\000t\000O\000r\000i\000e\000n\000t\000a\000t\000i\000o\000n\000\050\000i\000n\000t\000\040\000e\000y\000e\000\051\000\040\000c\000o\000n\000s\000t}{subsection.2.4.4}% 23
\BOOKMARK [3][-]{subsubsection.2.4.4.6}{\376\377\0002\000.\0004\000.\0004\000.\0006\000\040\000c\000o\000n\000s\000t\000\040\000X\000r\000F\000o\000v\000f\000\046\000\040\000g\000e\000t\000F\000o\000v\000\050\000i\000n\000t\000\040\000e\000y\000e\000\051\000\040\000c\000o\000n\000s\000t}{subsection.2.4.4}% 24
\BOOKMARK [3][-]{subsubsection.2.4.4.7}{\376\377\0002\000.\0004\000.\0004\000.\0007\000\040\000c\000o\000n\000s\000t\000\040\000X\000r\000P\000o\000s\000e\000f\000\046\000\040\000g\000e\000t\000P\000o\000s\000e\000\050\000i\000n\000t\000\040\000e\000y\000e\000\051\000\040\000c\000o\000n\000s\000t}{subsection.2.4.4}% 25
\BOOKMARK [3][-]{subsubsection.2.4.4.8}{\376\377\0002\000.\0004\000.\0004\000.\0008\000\040\000G\000L\000s\000i\000z\000e\000i\000\040\000g\000e\000t\000W\000i\000d\000t\000h\000\050\000i\000n\000t\000\040\000e\000y\000e\000\040\000=\000\040\0000\000\051\000\040\000c\000o\000n\000s\000t\000\040\000/\000\040\000G\000L\000s\000i\000z\000e\000i\000\040\000g\000e\000t\000H\000e\000i\000g\000h\000t\000\050\000i\000n\000t\000\040\000e\000y\000e\000\040\000=\000\040\0000\000\051\000\040\000c\000o\000n\000s\000t}{subsection.2.4.4}% 26
\BOOKMARK [3][-]{subsubsection.2.4.4.9}{\376\377\0002\000.\0004\000.\0004\000.\0009\000\040\000G\000L\000f\000l\000o\000a\000t\000\040\000g\000e\000t\000A\000s\000p\000e\000c\000t\000\050\000i\000n\000t\000\040\000e\000y\000e\000\040\000=\000\040\0000\000\051\000\040\000c\000o\000n\000s\000t}{subsection.2.4.4}% 27
\BOOKMARK [3][-]{subsubsection.2.4.4.10}{\376\377\0002\000.\0004\000.\0004\000.\0001\0000\000\040\000u\000i\000n\000t\0003\0002\000\137\000t\000\040\000g\000e\000t\000V\000i\000e\000w\000C\000o\000u\000n\000t\000\050\000\051\000\040\000c\000o\000n\000s\000t}{subsection.2.4.4}% 28
\BOOKMARK [2][-]{subsection.2.4.5}{\376\377\0002\000.\0004\000.\0005\000\040\060\263\060\363\060\310\060\355\060\374\060\351\060\374\060\310\060\351\060\303\060\255\060\363\060\260\060\373\131\377\122\342}{section.2.4}% 29
\BOOKMARK [3][-]{subsubsection.2.4.5.1}{\376\377\0002\000.\0004\000.\0005\000.\0001\000\040\000b\000o\000o\000l\000\040\000i\000s\000T\000r\000a\000c\000k\000e\000d\000\050\000i\000n\000t\000\040\000h\000a\000n\000d\000\051\000\040\000c\000o\000n\000s\000t}{subsection.2.4.5}% 30
\BOOKMARK [3][-]{subsubsection.2.4.5.2}{\376\377\0002\000.\0004\000.\0005\000.\0002\000\040\000G\000g\000M\000a\000t\000r\000i\000x\000\040\000g\000e\000t\000G\000r\000i\000p\000M\000a\000t\000r\000i\000x\000\050\000i\000n\000t\000\040\000h\000a\000n\000d\000\051\000\040\000c\000o\000n\000s\000t}{subsection.2.4.5}% 31
\BOOKMARK [3][-]{subsubsection.2.4.5.3}{\376\377\0002\000.\0004\000.\0005\000.\0003\000\040\000G\000g\000M\000a\000t\000r\000i\000x\000\040\000g\000e\000t\000A\000i\000m\000M\000a\000t\000r\000i\000x\000\050\000i\000n\000t\000\040\000h\000a\000n\000d\000\051\000\040\000c\000o\000n\000s\000t}{subsection.2.4.5}% 32
\BOOKMARK [3][-]{subsubsection.2.4.5.4}{\376\377\0002\000.\0004\000.\0005\000.\0004\000\040\000G\000g\000V\000e\000c\000t\000o\000r\000\040\000g\000e\000t\000G\000r\000i\000p\000P\000o\000s\000i\000t\000i\000o\000n\000\050\000i\000n\000t\000\040\000h\000a\000n\000d\000\051\000\040\000c\000o\000n\000s\000t\000\040\000/\000\040\000G\000g\000Q\000u\000a\000t\000e\000r\000n\000i\000o\000n\000\040\000g\000e\000t\000G\000r\000i\000p\000O\000r\000i\000e\000n\000t\000a\000t\000i\000o\000n\000\050\000i\000n\000t\000\040\000h\000a\000n\000d\000\051\000\040\000c\000o\000n\000s\000t}{subsection.2.4.5}% 33
\BOOKMARK [3][-]{subsubsection.2.4.5.5}{\376\377\0002\000.\0004\000.\0005\000.\0005\000\040\000G\000g\000V\000e\000c\000t\000o\000r\000\040\000g\000e\000t\000A\000i\000m\000P\000o\000s\000i\000t\000i\000o\000n\000\050\000i\000n\000t\000\040\000h\000a\000n\000d\000\051\000\040\000c\000o\000n\000s\000t\000\040\000/\000\040\000G\000g\000Q\000u\000a\000t\000e\000r\000n\000i\000o\000n\000\040\000g\000e\000t\000A\000i\000m\000O\000r\000i\000e\000n\000t\000a\000t\000i\000o\000n\000\050\000i\000n\000t\000\040\000h\000a\000n\000d\000\051\000\040\000c\000o\000n\000s\000t}{subsection.2.4.5}% 34
\BOOKMARK [2][-]{subsection.2.4.6}{\376\377\0002\000.\0004\000.\0006\000\040\060\263\060\363\060\310\060\355\060\374\060\351\060\374\060\334\060\277\060\363\060\373\060\271\060\306\060\243\060\303\060\257\121\145\122\233\060\373\143\057\122\325}{section.2.4}% 35
\BOOKMARK [3][-]{subsubsection.2.4.6.1}{\376\377\0002\000.\0004\000.\0006\000.\0001\000\040\000f\000l\000o\000a\000t\000\040\000g\000e\000t\000T\000r\000i\000g\000g\000e\000r\000\050\000i\000n\000t\000\040\000h\000a\000n\000d\000\051\000\040\000c\000o\000n\000s\000t}{subsection.2.4.6}% 36
\BOOKMARK [3][-]{subsubsection.2.4.6.2}{\376\377\0002\000.\0004\000.\0006\000.\0002\000\040\000f\000l\000o\000a\000t\000\040\000g\000e\000t\000G\000r\000i\000p\000\050\000i\000n\000t\000\040\000h\000a\000n\000d\000\051\000\040\000c\000o\000n\000s\000t}{subsection.2.4.6}% 37
\BOOKMARK [3][-]{subsubsection.2.4.6.3}{\376\377\0002\000.\0004\000.\0006\000.\0003\000\040\000s\000t\000d\000:\000:\000a\000r\000r\000a\000y\000<\000f\000l\000o\000a\000t\000,\000\040\0002\000>\000\040\000g\000e\000t\000T\000h\000u\000m\000b\000s\000t\000i\000c\000k\000\050\000i\000n\000t\000\040\000h\000a\000n\000d\000\051\000\040\000c\000o\000n\000s\000t}{subsection.2.4.6}% 38
\BOOKMARK [3][-]{subsubsection.2.4.6.4}{\376\377\0002\000.\0004\000.\0006\000.\0004\000\040\000b\000o\000o\000l\000\040\000g\000e\000t\000T\000h\000u\000m\000b\000s\000t\000i\000c\000k\000C\000l\000i\000c\000k\000\050\000i\000n\000t\000\040\000h\000a\000n\000d\000\051\000\040\000c\000o\000n\000s\000t}{subsection.2.4.6}% 39
\BOOKMARK [3][-]{subsubsection.2.4.6.5}{\376\377\0002\000.\0004\000.\0006\000.\0005\000\040\000b\000o\000o\000l\000\040\000g\000e\000t\000P\000r\000i\000m\000a\000r\000y\000B\000u\000t\000t\000o\000n\000\050\000i\000n\000t\000\040\000h\000a\000n\000d\000\051\000\040\000c\000o\000n\000s\000t}{subsection.2.4.6}% 40
\BOOKMARK [3][-]{subsubsection.2.4.6.6}{\376\377\0002\000.\0004\000.\0006\000.\0006\000\040\000b\000o\000o\000l\000\040\000g\000e\000t\000S\000e\000c\000o\000n\000d\000a\000r\000y\000B\000u\000t\000t\000o\000n\000\050\000i\000n\000t\000\040\000h\000a\000n\000d\000\051\000\040\000c\000o\000n\000s\000t}{subsection.2.4.6}% 41
\BOOKMARK [3][-]{subsubsection.2.4.6.7}{\376\377\0002\000.\0004\000.\0006\000.\0007\000\040\000b\000o\000o\000l\000\040\000g\000e\000t\000M\000e\000n\000u\000B\000u\000t\000t\000o\000n\000\050\000i\000n\000t\000\040\000h\000a\000n\000d\000\040\000=\000\040\000H\000a\000n\000d\000:\000:\000L\000e\000f\000t\000\051\000\040\000c\000o\000n\000s\000t}{subsection.2.4.6}% 42
\BOOKMARK [3][-]{subsubsection.2.4.6.8}{\376\377\0002\000.\0004\000.\0006\000.\0008\000\040\000v\000o\000i\000d\000\040\000a\000p\000p\000l\000y\000H\000a\000p\000t\000i\000c\000V\000i\000b\000r\000a\000t\000i\000o\000n\000\050\000i\000n\000t\000\040\000h\000a\000n\000d\000,\000\040\000f\000l\000o\000a\000t\000\040\000d\000u\000r\000a\000t\000i\000o\000n\000S\000e\000c\000o\000n\000d\000s\000\040\000=\000\040\0000\000.\0001\000f\000,\000\040\000f\000l\000o\000a\000t\000\040\000f\000r\000e\000q\000u\000e\000n\000c\000y\000\040\000=\000\040\000X\000R\000\137\000F\000R\000E\000Q\000U\000E\000N\000C\000Y\000\137\000U\000N\000S\000P\000E\000C\000I\000F\000I\000E\000D\000,\000\040\000f\000l\000o\000a\000t\000\040\000a\000m\000p\000l\000i\000t\000u\000d\000e\000\040\000=\000\040\0000\000.\0005\000f\000\051}{subsection.2.4.6}% 43
\BOOKMARK [2][-]{subsection.2.4.7}{\376\377\0002\000.\0004\000.\0007\000\040\123\302\161\147\172\172\225\223\377\010\172\172\225\223\136\247\152\031\174\373\377\011}{section.2.4}% 44
\BOOKMARK [3][-]{subsubsection.2.4.7.1}{\376\377\0002\000.\0004\000.\0007\000.\0001\000\040\000X\000r\000R\000e\000f\000e\000r\000e\000n\000c\000e\000S\000p\000a\000c\000e\000T\000y\000p\000e\000\040\000g\000e\000t\000R\000e\000f\000e\000r\000e\000n\000c\000e\000S\000p\000a\000c\000e\000T\000y\000p\000e\000\050\000\051\000\040\000c\000o\000n\000s\000t}{subsection.2.4.7}% 45
\BOOKMARK [1][-]{section.2.5}{\376\377\0002\000.\0005\000\040\0004\000.\000\040\133\237\215\365\060\301\060\345\060\374\060\310\060\352\060\242\060\353\377\006\117\177\165\050\117\213}{chapter.2}% 46
\BOOKMARK [2][-]{subsection.2.5.1}{\376\377\0002\000.\0005\000.\0001\000\040\0004\000.\0001\000\040\127\372\147\054\166\204\060\152\060\271\060\306\060\354\060\252\060\354\060\363\060\300\060\352\060\363\060\260}{section.2.5}% 47
\BOOKMARK [2][-]{subsection.2.5.2}{\376\377\0002\000.\0005\000.\0002\000\040\0004\000.\0002\000\040\060\263\060\363\060\310\060\355\060\374\060\351\060\374\060\156\131\377\122\342\123\326\137\227\060\150\060\342\060\307\060\353\143\317\165\073}{section.2.5}% 48
\BOOKMARK [2][-]{subsection.2.5.3}{\376\377\0002\000.\0005\000.\0003\000\040\0004\000.\0003\000\040\060\271\060\306\060\243\060\303\060\257\121\145\122\233\060\153\060\210\060\213\171\373\122\325\060\150\060\310\060\352\060\254\060\374\121\145\122\233}{section.2.5}% 49
\BOOKMARK [2][-]{subsection.2.5.4}{\376\377\0002\000.\0005\000.\0004\000\040\0004\000.\0004\000\040\136\212\227\142\127\372\156\226\000\040\000\050\000S\000T\000A\000G\000E\000\051\000\040\060\150\167\100\136\055\127\372\156\226\000\040\000\050\000L\000O\000C\000A\000L\000\051\000\040\060\156\122\007\060\212\146\377\060\110}{section.2.5}% 50
\BOOKMARK [2][-]{subsection.2.5.5}{\376\377\0002\000.\0005\000.\0005\000\040\0004\000.\0005\000\040\000P\000C\000\040\060\246\060\243\060\363\060\311\060\246\060\170\060\156\060\337\060\351\060\374\210\150\171\072}{section.2.5}% 51
\BOOKMARK [1][-]{section.2.6}{\376\377\0002\000.\0006\000\040\0005\000.\000\040\145\347\000\040\000O\000c\000u\000l\000u\000s\000\040\000S\000D\000K\000\040\000\050\000L\000i\000b\000O\000V\000R\000\051\000\040\060\351\060\303\060\321\060\374\060\113\060\211\060\156\171\373\210\114\060\254\060\244\060\311}{chapter.2}% 52
\BOOKMARK [2][-]{subsection.2.6.1}{\376\377\0002\000.\0006\000.\0001\000\040\060\263\060\374\060\311\060\156\133\376\153\324\377\010\000B\000e\000f\000o\000r\000e\000\040\000/\000\040\000A\000f\000t\000e\000r\377\011}{section.2.6}% 53
\BOOKMARK [3][-]{subsubsection.2.6.1.1}{\376\377\0002\000.\0006\000.\0001\000.\0001\000\040\000[\000B\000e\000f\000o\000r\000e\000]\000\040\145\347\000\040\000A\000P\000I}{subsection.2.6.1}% 54
\BOOKMARK [3][-]{subsubsection.2.6.1.2}{\376\377\0002\000.\0006\000.\0001\000.\0002\000\040\000[\000A\000f\000t\000e\000r\000]\000\040\147\000\220\151\123\026\162\110\000\040\000A\000P\000I}{subsection.2.6.1}% 55
\BOOKMARK [1][-]{section.2.7}{\376\377\0002\000.\0007\000\040\0006\000.\000\040\122\325\117\134\164\260\130\203\060\150\060\273\060\303\060\310\060\242\060\303\060\327}{chapter.2}% 56
\BOOKMARK [2][-]{subsection.2.7.1}{\376\377\0002\000.\0007\000.\0001\000\040\137\305\211\201\060\152\164\260\130\203}{section.2.7}% 57
\BOOKMARK [2][-]{subsection.2.7.2}{\376\377\0002\000.\0007\000.\0002\000\040\060\327\060\355\060\270\060\247\060\257\060\310\060\170\060\156\175\104\060\177\217\274\060\177}{section.2.7}% 58
\BOOKMARK [0][-]{chapter.3}{\376\377\0003\000\040\000g\000g\000s\000a\000m\000p\000l\000e\0000\0001\000\040}{}% 59
\BOOKMARK [1][-]{section.3.1}{\376\377\0003\000.\0001\000\040\060\262\060\374\060\340\060\260\060\351\060\325\060\243\060\303\060\257\060\271\162\171\212\326\000A\060\000\173\054\377\021\126\336\060\000\133\277\230\114}{chapter.3}% 60
\BOOKMARK [1][-]{section.3.2}{\376\377\0003\000.\0002\000\040\133\277\230\114\060\327\060\355\060\260\060\351\060\340\060\156\117\134\142\020\060\153\137\305\211\201\060\152\164\260\130\203}{chapter.3}% 61
\BOOKMARK [1][-]{section.3.3}{\376\377\0003\000.\0003\000\040\133\277\230\114\060\156\143\320\121\372}{chapter.3}% 62
\BOOKMARK [1][-]{section.3.4}{\376\377\0003\000.\0004\000\040\210\334\215\263}{chapter.3}% 63
\BOOKMARK [1][-]{section.3.5}{\376\377\0003\000.\0005\000\040\133\277\230\114\060\327\060\355\060\260\060\351\060\340\165\050\210\334\122\251\060\327\060\355\060\260\060\351\060\340\060\153\060\144\060\104\060\146}{chapter.3}% 64
\BOOKMARK [2][-]{subsection.3.5.1}{\376\377\0003\000.\0005\000.\0001\000\040\210\334\122\251\060\327\060\355\060\260\060\351\060\340\060\156\060\311\060\255\060\345\060\341\060\363\060\310}{section.3.5}% 65
\BOOKMARK [2][-]{subsection.3.5.2}{\376\377\0003\000.\0005\000.\0002\000\040\210\334\122\251\060\327\060\355\060\260\060\351\060\340\060\156\117\177\060\104\145\271}{section.3.5}% 66
\BOOKMARK [2][-]{subsection.3.5.3}{\376\377\0003\000.\0005\000.\0003\000\040\000O\000p\000e\000n\000X\000R\000\040\060\222\117\177\060\106\130\064\124\010}{section.3.5}% 67
\BOOKMARK [2][-]{subsection.3.5.4}{\376\377\0003\000.\0005\000.\0004\000\040\000D\000e\000a\000r\000\040\000I\000m\000G\000u\000i\000\040\060\222\117\177\060\106\130\064\124\010}{section.3.5}% 68
\BOOKMARK [3][-]{subsubsection.3.5.4.1}{\376\377\0003\000.\0005\000.\0004\000.\0001\000\040\000i\000m\000c\000o\000n\000f\000i\000g\000.\000h\000\040\060\156\131\011\146\364\160\271}{subsection.3.5.4}% 69
\BOOKMARK [0][-]{chapter.4}{\376\377\0004\000\040\124\015\122\115\172\172\225\223\175\042\137\025}{}% 70
\BOOKMARK [1][-]{section.4.1}{\376\377\0004\000.\0001\000\040\124\015\122\115\172\172\225\223\116\000\211\247}{chapter.4}% 71
\BOOKMARK [0][-]{chapter.5}{\376\377\0005\000\040\226\216\134\144\175\042\137\025}{}% 72
\BOOKMARK [1][-]{section.5.1}{\376\377\0005\000.\0001\000\040\060\257\060\351\060\271\226\216\134\144}{chapter.5}% 73
\BOOKMARK [0][-]{chapter.6}{\376\377\0006\000\040\060\257\060\351\060\271\175\042\137\025}{}% 74
\BOOKMARK [1][-]{section.6.1}{\376\377\0006\000.\0001\000\040\060\257\060\351\060\271\116\000\211\247}{chapter.6}% 75
\BOOKMARK [0][-]{chapter.7}{\376\377\0007\000\040\060\325\060\241\060\244\060\353\175\042\137\025}{}% 76
\BOOKMARK [1][-]{section.7.1}{\376\377\0007\000.\0001\000\040\060\325\060\241\060\244\060\353\116\000\211\247}{chapter.7}% 77
\BOOKMARK [0][-]{chapter.8}{\376\377\0008\000\040\124\015\122\115\172\172\225\223\212\163\211\343}{}% 78
\BOOKMARK [1][-]{section.8.1}{\376\377\0008\000.\0001\000\040\000g\000g\000\040\124\015\122\115\172\172\225\223}{chapter.8}% 79
\BOOKMARK [2][-]{subsection.8.1.1}{\376\377\0008\000.\0001\000.\0001\000\040\212\163\211\343}{section.8.1}% 80
\BOOKMARK [2][-]{subsection.8.1.2}{\376\377\0008\000.\0001\000.\0002\000\040\122\027\143\031\127\213\212\163\211\343}{section.8.1}% 81
\BOOKMARK [3][-]{subsubsection.8.1.2.1}{\376\377\0008\000.\0001\000.\0002\000.\0001\000\040\000B\000i\000n\000d\000i\000n\000g\000P\000o\000i\000n\000t\000s}{subsection.8.1.2}% 82
\BOOKMARK [2][-]{subsection.8.1.3}{\376\377\0008\000.\0001\000.\0003\000\040\225\242\145\160\212\163\211\343}{section.8.1}% 83
\BOOKMARK [3][-]{subsubsection.8.1.3.1}{\376\377\0008\000.\0001\000.\0003\000.\0001\000\040\000\137\000g\000g\000E\000r\000r\000o\000r\000\050\000\051}{subsection.8.1.3}% 84
\BOOKMARK [3][-]{subsubsection.8.1.3.2}{\376\377\0008\000.\0001\000.\0003\000.\0002\000\040\000\137\000g\000g\000F\000B\000O\000E\000r\000r\000o\000r\000\050\000\051}{subsection.8.1.3}% 85
\BOOKMARK [3][-]{subsubsection.8.1.3.3}{\376\377\0008\000.\0001\000.\0003\000.\0003\000\040\000g\000g\000A\000r\000r\000a\000y\000s\000O\000b\000j\000\050\000\051}{subsection.8.1.3}% 86
\BOOKMARK [3][-]{subsubsection.8.1.3.4}{\376\377\0008\000.\0001\000.\0003\000.\0004\000\040\000g\000g\000C\000o\000n\000j\000u\000g\000a\000t\000e\000\050\000\051}{subsection.8.1.3}% 87
\BOOKMARK [3][-]{subsubsection.8.1.3.5}{\376\377\0008\000.\0001\000.\0003\000.\0005\000\040\000g\000g\000C\000r\000e\000a\000t\000e\000C\000o\000m\000p\000u\000t\000e\000S\000h\000a\000d\000e\000r\000\050\000\051}{subsection.8.1.3}% 88
\BOOKMARK [3][-]{subsubsection.8.1.3.6}{\376\377\0008\000.\0001\000.\0003\000.\0006\000\040\000g\000g\000C\000r\000e\000a\000t\000e\000N\000o\000r\000m\000a\000l\000M\000a\000p\000\050\000\051}{subsection.8.1.3}% 89
\BOOKMARK [3][-]{subsubsection.8.1.3.7}{\376\377\0008\000.\0001\000.\0003\000.\0007\000\040\000g\000g\000C\000r\000e\000a\000t\000e\000S\000h\000a\000d\000e\000r\000\050\000\051}{subsection.8.1.3}% 90
\BOOKMARK [3][-]{subsubsection.8.1.3.8}{\376\377\0008\000.\0001\000.\0003\000.\0008\000\040\000g\000g\000C\000r\000o\000s\000s\000\050\000\051\000\040\000[\0001\000/\0002\000]}{subsection.8.1.3}% 91
\BOOKMARK [3][-]{subsubsection.8.1.3.9}{\376\377\0008\000.\0001\000.\0003\000.\0009\000\040\000g\000g\000C\000r\000o\000s\000s\000\050\000\051\000\040\000[\0002\000/\0002\000]}{subsection.8.1.3}% 92
\BOOKMARK [3][-]{subsubsection.8.1.3.10}{\376\377\0008\000.\0001\000.\0003\000.\0001\0000\000\040\000g\000g\000D\000i\000s\000t\000a\000n\000c\000e\0003\000\050\000\051\000\040\000[\0001\000/\0002\000]}{subsection.8.1.3}% 93
\BOOKMARK [3][-]{subsubsection.8.1.3.11}{\376\377\0008\000.\0001\000.\0003\000.\0001\0001\000\040\000g\000g\000D\000i\000s\000t\000a\000n\000c\000e\0003\000\050\000\051\000\040\000[\0002\000/\0002\000]}{subsection.8.1.3}% 94
\BOOKMARK [3][-]{subsubsection.8.1.3.12}{\376\377\0008\000.\0001\000.\0003\000.\0001\0002\000\040\000g\000g\000D\000i\000s\000t\000a\000n\000c\000e\0004\000\050\000\051\000\040\000[\0001\000/\0002\000]}{subsection.8.1.3}% 95
\BOOKMARK [3][-]{subsubsection.8.1.3.13}{\376\377\0008\000.\0001\000.\0003\000.\0001\0003\000\040\000g\000g\000D\000i\000s\000t\000a\000n\000c\000e\0004\000\050\000\051\000\040\000[\0002\000/\0002\000]}{subsection.8.1.3}% 96
\BOOKMARK [3][-]{subsubsection.8.1.3.14}{\376\377\0008\000.\0001\000.\0003\000.\0001\0004\000\040\000g\000g\000D\000o\000t\0003\000\050\000\051\000\040\000[\0001\000/\0002\000]}{subsection.8.1.3}% 97
\BOOKMARK [3][-]{subsubsection.8.1.3.15}{\376\377\0008\000.\0001\000.\0003\000.\0001\0005\000\040\000g\000g\000D\000o\000t\0003\000\050\000\051\000\040\000[\0002\000/\0002\000]}{subsection.8.1.3}% 98
\BOOKMARK [3][-]{subsubsection.8.1.3.16}{\376\377\0008\000.\0001\000.\0003\000.\0001\0006\000\040\000g\000g\000D\000o\000t\0004\000\050\000\051\000\040\000[\0001\000/\0002\000]}{subsection.8.1.3}% 99
\BOOKMARK [3][-]{subsubsection.8.1.3.17}{\376\377\0008\000.\0001\000.\0003\000.\0001\0007\000\040\000g\000g\000D\000o\000t\0004\000\050\000\051\000\040\000[\0002\000/\0002\000]}{subsection.8.1.3}% 100
\BOOKMARK [3][-]{subsubsection.8.1.3.18}{\376\377\0008\000.\0001\000.\0003\000.\0001\0008\000\040\000g\000g\000E\000l\000e\000m\000e\000n\000t\000s\000M\000e\000s\000h\000\050\000\051}{subsection.8.1.3}% 101
\BOOKMARK [3][-]{subsubsection.8.1.3.19}{\376\377\0008\000.\0001\000.\0003\000.\0001\0009\000\040\000g\000g\000E\000l\000e\000m\000e\000n\000t\000s\000O\000b\000j\000\050\000\051}{subsection.8.1.3}% 102
\BOOKMARK [3][-]{subsubsection.8.1.3.20}{\376\377\0008\000.\0001\000.\0003\000.\0002\0000\000\040\000g\000g\000E\000l\000e\000m\000e\000n\000t\000s\000S\000p\000h\000e\000r\000e\000\050\000\051}{subsection.8.1.3}% 103
\BOOKMARK [3][-]{subsubsection.8.1.3.21}{\376\377\0008\000.\0001\000.\0003\000.\0002\0001\000\040\000g\000g\000E\000l\000l\000i\000p\000s\000e\000\050\000\051}{subsection.8.1.3}% 104
\BOOKMARK [3][-]{subsubsection.8.1.3.22}{\376\377\0008\000.\0001\000.\0003\000.\0002\0002\000\040\000g\000g\000E\000u\000l\000e\000r\000Q\000u\000a\000t\000e\000r\000n\000i\000o\000n\000\050\000\051\000\040\000[\0001\000/\0003\000]}{subsection.8.1.3}% 105
\BOOKMARK [3][-]{subsubsection.8.1.3.23}{\376\377\0008\000.\0001\000.\0003\000.\0002\0003\000\040\000g\000g\000E\000u\000l\000e\000r\000Q\000u\000a\000t\000e\000r\000n\000i\000o\000n\000\050\000\051\000\040\000[\0002\000/\0003\000]}{subsection.8.1.3}% 106
\BOOKMARK [3][-]{subsubsection.8.1.3.24}{\376\377\0008\000.\0001\000.\0003\000.\0002\0004\000\040\000g\000g\000E\000u\000l\000e\000r\000Q\000u\000a\000t\000e\000r\000n\000i\000o\000n\000\050\000\051\000\040\000[\0003\000/\0003\000]}{subsection.8.1.3}% 107
\BOOKMARK [3][-]{subsubsection.8.1.3.25}{\376\377\0008\000.\0001\000.\0003\000.\0002\0005\000\040\000g\000g\000F\000r\000u\000s\000t\000u\000m\000\050\000\051}{subsection.8.1.3}% 108
\BOOKMARK [3][-]{subsubsection.8.1.3.26}{\376\377\0008\000.\0001\000.\0003\000.\0002\0006\000\040\000g\000g\000I\000d\000e\000n\000t\000i\000t\000y\000\050\000\051}{subsection.8.1.3}% 109
\BOOKMARK [3][-]{subsubsection.8.1.3.27}{\376\377\0008\000.\0001\000.\0003\000.\0002\0007\000\040\000g\000g\000I\000d\000e\000n\000t\000i\000t\000y\000Q\000u\000a\000t\000e\000r\000n\000i\000o\000n\000\050\000\051}{subsection.8.1.3}% 110
\BOOKMARK [3][-]{subsubsection.8.1.3.28}{\376\377\0008\000.\0001\000.\0003\000.\0002\0008\000\040\000g\000g\000I\000n\000i\000t\000\050\000\051}{subsection.8.1.3}% 111
\BOOKMARK [3][-]{subsubsection.8.1.3.29}{\376\377\0008\000.\0001\000.\0003\000.\0002\0009\000\040\000g\000g\000I\000n\000v\000e\000r\000t\000\050\000\051\000\040\000[\0001\000/\0002\000]}{subsection.8.1.3}% 112
\BOOKMARK [3][-]{subsubsection.8.1.3.30}{\376\377\0008\000.\0001\000.\0003\000.\0003\0000\000\040\000g\000g\000I\000n\000v\000e\000r\000t\000\050\000\051\000\040\000[\0002\000/\0002\000]}{subsection.8.1.3}% 113
\BOOKMARK [3][-]{subsubsection.8.1.3.31}{\376\377\0008\000.\0001\000.\0003\000.\0003\0001\000\040\000g\000g\000L\000e\000n\000g\000t\000h\0003\000\050\000\051\000\040\000[\0001\000/\0002\000]}{subsection.8.1.3}% 114
\BOOKMARK [3][-]{subsubsection.8.1.3.32}{\376\377\0008\000.\0001\000.\0003\000.\0003\0002\000\040\000g\000g\000L\000e\000n\000g\000t\000h\0003\000\050\000\051\000\040\000[\0002\000/\0002\000]}{subsection.8.1.3}% 115
\BOOKMARK [3][-]{subsubsection.8.1.3.33}{\376\377\0008\000.\0001\000.\0003\000.\0003\0003\000\040\000g\000g\000L\000e\000n\000g\000t\000h\0004\000\050\000\051\000\040\000[\0001\000/\0002\000]}{subsection.8.1.3}% 116
\BOOKMARK [3][-]{subsubsection.8.1.3.34}{\376\377\0008\000.\0001\000.\0003\000.\0003\0004\000\040\000g\000g\000L\000e\000n\000g\000t\000h\0004\000\050\000\051\000\040\000[\0002\000/\0002\000]}{subsection.8.1.3}% 117
\BOOKMARK [3][-]{subsubsection.8.1.3.35}{\376\377\0008\000.\0001\000.\0003\000.\0003\0005\000\040\000g\000g\000L\000o\000a\000d\000C\000o\000m\000p\000u\000t\000e\000S\000h\000a\000d\000e\000r\000\050\000\051}{subsection.8.1.3}% 118
\BOOKMARK [3][-]{subsubsection.8.1.3.36}{\376\377\0008\000.\0001\000.\0003\000.\0003\0006\000\040\000g\000g\000L\000o\000a\000d\000H\000e\000i\000g\000h\000t\000\050\000\051}{subsection.8.1.3}% 119
\BOOKMARK [3][-]{subsubsection.8.1.3.37}{\376\377\0008\000.\0001\000.\0003\000.\0003\0007\000\040\000g\000g\000L\000o\000a\000d\000I\000m\000a\000g\000e\000\050\000\051}{subsection.8.1.3}% 120
\BOOKMARK [3][-]{subsubsection.8.1.3.38}{\376\377\0008\000.\0001\000.\0003\000.\0003\0008\000\040\000g\000g\000L\000o\000a\000d\000S\000h\000a\000d\000e\000r\000\050\000\051\000\040\000[\0001\000/\0002\000]}{subsection.8.1.3}% 121
\BOOKMARK [3][-]{subsubsection.8.1.3.39}{\376\377\0008\000.\0001\000.\0003\000.\0003\0009\000\040\000g\000g\000L\000o\000a\000d\000S\000h\000a\000d\000e\000r\000\050\000\051\000\040\000[\0002\000/\0002\000]}{subsection.8.1.3}% 122
\BOOKMARK [3][-]{subsubsection.8.1.3.40}{\376\377\0008\000.\0001\000.\0003\000.\0004\0000\000\040\000g\000g\000L\000o\000a\000d\000S\000i\000m\000p\000l\000e\000O\000b\000j\000\050\000\051\000\040\000[\0001\000/\0002\000]}{subsection.8.1.3}% 123
\BOOKMARK [3][-]{subsubsection.8.1.3.41}{\376\377\0008\000.\0001\000.\0003\000.\0004\0001\000\040\000g\000g\000L\000o\000a\000d\000S\000i\000m\000p\000l\000e\000O\000b\000j\000\050\000\051\000\040\000[\0002\000/\0002\000]}{subsection.8.1.3}% 124
\BOOKMARK [3][-]{subsubsection.8.1.3.42}{\376\377\0008\000.\0001\000.\0003\000.\0004\0002\000\040\000g\000g\000L\000o\000a\000d\000T\000e\000x\000t\000u\000r\000e\000\050\000\051}{subsection.8.1.3}% 125
\BOOKMARK [3][-]{subsubsection.8.1.3.43}{\376\377\0008\000.\0001\000.\0003\000.\0004\0003\000\040\000g\000g\000L\000o\000o\000k\000a\000t\000\050\000\051\000\040\000[\0001\000/\0003\000]}{subsection.8.1.3}% 126
\BOOKMARK [3][-]{subsubsection.8.1.3.44}{\376\377\0008\000.\0001\000.\0003\000.\0004\0004\000\040\000g\000g\000L\000o\000o\000k\000a\000t\000\050\000\051\000\040\000[\0002\000/\0003\000]}{subsection.8.1.3}% 127
\BOOKMARK [3][-]{subsubsection.8.1.3.45}{\376\377\0008\000.\0001\000.\0003\000.\0004\0005\000\040\000g\000g\000L\000o\000o\000k\000a\000t\000\050\000\051\000\040\000[\0003\000/\0003\000]}{subsection.8.1.3}% 128
\BOOKMARK [3][-]{subsubsection.8.1.3.46}{\376\377\0008\000.\0001\000.\0003\000.\0004\0006\000\040\000g\000g\000M\000a\000t\000r\000i\000x\000Q\000u\000a\000t\000e\000r\000n\000i\000o\000n\000\050\000\051\000\040\000[\0001\000/\0002\000]}{subsection.8.1.3}% 129
\BOOKMARK [3][-]{subsubsection.8.1.3.47}{\376\377\0008\000.\0001\000.\0003\000.\0004\0007\000\040\000g\000g\000M\000a\000t\000r\000i\000x\000Q\000u\000a\000t\000e\000r\000n\000i\000o\000n\000\050\000\051\000\040\000[\0002\000/\0002\000]}{subsection.8.1.3}% 130
\BOOKMARK [3][-]{subsubsection.8.1.3.48}{\376\377\0008\000.\0001\000.\0003\000.\0004\0008\000\040\000g\000g\000N\000o\000r\000m\000\050\000\051}{subsection.8.1.3}% 131
\BOOKMARK [3][-]{subsubsection.8.1.3.49}{\376\377\0008\000.\0001\000.\0003\000.\0004\0009\000\040\000g\000g\000N\000o\000r\000m\000a\000l\000\050\000\051}{subsection.8.1.3}% 132
\BOOKMARK [3][-]{subsubsection.8.1.3.50}{\376\377\0008\000.\0001\000.\0003\000.\0005\0000\000\040\000g\000g\000N\000o\000r\000m\000a\000l\000i\000z\000e\000\050\000\051}{subsection.8.1.3}% 133
\BOOKMARK [3][-]{subsubsection.8.1.3.51}{\376\377\0008\000.\0001\000.\0003\000.\0005\0001\000\040\000g\000g\000N\000o\000r\000m\000a\000l\000i\000z\000e\0003\000\050\000\051\000\040\000[\0001\000/\0004\000]}{subsection.8.1.3}% 134
\BOOKMARK [3][-]{subsubsection.8.1.3.52}{\376\377\0008\000.\0001\000.\0003\000.\0005\0002\000\040\000g\000g\000N\000o\000r\000m\000a\000l\000i\000z\000e\0003\000\050\000\051\000\040\000[\0002\000/\0004\000]}{subsection.8.1.3}% 135
\BOOKMARK [3][-]{subsubsection.8.1.3.53}{\376\377\0008\000.\0001\000.\0003\000.\0005\0003\000\040\000g\000g\000N\000o\000r\000m\000a\000l\000i\000z\000e\0003\000\050\000\051\000\040\000[\0003\000/\0004\000]}{subsection.8.1.3}% 136
\BOOKMARK [3][-]{subsubsection.8.1.3.54}{\376\377\0008\000.\0001\000.\0003\000.\0005\0004\000\040\000g\000g\000N\000o\000r\000m\000a\000l\000i\000z\000e\0003\000\050\000\051\000\040\000[\0004\000/\0004\000]}{subsection.8.1.3}% 137
\BOOKMARK [3][-]{subsubsection.8.1.3.55}{\376\377\0008\000.\0001\000.\0003\000.\0005\0005\000\040\000g\000g\000N\000o\000r\000m\000a\000l\000i\000z\000e\0004\000\050\000\051\000\040\000[\0001\000/\0004\000]}{subsection.8.1.3}% 138
\BOOKMARK [3][-]{subsubsection.8.1.3.56}{\376\377\0008\000.\0001\000.\0003\000.\0005\0006\000\040\000g\000g\000N\000o\000r\000m\000a\000l\000i\000z\000e\0004\000\050\000\051\000\040\000[\0002\000/\0004\000]}{subsection.8.1.3}% 139
\BOOKMARK [3][-]{subsubsection.8.1.3.57}{\376\377\0008\000.\0001\000.\0003\000.\0005\0007\000\040\000g\000g\000N\000o\000r\000m\000a\000l\000i\000z\000e\0004\000\050\000\051\000\040\000[\0003\000/\0004\000]}{subsection.8.1.3}% 140
\BOOKMARK [3][-]{subsubsection.8.1.3.58}{\376\377\0008\000.\0001\000.\0003\000.\0005\0008\000\040\000g\000g\000N\000o\000r\000m\000a\000l\000i\000z\000e\0004\000\050\000\051\000\040\000[\0004\000/\0004\000]}{subsection.8.1.3}% 141
\BOOKMARK [3][-]{subsubsection.8.1.3.59}{\376\377\0008\000.\0001\000.\0003\000.\0005\0009\000\040\000g\000g\000O\000r\000t\000h\000o\000g\000o\000n\000a\000l\000\050\000\051}{subsection.8.1.3}% 142
\BOOKMARK [3][-]{subsubsection.8.1.3.60}{\376\377\0008\000.\0001\000.\0003\000.\0006\0000\000\040\000g\000g\000P\000e\000r\000s\000p\000e\000c\000t\000i\000v\000e\000\050\000\051}{subsection.8.1.3}% 143
\BOOKMARK [3][-]{subsubsection.8.1.3.61}{\376\377\0008\000.\0001\000.\0003\000.\0006\0001\000\040\000g\000g\000P\000o\000i\000n\000t\000s\000C\000u\000b\000e\000\050\000\051}{subsection.8.1.3}% 144
\BOOKMARK [3][-]{subsubsection.8.1.3.62}{\376\377\0008\000.\0001\000.\0003\000.\0006\0002\000\040\000g\000g\000P\000o\000i\000n\000t\000s\000S\000p\000h\000e\000r\000e\000\050\000\051}{subsection.8.1.3}% 145
\BOOKMARK [3][-]{subsubsection.8.1.3.63}{\376\377\0008\000.\0001\000.\0003\000.\0006\0003\000\040\000g\000g\000Q\000u\000a\000t\000e\000r\000n\000i\000o\000n\000M\000a\000t\000r\000i\000x\000\050\000\051}{subsection.8.1.3}% 146
\BOOKMARK [3][-]{subsubsection.8.1.3.64}{\376\377\0008\000.\0001\000.\0003\000.\0006\0004\000\040\000g\000g\000Q\000u\000a\000t\000e\000r\000n\000i\000o\000n\000T\000r\000a\000n\000s\000p\000o\000s\000e\000M\000a\000t\000r\000i\000x\000\050\000\051}{subsection.8.1.3}% 147
\BOOKMARK [3][-]{subsubsection.8.1.3.65}{\376\377\0008\000.\0001\000.\0003\000.\0006\0005\000\040\000g\000g\000R\000e\000a\000d\000I\000m\000a\000g\000e\000\050\000\051}{subsection.8.1.3}% 148
\BOOKMARK [3][-]{subsubsection.8.1.3.66}{\376\377\0008\000.\0001\000.\0003\000.\0006\0006\000\040\000g\000g\000R\000e\000c\000t\000a\000n\000g\000l\000e\000\050\000\051}{subsection.8.1.3}% 149
\BOOKMARK [3][-]{subsubsection.8.1.3.67}{\376\377\0008\000.\0001\000.\0003\000.\0006\0007\000\040\000g\000g\000R\000o\000t\000a\000t\000e\000\050\000\051\000\040\000[\0001\000/\0005\000]}{subsection.8.1.3}% 150
\BOOKMARK [3][-]{subsubsection.8.1.3.68}{\376\377\0008\000.\0001\000.\0003\000.\0006\0008\000\040\000g\000g\000R\000o\000t\000a\000t\000e\000\050\000\051\000\040\000[\0002\000/\0005\000]}{subsection.8.1.3}% 151
\BOOKMARK [3][-]{subsubsection.8.1.3.69}{\376\377\0008\000.\0001\000.\0003\000.\0006\0009\000\040\000g\000g\000R\000o\000t\000a\000t\000e\000\050\000\051\000\040\000[\0003\000/\0005\000]}{subsection.8.1.3}% 152
\BOOKMARK [3][-]{subsubsection.8.1.3.70}{\376\377\0008\000.\0001\000.\0003\000.\0007\0000\000\040\000g\000g\000R\000o\000t\000a\000t\000e\000\050\000\051\000\040\000[\0004\000/\0005\000]}{subsection.8.1.3}% 153
\BOOKMARK [3][-]{subsubsection.8.1.3.71}{\376\377\0008\000.\0001\000.\0003\000.\0007\0001\000\040\000g\000g\000R\000o\000t\000a\000t\000e\000\050\000\051\000\040\000[\0005\000/\0005\000]}{subsection.8.1.3}% 154
\BOOKMARK [3][-]{subsubsection.8.1.3.72}{\376\377\0008\000.\0001\000.\0003\000.\0007\0002\000\040\000g\000g\000R\000o\000t\000a\000t\000e\000Q\000u\000a\000t\000e\000r\000n\000i\000o\000n\000\050\000\051\000\040\000[\0001\000/\0003\000]}{subsection.8.1.3}% 155
\BOOKMARK [3][-]{subsubsection.8.1.3.73}{\376\377\0008\000.\0001\000.\0003\000.\0007\0003\000\040\000g\000g\000R\000o\000t\000a\000t\000e\000Q\000u\000a\000t\000e\000r\000n\000i\000o\000n\000\050\000\051\000\040\000[\0002\000/\0003\000]}{subsection.8.1.3}% 156
\BOOKMARK [3][-]{subsubsection.8.1.3.74}{\376\377\0008\000.\0001\000.\0003\000.\0007\0004\000\040\000g\000g\000R\000o\000t\000a\000t\000e\000Q\000u\000a\000t\000e\000r\000n\000i\000o\000n\000\050\000\051\000\040\000[\0003\000/\0003\000]}{subsection.8.1.3}% 157
\BOOKMARK [3][-]{subsubsection.8.1.3.75}{\376\377\0008\000.\0001\000.\0003\000.\0007\0005\000\040\000g\000g\000R\000o\000t\000a\000t\000e\000X\000\050\000\051}{subsection.8.1.3}% 158
\BOOKMARK [3][-]{subsubsection.8.1.3.76}{\376\377\0008\000.\0001\000.\0003\000.\0007\0006\000\040\000g\000g\000R\000o\000t\000a\000t\000e\000Y\000\050\000\051}{subsection.8.1.3}% 159
\BOOKMARK [3][-]{subsubsection.8.1.3.77}{\376\377\0008\000.\0001\000.\0003\000.\0007\0007\000\040\000g\000g\000R\000o\000t\000a\000t\000e\000Z\000\050\000\051}{subsection.8.1.3}% 160
\BOOKMARK [3][-]{subsubsection.8.1.3.78}{\376\377\0008\000.\0001\000.\0003\000.\0007\0008\000\040\000g\000g\000S\000a\000v\000e\000C\000o\000l\000o\000r\000\050\000\051}{subsection.8.1.3}% 161
\BOOKMARK [3][-]{subsubsection.8.1.3.79}{\376\377\0008\000.\0001\000.\0003\000.\0007\0009\000\040\000g\000g\000S\000a\000v\000e\000D\000e\000p\000t\000h\000\050\000\051}{subsection.8.1.3}% 162
\BOOKMARK [3][-]{subsubsection.8.1.3.80}{\376\377\0008\000.\0001\000.\0003\000.\0008\0000\000\040\000g\000g\000S\000a\000v\000e\000T\000g\000a\000\050\000\051}{subsection.8.1.3}% 163
\BOOKMARK [3][-]{subsubsection.8.1.3.81}{\376\377\0008\000.\0001\000.\0003\000.\0008\0001\000\040\000g\000g\000S\000c\000a\000l\000e\000\050\000\051\000\040\000[\0001\000/\0003\000]}{subsection.8.1.3}% 164
\BOOKMARK [3][-]{subsubsection.8.1.3.82}{\376\377\0008\000.\0001\000.\0003\000.\0008\0002\000\040\000g\000g\000S\000c\000a\000l\000e\000\050\000\051\000\040\000[\0002\000/\0003\000]}{subsection.8.1.3}% 165
\BOOKMARK [3][-]{subsubsection.8.1.3.83}{\376\377\0008\000.\0001\000.\0003\000.\0008\0003\000\040\000g\000g\000S\000c\000a\000l\000e\000\050\000\051\000\040\000[\0003\000/\0003\000]}{subsection.8.1.3}% 166
\BOOKMARK [3][-]{subsubsection.8.1.3.84}{\376\377\0008\000.\0001\000.\0003\000.\0008\0004\000\040\000g\000g\000S\000l\000e\000r\000p\000\050\000\051\000\040\000[\0001\000/\0004\000]}{subsection.8.1.3}% 167
\BOOKMARK [3][-]{subsubsection.8.1.3.85}{\376\377\0008\000.\0001\000.\0003\000.\0008\0005\000\040\000g\000g\000S\000l\000e\000r\000p\000\050\000\051\000\040\000[\0002\000/\0004\000]}{subsection.8.1.3}% 168
\BOOKMARK [3][-]{subsubsection.8.1.3.86}{\376\377\0008\000.\0001\000.\0003\000.\0008\0006\000\040\000g\000g\000S\000l\000e\000r\000p\000\050\000\051\000\040\000[\0003\000/\0004\000]}{subsection.8.1.3}% 169
\BOOKMARK [3][-]{subsubsection.8.1.3.87}{\376\377\0008\000.\0001\000.\0003\000.\0008\0007\000\040\000g\000g\000S\000l\000e\000r\000p\000\050\000\051\000\040\000[\0004\000/\0004\000]}{subsection.8.1.3}% 170
\BOOKMARK [3][-]{subsubsection.8.1.3.88}{\376\377\0008\000.\0001\000.\0003\000.\0008\0008\000\040\000g\000g\000T\000r\000a\000n\000s\000l\000a\000t\000e\000\050\000\051\000\040\000[\0001\000/\0003\000]}{subsection.8.1.3}% 171
\BOOKMARK [3][-]{subsubsection.8.1.3.89}{\376\377\0008\000.\0001\000.\0003\000.\0008\0009\000\040\000g\000g\000T\000r\000a\000n\000s\000l\000a\000t\000e\000\050\000\051\000\040\000[\0002\000/\0003\000]}{subsection.8.1.3}% 172
\BOOKMARK [3][-]{subsubsection.8.1.3.90}{\376\377\0008\000.\0001\000.\0003\000.\0009\0000\000\040\000g\000g\000T\000r\000a\000n\000s\000l\000a\000t\000e\000\050\000\051\000\040\000[\0003\000/\0003\000]}{subsection.8.1.3}% 173
\BOOKMARK [3][-]{subsubsection.8.1.3.91}{\376\377\0008\000.\0001\000.\0003\000.\0009\0001\000\040\000g\000g\000T\000r\000a\000n\000s\000p\000o\000s\000e\000\050\000\051}{subsection.8.1.3}% 174
\BOOKMARK [3][-]{subsubsection.8.1.3.92}{\376\377\0008\000.\0001\000.\0003\000.\0009\0002\000\040\000o\000p\000e\000r\000a\000t\000o\000r\000*\000\050\000\051}{subsection.8.1.3}% 175
\BOOKMARK [3][-]{subsubsection.8.1.3.93}{\376\377\0008\000.\0001\000.\0003\000.\0009\0003\000\040\000o\000p\000e\000r\000a\000t\000o\000r\000+\000\050\000\051\000\040\000[\0001\000/\0002\000]}{subsection.8.1.3}% 176
\BOOKMARK [3][-]{subsubsection.8.1.3.94}{\376\377\0008\000.\0001\000.\0003\000.\0009\0004\000\040\000o\000p\000e\000r\000a\000t\000o\000r\000+\000\050\000\051\000\040\000[\0002\000/\0002\000]}{subsection.8.1.3}% 177
\BOOKMARK [3][-]{subsubsection.8.1.3.95}{\376\377\0008\000.\0001\000.\0003\000.\0009\0005\000\040\000o\000p\000e\000r\000a\000t\000o\000r\000-\000\050\000\051\000\040\000[\0001\000/\0002\000]}{subsection.8.1.3}% 178
\BOOKMARK [3][-]{subsubsection.8.1.3.96}{\376\377\0008\000.\0001\000.\0003\000.\0009\0006\000\040\000o\000p\000e\000r\000a\000t\000o\000r\000-\000\050\000\051\000\040\000[\0002\000/\0002\000]}{subsection.8.1.3}% 179
\BOOKMARK [3][-]{subsubsection.8.1.3.97}{\376\377\0008\000.\0001\000.\0003\000.\0009\0007\000\040\000o\000p\000e\000r\000a\000t\000o\000r\000/\000\050\000\051}{subsection.8.1.3}% 180
\BOOKMARK [2][-]{subsection.8.1.4}{\376\377\0008\000.\0001\000.\0004\000\040\131\011\145\160\212\163\211\343}{section.8.1}% 181
\BOOKMARK [3][-]{subsubsection.8.1.4.1}{\376\377\0008\000.\0001\000.\0004\000.\0001\000\040\000g\000g\000B\000u\000f\000f\000e\000r\000A\000l\000i\000g\000n\000m\000e\000n\000t}{subsection.8.1.4}% 182
\BOOKMARK [0][-]{chapter.9}{\376\377\0009\000\040\060\257\060\351\060\271\212\163\211\343}{}% 183
\BOOKMARK [1][-]{section.9.1}{\376\377\0009\000.\0001\000\040\000C\000o\000n\000f\000i\000g\000\040\060\257\060\351\060\271}{chapter.9}% 184
\BOOKMARK [2][-]{subsection.9.1.1}{\376\377\0009\000.\0001\000.\0001\000\040\212\163\211\343}{section.9.1}% 185
\BOOKMARK [2][-]{subsection.9.1.2}{\376\377\0009\000.\0001\000.\0002\000\040\151\313\173\311\133\120\060\150\211\343\117\123\133\120}{section.9.1}% 186
\BOOKMARK [3][-]{subsubsection.9.1.2.1}{\376\377\0009\000.\0001\000.\0002\000.\0001\000\040\000C\000o\000n\000f\000i\000g\000\050\000\051\000\040\000[\0001\000/\0002\000]}{subsection.9.1.2}% 187
\BOOKMARK [3][-]{subsubsection.9.1.2.2}{\376\377\0009\000.\0001\000.\0002\000.\0002\000\040\000C\000o\000n\000f\000i\000g\000\050\000\051\000\040\000[\0002\000/\0002\000]}{subsection.9.1.2}% 188
\BOOKMARK [3][-]{subsubsection.9.1.2.3}{\376\377\0009\000.\0001\000.\0002\000.\0003\000\040\000~\000C\000o\000n\000f\000i\000g\000\050\000\051}{subsection.9.1.2}% 189
\BOOKMARK [2][-]{subsection.9.1.3}{\376\377\0009\000.\0001\000.\0003\000\040\225\242\145\160\212\163\211\343}{section.9.1}% 190
\BOOKMARK [3][-]{subsubsection.9.1.3.1}{\376\377\0009\000.\0001\000.\0003\000.\0001\000\040\000g\000e\000t\000H\000e\000i\000g\000h\000t\000\050\000\051}{subsection.9.1.3}% 191
\BOOKMARK [3][-]{subsubsection.9.1.3.2}{\376\377\0009\000.\0001\000.\0003\000.\0002\000\040\000g\000e\000t\000W\000i\000d\000t\000h\000\050\000\051}{subsection.9.1.3}% 192
\BOOKMARK [3][-]{subsubsection.9.1.3.3}{\376\377\0009\000.\0001\000.\0003\000.\0003\000\040\000l\000o\000a\000d\000\050\000\051}{subsection.9.1.3}% 193
\BOOKMARK [3][-]{subsubsection.9.1.3.4}{\376\377\0009\000.\0001\000.\0003\000.\0004\000\040\000s\000a\000v\000e\000\050\000\051}{subsection.9.1.3}% 194
\BOOKMARK [2][-]{subsection.9.1.4}{\376\377\0009\000.\0001\000.\0004\000\040\060\325\060\354\060\363\060\311\060\150\225\242\220\043\225\242\145\160\060\156\212\163\211\343}{section.9.1}% 195
\BOOKMARK [3][-]{subsubsection.9.1.4.1}{\376\377\0009\000.\0001\000.\0004\000.\0001\000\040\000M\000e\000n\000u}{subsection.9.1.4}% 196
\BOOKMARK [1][-]{section.9.2}{\376\377\0009\000.\0002\000\040\000G\000g\000A\000p\000p\000\040\060\257\060\351\060\271}{chapter.9}% 197
\BOOKMARK [2][-]{subsection.9.2.1}{\376\377\0009\000.\0002\000.\0001\000\040\212\163\211\343}{section.9.2}% 198
\BOOKMARK [2][-]{subsection.9.2.2}{\376\377\0009\000.\0002\000.\0002\000\040\151\313\173\311\133\120\060\150\211\343\117\123\133\120}{section.9.2}% 199
\BOOKMARK [3][-]{subsubsection.9.2.2.1}{\376\377\0009\000.\0002\000.\0002\000.\0001\000\040\000G\000g\000A\000p\000p\000\050\000\051\000\040\000[\0001\000/\0003\000]}{subsection.9.2.2}% 200
\BOOKMARK [3][-]{subsubsection.9.2.2.2}{\376\377\0009\000.\0002\000.\0002\000.\0002\000\040\000G\000g\000A\000p\000p\000\050\000\051\000\040\000[\0002\000/\0003\000]}{subsection.9.2.2}% 201
\BOOKMARK [3][-]{subsubsection.9.2.2.3}{\376\377\0009\000.\0002\000.\0002\000.\0003\000\040\000G\000g\000A\000p\000p\000\050\000\051\000\040\000[\0003\000/\0003\000]}{subsection.9.2.2}% 202
\BOOKMARK [3][-]{subsubsection.9.2.2.4}{\376\377\0009\000.\0002\000.\0002\000.\0004\000\040\000~\000G\000g\000A\000p\000p\000\050\000\051}{subsection.9.2.2}% 203
\BOOKMARK [2][-]{subsection.9.2.3}{\376\377\0009\000.\0002\000.\0003\000\040\225\242\145\160\212\163\211\343}{section.9.2}% 204
\BOOKMARK [3][-]{subsubsection.9.2.3.1}{\376\377\0009\000.\0002\000.\0003\000.\0001\000\040\000g\000e\000t\000U\000s\000e\000r\000n\000a\000m\000e\000\050\000\051}{subsection.9.2.3}% 205
\BOOKMARK [3][-]{subsubsection.9.2.3.2}{\376\377\0009\000.\0002\000.\0003\000.\0002\000\040\000m\000a\000i\000n\000\050\000\051}{subsection.9.2.3}% 206
\BOOKMARK [3][-]{subsubsection.9.2.3.3}{\376\377\0009\000.\0002\000.\0003\000.\0003\000\040\000o\000p\000e\000r\000a\000t\000o\000r\000=\000\050\000\051\000\040\000[\0001\000/\0002\000]}{subsection.9.2.3}% 207
\BOOKMARK [3][-]{subsubsection.9.2.3.4}{\376\377\0009\000.\0002\000.\0003\000.\0004\000\040\000o\000p\000e\000r\000a\000t\000o\000r\000=\000\050\000\051\000\040\000[\0002\000/\0002\000]}{subsection.9.2.3}% 208
\BOOKMARK [1][-]{section.9.3}{\376\377\0009\000.\0003\000\040\000g\000g\000:\000:\000G\000g\000B\000u\000f\000f\000e\000r\000<\000\040\000T\000\040\000>\000\040\060\257\060\351\060\271\060\306\060\363\060\327\060\354\060\374\060\310}{chapter.9}% 209
\BOOKMARK [2][-]{subsection.9.3.1}{\376\377\0009\000.\0003\000.\0001\000\040\212\163\211\343}{section.9.3}% 210
\BOOKMARK [2][-]{subsection.9.3.2}{\376\377\0009\000.\0003\000.\0002\000\040\151\313\173\311\133\120\060\150\211\343\117\123\133\120}{section.9.3}% 211
\BOOKMARK [3][-]{subsubsection.9.3.2.1}{\376\377\0009\000.\0003\000.\0002\000.\0001\000\040\000G\000g\000B\000u\000f\000f\000e\000r\000\050\000\051\000\040\000[\0001\000/\0003\000]}{subsection.9.3.2}% 212
\BOOKMARK [3][-]{subsubsection.9.3.2.2}{\376\377\0009\000.\0003\000.\0002\000.\0002\000\040\000G\000g\000B\000u\000f\000f\000e\000r\000\050\000\051\000\040\000[\0002\000/\0003\000]}{subsection.9.3.2}% 213
\BOOKMARK [3][-]{subsubsection.9.3.2.3}{\376\377\0009\000.\0003\000.\0002\000.\0003\000\040\000G\000g\000B\000u\000f\000f\000e\000r\000\050\000\051\000\040\000[\0003\000/\0003\000]}{subsection.9.3.2}% 214
\BOOKMARK [3][-]{subsubsection.9.3.2.4}{\376\377\0009\000.\0003\000.\0002\000.\0004\000\040\000~\000G\000g\000B\000u\000f\000f\000e\000r\000\050\000\051}{subsection.9.3.2}% 215
\BOOKMARK [2][-]{subsection.9.3.3}{\376\377\0009\000.\0003\000.\0003\000\040\225\242\145\160\212\163\211\343}{section.9.3}% 216
\BOOKMARK [3][-]{subsubsection.9.3.3.1}{\376\377\0009\000.\0003\000.\0003\000.\0001\000\040\000b\000i\000n\000d\000\050\000\051}{subsection.9.3.3}% 217
\BOOKMARK [3][-]{subsubsection.9.3.3.2}{\376\377\0009\000.\0003\000.\0003\000.\0002\000\040\000c\000o\000p\000y\000\050\000\051}{subsection.9.3.3}% 218
\BOOKMARK [3][-]{subsubsection.9.3.3.3}{\376\377\0009\000.\0003\000.\0003\000.\0003\000\040\000g\000e\000t\000B\000u\000f\000f\000e\000r\000\050\000\051}{subsection.9.3.3}% 219
\BOOKMARK [3][-]{subsubsection.9.3.3.4}{\376\377\0009\000.\0003\000.\0003\000.\0004\000\040\000g\000e\000t\000C\000o\000u\000n\000t\000\050\000\051}{subsection.9.3.3}% 220
\BOOKMARK [3][-]{subsubsection.9.3.3.5}{\376\377\0009\000.\0003\000.\0003\000.\0005\000\040\000g\000e\000t\000S\000t\000r\000i\000d\000e\000\050\000\051}{subsection.9.3.3}% 221
\BOOKMARK [3][-]{subsubsection.9.3.3.6}{\376\377\0009\000.\0003\000.\0003\000.\0006\000\040\000g\000e\000t\000T\000a\000r\000g\000e\000t\000\050\000\051}{subsection.9.3.3}% 222
\BOOKMARK [3][-]{subsubsection.9.3.3.7}{\376\377\0009\000.\0003\000.\0003\000.\0007\000\040\000m\000a\000p\000\050\000\051\000\040\000[\0001\000/\0002\000]}{subsection.9.3.3}% 223
\BOOKMARK [3][-]{subsubsection.9.3.3.8}{\376\377\0009\000.\0003\000.\0003\000.\0008\000\040\000m\000a\000p\000\050\000\051\000\040\000[\0002\000/\0002\000]}{subsection.9.3.3}% 224
\BOOKMARK [3][-]{subsubsection.9.3.3.9}{\376\377\0009\000.\0003\000.\0003\000.\0009\000\040\000o\000p\000e\000r\000a\000t\000o\000r\000=\000\050\000\051\000\040\000[\0001\000/\0002\000]}{subsection.9.3.3}% 225
\BOOKMARK [3][-]{subsubsection.9.3.3.10}{\376\377\0009\000.\0003\000.\0003\000.\0001\0000\000\040\000o\000p\000e\000r\000a\000t\000o\000r\000=\000\050\000\051\000\040\000[\0002\000/\0002\000]}{subsection.9.3.3}% 226
\BOOKMARK [3][-]{subsubsection.9.3.3.11}{\376\377\0009\000.\0003\000.\0003\000.\0001\0001\000\040\000r\000e\000a\000d\000\050\000\051}{subsection.9.3.3}% 227
\BOOKMARK [3][-]{subsubsection.9.3.3.12}{\376\377\0009\000.\0003\000.\0003\000.\0001\0002\000\040\000s\000e\000n\000d\000\050\000\051}{subsection.9.3.3}% 228
\BOOKMARK [3][-]{subsubsection.9.3.3.13}{\376\377\0009\000.\0003\000.\0003\000.\0001\0003\000\040\000u\000n\000b\000i\000n\000d\000\050\000\051}{subsection.9.3.3}% 229
\BOOKMARK [3][-]{subsubsection.9.3.3.14}{\376\377\0009\000.\0003\000.\0003\000.\0001\0004\000\040\000u\000n\000m\000a\000p\000\050\000\051}{subsection.9.3.3}% 230
\BOOKMARK [1][-]{section.9.4}{\376\377\0009\000.\0004\000\040\000g\000g\000:\000:\000G\000g\000C\000o\000l\000o\000r\000T\000e\000x\000t\000u\000r\000e\000\040\060\257\060\351\060\271}{chapter.9}% 231
\BOOKMARK [2][-]{subsection.9.4.1}{\376\377\0009\000.\0004\000.\0001\000\040\212\163\211\343}{section.9.4}% 232
\BOOKMARK [2][-]{subsection.9.4.2}{\376\377\0009\000.\0004\000.\0002\000\040\151\313\173\311\133\120\060\150\211\343\117\123\133\120}{section.9.4}% 233
\BOOKMARK [3][-]{subsubsection.9.4.2.1}{\376\377\0009\000.\0004\000.\0002\000.\0001\000\040\000G\000g\000C\000o\000l\000o\000r\000T\000e\000x\000t\000u\000r\000e\000\050\000\051\000\040\000[\0001\000/\0003\000]}{subsection.9.4.2}% 234
\BOOKMARK [3][-]{subsubsection.9.4.2.2}{\376\377\0009\000.\0004\000.\0002\000.\0002\000\040\000G\000g\000C\000o\000l\000o\000r\000T\000e\000x\000t\000u\000r\000e\000\050\000\051\000\040\000[\0002\000/\0003\000]}{subsection.9.4.2}% 235
\BOOKMARK [3][-]{subsubsection.9.4.2.3}{\376\377\0009\000.\0004\000.\0002\000.\0003\000\040\000G\000g\000C\000o\000l\000o\000r\000T\000e\000x\000t\000u\000r\000e\000\050\000\051\000\040\000[\0003\000/\0003\000]}{subsection.9.4.2}% 236
\BOOKMARK [3][-]{subsubsection.9.4.2.4}{\376\377\0009\000.\0004\000.\0002\000.\0004\000\040\000~\000G\000g\000C\000o\000l\000o\000r\000T\000e\000x\000t\000u\000r\000e\000\050\000\051}{subsection.9.4.2}% 237
\BOOKMARK [2][-]{subsection.9.4.3}{\376\377\0009\000.\0004\000.\0003\000\040\225\242\145\160\212\163\211\343}{section.9.4}% 238
\BOOKMARK [3][-]{subsubsection.9.4.3.1}{\376\377\0009\000.\0004\000.\0003\000.\0001\000\040\000b\000i\000n\000d\000\050\000\051}{subsection.9.4.3}% 239
\BOOKMARK [3][-]{subsubsection.9.4.3.2}{\376\377\0009\000.\0004\000.\0003\000.\0002\000\040\000g\000e\000t\000\050\000\051}{subsection.9.4.3}% 240
\BOOKMARK [3][-]{subsubsection.9.4.3.3}{\376\377\0009\000.\0004\000.\0003\000.\0003\000\040\000g\000e\000t\000H\000e\000i\000g\000h\000t\000\050\000\051}{subsection.9.4.3}% 241
\BOOKMARK [3][-]{subsubsection.9.4.3.4}{\376\377\0009\000.\0004\000.\0003\000.\0004\000\040\000g\000e\000t\000S\000i\000z\000e\000\050\000\051\000\040\000[\0001\000/\0002\000]}{subsection.9.4.3}% 242
\BOOKMARK [3][-]{subsubsection.9.4.3.5}{\376\377\0009\000.\0004\000.\0003\000.\0005\000\040\000g\000e\000t\000S\000i\000z\000e\000\050\000\051\000\040\000[\0002\000/\0002\000]}{subsection.9.4.3}% 243
\BOOKMARK [3][-]{subsubsection.9.4.3.6}{\376\377\0009\000.\0004\000.\0003\000.\0006\000\040\000g\000e\000t\000T\000e\000x\000t\000u\000r\000e\000\050\000\051}{subsection.9.4.3}% 244
\BOOKMARK [3][-]{subsubsection.9.4.3.7}{\376\377\0009\000.\0004\000.\0003\000.\0007\000\040\000g\000e\000t\000W\000i\000d\000t\000h\000\050\000\051}{subsection.9.4.3}% 245
\BOOKMARK [3][-]{subsubsection.9.4.3.8}{\376\377\0009\000.\0004\000.\0003\000.\0008\000\040\000l\000o\000a\000d\000\050\000\051\000\040\000[\0001\000/\0002\000]}{subsection.9.4.3}% 246
\BOOKMARK [3][-]{subsubsection.9.4.3.9}{\376\377\0009\000.\0004\000.\0003\000.\0009\000\040\000l\000o\000a\000d\000\050\000\051\000\040\000[\0002\000/\0002\000]}{subsection.9.4.3}% 247
\BOOKMARK [3][-]{subsubsection.9.4.3.10}{\376\377\0009\000.\0004\000.\0003\000.\0001\0000\000\040\000o\000p\000e\000r\000a\000t\000o\000r\000\040\000b\000o\000o\000l\000\050\000\051}{subsection.9.4.3}% 248
\BOOKMARK [3][-]{subsubsection.9.4.3.11}{\376\377\0009\000.\0004\000.\0003\000.\0001\0001\000\040\000o\000p\000e\000r\000a\000t\000o\000r\000!\000\050\000\051}{subsection.9.4.3}% 249
\BOOKMARK [3][-]{subsubsection.9.4.3.12}{\376\377\0009\000.\0004\000.\0003\000.\0001\0002\000\040\000u\000n\000b\000i\000n\000d\000\050\000\051}{subsection.9.4.3}% 250
\BOOKMARK [1][-]{section.9.5}{\376\377\0009\000.\0005\000\040\000g\000g\000:\000:\000G\000g\000E\000l\000e\000m\000e\000n\000t\000s\000\040\060\257\060\351\060\271}{chapter.9}% 251
\BOOKMARK [2][-]{subsection.9.5.1}{\376\377\0009\000.\0005\000.\0001\000\040\212\163\211\343}{section.9.5}% 252
\BOOKMARK [2][-]{subsection.9.5.2}{\376\377\0009\000.\0005\000.\0002\000\040\151\313\173\311\133\120\060\150\211\343\117\123\133\120}{section.9.5}% 253
\BOOKMARK [3][-]{subsubsection.9.5.2.1}{\376\377\0009\000.\0005\000.\0002\000.\0001\000\040\000G\000g\000E\000l\000e\000m\000e\000n\000t\000s\000\050\000\051\000\040\000[\0001\000/\0002\000]}{subsection.9.5.2}% 254
\BOOKMARK [3][-]{subsubsection.9.5.2.2}{\376\377\0009\000.\0005\000.\0002\000.\0002\000\040\000G\000g\000E\000l\000e\000m\000e\000n\000t\000s\000\050\000\051\000\040\000[\0002\000/\0002\000]}{subsection.9.5.2}% 255
\BOOKMARK [3][-]{subsubsection.9.5.2.3}{\376\377\0009\000.\0005\000.\0002\000.\0003\000\040\000~\000G\000g\000E\000l\000e\000m\000e\000n\000t\000s\000\050\000\051}{subsection.9.5.2}% 256
\BOOKMARK [2][-]{subsection.9.5.3}{\376\377\0009\000.\0005\000.\0003\000\040\225\242\145\160\212\163\211\343}{section.9.5}% 257
\BOOKMARK [3][-]{subsubsection.9.5.3.1}{\376\377\0009\000.\0005\000.\0003\000.\0001\000\040\000d\000r\000a\000w\000\050\000\051}{subsection.9.5.3}% 258
\BOOKMARK [3][-]{subsubsection.9.5.3.2}{\376\377\0009\000.\0005\000.\0003\000.\0002\000\040\000g\000e\000t\000I\000n\000d\000e\000x\000B\000u\000f\000f\000e\000r\000\050\000\051}{subsection.9.5.3}% 259
\BOOKMARK [3][-]{subsubsection.9.5.3.3}{\376\377\0009\000.\0005\000.\0003\000.\0003\000\040\000g\000e\000t\000I\000n\000d\000e\000x\000C\000o\000u\000n\000t\000\050\000\051}{subsection.9.5.3}% 260
\BOOKMARK [3][-]{subsubsection.9.5.3.4}{\376\377\0009\000.\0005\000.\0003\000.\0004\000\040\000l\000o\000a\000d\000\050\000\051}{subsection.9.5.3}% 261
\BOOKMARK [3][-]{subsubsection.9.5.3.5}{\376\377\0009\000.\0005\000.\0003\000.\0005\000\040\000s\000e\000n\000d\000\050\000\051}{subsection.9.5.3}% 262
\BOOKMARK [1][-]{section.9.6}{\376\377\0009\000.\0006\000\040\000g\000g\000:\000:\000G\000g\000M\000a\000t\000r\000i\000x\000\040\060\257\060\351\060\271}{chapter.9}% 263
\BOOKMARK [2][-]{subsection.9.6.1}{\376\377\0009\000.\0006\000.\0001\000\040\212\163\211\343}{section.9.6}% 264
\BOOKMARK [2][-]{subsection.9.6.2}{\376\377\0009\000.\0006\000.\0002\000\040\151\313\173\311\133\120\060\150\211\343\117\123\133\120}{section.9.6}% 265
\BOOKMARK [3][-]{subsubsection.9.6.2.1}{\376\377\0009\000.\0006\000.\0002\000.\0001\000\040\000G\000g\000M\000a\000t\000r\000i\000x\000\050\000\051\000\040\000[\0001\000/\0006\000]}{subsection.9.6.2}% 266
\BOOKMARK [3][-]{subsubsection.9.6.2.2}{\376\377\0009\000.\0006\000.\0002\000.\0002\000\040\000G\000g\000M\000a\000t\000r\000i\000x\000\050\000\051\000\040\000[\0002\000/\0006\000]}{subsection.9.6.2}% 267
\BOOKMARK [3][-]{subsubsection.9.6.2.3}{\376\377\0009\000.\0006\000.\0002\000.\0003\000\040\000G\000g\000M\000a\000t\000r\000i\000x\000\050\000\051\000\040\000[\0003\000/\0006\000]}{subsection.9.6.2}% 268
\BOOKMARK [3][-]{subsubsection.9.6.2.4}{\376\377\0009\000.\0006\000.\0002\000.\0004\000\040\000G\000g\000M\000a\000t\000r\000i\000x\000\050\000\051\000\040\000[\0004\000/\0006\000]}{subsection.9.6.2}% 269
\BOOKMARK [3][-]{subsubsection.9.6.2.5}{\376\377\0009\000.\0006\000.\0002\000.\0005\000\040\000G\000g\000M\000a\000t\000r\000i\000x\000\050\000\051\000\040\000[\0005\000/\0006\000]}{subsection.9.6.2}% 270
\BOOKMARK [3][-]{subsubsection.9.6.2.6}{\376\377\0009\000.\0006\000.\0002\000.\0006\000\040\000G\000g\000M\000a\000t\000r\000i\000x\000\050\000\051\000\040\000[\0006\000/\0006\000]}{subsection.9.6.2}% 271
\BOOKMARK [3][-]{subsubsection.9.6.2.7}{\376\377\0009\000.\0006\000.\0002\000.\0007\000\040\000~\000G\000g\000M\000a\000t\000r\000i\000x\000\050\000\051}{subsection.9.6.2}% 272
\BOOKMARK [2][-]{subsection.9.6.3}{\376\377\0009\000.\0006\000.\0003\000\040\225\242\145\160\212\163\211\343}{section.9.6}% 273
\BOOKMARK [3][-]{subsubsection.9.6.3.1}{\376\377\0009\000.\0006\000.\0003\000.\0001\000\040\000f\000r\000u\000s\000t\000u\000m\000\050\000\051}{subsection.9.6.3}% 274
\BOOKMARK [3][-]{subsubsection.9.6.3.2}{\376\377\0009\000.\0006\000.\0003\000.\0002\000\040\000g\000e\000t\000\050\000\051\000\040\000[\0001\000/\0002\000]}{subsection.9.6.3}% 275
\BOOKMARK [3][-]{subsubsection.9.6.3.3}{\376\377\0009\000.\0006\000.\0003\000.\0003\000\040\000g\000e\000t\000\050\000\051\000\040\000[\0002\000/\0002\000]}{subsection.9.6.3}% 276
\BOOKMARK [3][-]{subsubsection.9.6.3.4}{\376\377\0009\000.\0006\000.\0003\000.\0004\000\040\000i\000n\000v\000e\000r\000t\000\050\000\051}{subsection.9.6.3}% 277
\BOOKMARK [3][-]{subsubsection.9.6.3.5}{\376\377\0009\000.\0006\000.\0003\000.\0005\000\040\000l\000o\000a\000d\000F\000r\000u\000s\000t\000u\000m\000\050\000\051}{subsection.9.6.3}% 278
\BOOKMARK [3][-]{subsubsection.9.6.3.6}{\376\377\0009\000.\0006\000.\0003\000.\0006\000\040\000l\000o\000a\000d\000I\000d\000e\000n\000t\000i\000t\000y\000\050\000\051}{subsection.9.6.3}% 279
\BOOKMARK [3][-]{subsubsection.9.6.3.7}{\376\377\0009\000.\0006\000.\0003\000.\0007\000\040\000l\000o\000a\000d\000I\000n\000v\000e\000r\000t\000\050\000\051\000\040\000[\0001\000/\0002\000]}{subsection.9.6.3}% 280
\BOOKMARK [3][-]{subsubsection.9.6.3.8}{\376\377\0009\000.\0006\000.\0003\000.\0008\000\040\000l\000o\000a\000d\000I\000n\000v\000e\000r\000t\000\050\000\051\000\040\000[\0002\000/\0002\000]}{subsection.9.6.3}% 281
\BOOKMARK [3][-]{subsubsection.9.6.3.9}{\376\377\0009\000.\0006\000.\0003\000.\0009\000\040\000l\000o\000a\000d\000L\000o\000o\000k\000a\000t\000\050\000\051\000\040\000[\0001\000/\0003\000]}{subsection.9.6.3}% 282
\BOOKMARK [3][-]{subsubsection.9.6.3.10}{\376\377\0009\000.\0006\000.\0003\000.\0001\0000\000\040\000l\000o\000a\000d\000L\000o\000o\000k\000a\000t\000\050\000\051\000\040\000[\0002\000/\0003\000]}{subsection.9.6.3}% 283
\BOOKMARK [3][-]{subsubsection.9.6.3.11}{\376\377\0009\000.\0006\000.\0003\000.\0001\0001\000\040\000l\000o\000a\000d\000L\000o\000o\000k\000a\000t\000\050\000\051\000\040\000[\0003\000/\0003\000]}{subsection.9.6.3}% 284
\BOOKMARK [3][-]{subsubsection.9.6.3.12}{\376\377\0009\000.\0006\000.\0003\000.\0001\0002\000\040\000l\000o\000a\000d\000N\000o\000r\000m\000a\000l\000\050\000\051\000\040\000[\0001\000/\0002\000]}{subsection.9.6.3}% 285
\BOOKMARK [3][-]{subsubsection.9.6.3.13}{\376\377\0009\000.\0006\000.\0003\000.\0001\0003\000\040\000l\000o\000a\000d\000N\000o\000r\000m\000a\000l\000\050\000\051\000\040\000[\0002\000/\0002\000]}{subsection.9.6.3}% 286
\BOOKMARK [3][-]{subsubsection.9.6.3.14}{\376\377\0009\000.\0006\000.\0003\000.\0001\0004\000\040\000l\000o\000a\000d\000O\000r\000t\000h\000o\000g\000o\000n\000a\000l\000\050\000\051}{subsection.9.6.3}% 287
\BOOKMARK [3][-]{subsubsection.9.6.3.15}{\376\377\0009\000.\0006\000.\0003\000.\0001\0005\000\040\000l\000o\000a\000d\000P\000e\000r\000s\000p\000e\000c\000t\000i\000v\000e\000\050\000\051}{subsection.9.6.3}% 288
\BOOKMARK [3][-]{subsubsection.9.6.3.16}{\376\377\0009\000.\0006\000.\0003\000.\0001\0006\000\040\000l\000o\000a\000d\000R\000o\000t\000a\000t\000e\000\050\000\051\000\040\000[\0001\000/\0005\000]}{subsection.9.6.3}% 289
\BOOKMARK [3][-]{subsubsection.9.6.3.17}{\376\377\0009\000.\0006\000.\0003\000.\0001\0007\000\040\000l\000o\000a\000d\000R\000o\000t\000a\000t\000e\000\050\000\051\000\040\000[\0002\000/\0005\000]}{subsection.9.6.3}% 290
\BOOKMARK [3][-]{subsubsection.9.6.3.18}{\376\377\0009\000.\0006\000.\0003\000.\0001\0008\000\040\000l\000o\000a\000d\000R\000o\000t\000a\000t\000e\000\050\000\051\000\040\000[\0003\000/\0005\000]}{subsection.9.6.3}% 291
\BOOKMARK [3][-]{subsubsection.9.6.3.19}{\376\377\0009\000.\0006\000.\0003\000.\0001\0009\000\040\000l\000o\000a\000d\000R\000o\000t\000a\000t\000e\000\050\000\051\000\040\000[\0004\000/\0005\000]}{subsection.9.6.3}% 292
\BOOKMARK [3][-]{subsubsection.9.6.3.20}{\376\377\0009\000.\0006\000.\0003\000.\0002\0000\000\040\000l\000o\000a\000d\000R\000o\000t\000a\000t\000e\000\050\000\051\000\040\000[\0005\000/\0005\000]}{subsection.9.6.3}% 293
\BOOKMARK [3][-]{subsubsection.9.6.3.21}{\376\377\0009\000.\0006\000.\0003\000.\0002\0001\000\040\000l\000o\000a\000d\000R\000o\000t\000a\000t\000e\000X\000\050\000\051}{subsection.9.6.3}% 294
\BOOKMARK [3][-]{subsubsection.9.6.3.22}{\376\377\0009\000.\0006\000.\0003\000.\0002\0002\000\040\000l\000o\000a\000d\000R\000o\000t\000a\000t\000e\000Y\000\050\000\051}{subsection.9.6.3}% 295
\BOOKMARK [3][-]{subsubsection.9.6.3.23}{\376\377\0009\000.\0006\000.\0003\000.\0002\0003\000\040\000l\000o\000a\000d\000R\000o\000t\000a\000t\000e\000Z\000\050\000\051}{subsection.9.6.3}% 296
\BOOKMARK [3][-]{subsubsection.9.6.3.24}{\376\377\0009\000.\0006\000.\0003\000.\0002\0004\000\040\000l\000o\000a\000d\000S\000c\000a\000l\000e\000\050\000\051\000\040\000[\0001\000/\0003\000]}{subsection.9.6.3}% 297
\BOOKMARK [3][-]{subsubsection.9.6.3.25}{\376\377\0009\000.\0006\000.\0003\000.\0002\0005\000\040\000l\000o\000a\000d\000S\000c\000a\000l\000e\000\050\000\051\000\040\000[\0002\000/\0003\000]}{subsection.9.6.3}% 298
\BOOKMARK [3][-]{subsubsection.9.6.3.26}{\376\377\0009\000.\0006\000.\0003\000.\0002\0006\000\040\000l\000o\000a\000d\000S\000c\000a\000l\000e\000\050\000\051\000\040\000[\0003\000/\0003\000]}{subsection.9.6.3}% 299
\BOOKMARK [3][-]{subsubsection.9.6.3.27}{\376\377\0009\000.\0006\000.\0003\000.\0002\0007\000\040\000l\000o\000a\000d\000T\000r\000a\000n\000s\000l\000a\000t\000e\000\050\000\051\000\040\000[\0001\000/\0003\000]}{subsection.9.6.3}% 300
\BOOKMARK [3][-]{subsubsection.9.6.3.28}{\376\377\0009\000.\0006\000.\0003\000.\0002\0008\000\040\000l\000o\000a\000d\000T\000r\000a\000n\000s\000l\000a\000t\000e\000\050\000\051\000\040\000[\0002\000/\0003\000]}{subsection.9.6.3}% 301
\BOOKMARK [3][-]{subsubsection.9.6.3.29}{\376\377\0009\000.\0006\000.\0003\000.\0002\0009\000\040\000l\000o\000a\000d\000T\000r\000a\000n\000s\000l\000a\000t\000e\000\050\000\051\000\040\000[\0003\000/\0003\000]}{subsection.9.6.3}% 302
\BOOKMARK [3][-]{subsubsection.9.6.3.30}{\376\377\0009\000.\0006\000.\0003\000.\0003\0000\000\040\000l\000o\000a\000d\000T\000r\000a\000n\000s\000p\000o\000s\000e\000\050\000\051\000\040\000[\0001\000/\0002\000]}{subsection.9.6.3}% 303
\BOOKMARK [3][-]{subsubsection.9.6.3.31}{\376\377\0009\000.\0006\000.\0003\000.\0003\0001\000\040\000l\000o\000a\000d\000T\000r\000a\000n\000s\000p\000o\000s\000e\000\050\000\051\000\040\000[\0002\000/\0002\000]}{subsection.9.6.3}% 304
\BOOKMARK [3][-]{subsubsection.9.6.3.32}{\376\377\0009\000.\0006\000.\0003\000.\0003\0002\000\040\000l\000o\000o\000k\000a\000t\000\050\000\051\000\040\000[\0001\000/\0003\000]}{subsection.9.6.3}% 305
\BOOKMARK [3][-]{subsubsection.9.6.3.33}{\376\377\0009\000.\0006\000.\0003\000.\0003\0003\000\040\000l\000o\000o\000k\000a\000t\000\050\000\051\000\040\000[\0002\000/\0003\000]}{subsection.9.6.3}% 306
\BOOKMARK [3][-]{subsubsection.9.6.3.34}{\376\377\0009\000.\0006\000.\0003\000.\0003\0004\000\040\000l\000o\000o\000k\000a\000t\000\050\000\051\000\040\000[\0003\000/\0003\000]}{subsection.9.6.3}% 307
\BOOKMARK [3][-]{subsubsection.9.6.3.35}{\376\377\0009\000.\0006\000.\0003\000.\0003\0005\000\040\000n\000o\000r\000m\000a\000l\000\050\000\051}{subsection.9.6.3}% 308
\BOOKMARK [3][-]{subsubsection.9.6.3.36}{\376\377\0009\000.\0006\000.\0003\000.\0003\0006\000\040\000o\000p\000e\000r\000a\000t\000o\000r\000*\000\050\000\051\000\040\000[\0001\000/\0003\000]}{subsection.9.6.3}% 309
\BOOKMARK [3][-]{subsubsection.9.6.3.37}{\376\377\0009\000.\0006\000.\0003\000.\0003\0007\000\040\000o\000p\000e\000r\000a\000t\000o\000r\000*\000\050\000\051\000\040\000[\0002\000/\0003\000]}{subsection.9.6.3}% 310
\BOOKMARK [3][-]{subsubsection.9.6.3.38}{\376\377\0009\000.\0006\000.\0003\000.\0003\0008\000\040\000o\000p\000e\000r\000a\000t\000o\000r\000*\000\050\000\051\000\040\000[\0003\000/\0003\000]}{subsection.9.6.3}% 311
\BOOKMARK [3][-]{subsubsection.9.6.3.39}{\376\377\0009\000.\0006\000.\0003\000.\0003\0009\000\040\000o\000p\000e\000r\000a\000t\000o\000r\000*\000=\000\050\000\051\000\040\000[\0001\000/\0002\000]}{subsection.9.6.3}% 312
\BOOKMARK [3][-]{subsubsection.9.6.3.40}{\376\377\0009\000.\0006\000.\0003\000.\0004\0000\000\040\000o\000p\000e\000r\000a\000t\000o\000r\000*\000=\000\050\000\051\000\040\000[\0002\000/\0002\000]}{subsection.9.6.3}% 313
\BOOKMARK [3][-]{subsubsection.9.6.3.41}{\376\377\0009\000.\0006\000.\0003\000.\0004\0001\000\040\000o\000p\000e\000r\000a\000t\000o\000r\000+\000\050\000\051\000\040\000[\0001\000/\0002\000]}{subsection.9.6.3}% 314
\BOOKMARK [3][-]{subsubsection.9.6.3.42}{\376\377\0009\000.\0006\000.\0003\000.\0004\0002\000\040\000o\000p\000e\000r\000a\000t\000o\000r\000+\000\050\000\051\000\040\000[\0002\000/\0002\000]}{subsection.9.6.3}% 315
\BOOKMARK [3][-]{subsubsection.9.6.3.43}{\376\377\0009\000.\0006\000.\0003\000.\0004\0003\000\040\000o\000p\000e\000r\000a\000t\000o\000r\000+\000=\000\050\000\051\000\040\000[\0001\000/\0002\000]}{subsection.9.6.3}% 316
\BOOKMARK [3][-]{subsubsection.9.6.3.44}{\376\377\0009\000.\0006\000.\0003\000.\0004\0004\000\040\000o\000p\000e\000r\000a\000t\000o\000r\000+\000=\000\050\000\051\000\040\000[\0002\000/\0002\000]}{subsection.9.6.3}% 317
\BOOKMARK [3][-]{subsubsection.9.6.3.45}{\376\377\0009\000.\0006\000.\0003\000.\0004\0005\000\040\000o\000p\000e\000r\000a\000t\000o\000r\000-\000\050\000\051\000\040\000[\0001\000/\0002\000]}{subsection.9.6.3}% 318
\BOOKMARK [3][-]{subsubsection.9.6.3.46}{\376\377\0009\000.\0006\000.\0003\000.\0004\0006\000\040\000o\000p\000e\000r\000a\000t\000o\000r\000-\000\050\000\051\000\040\000[\0002\000/\0002\000]}{subsection.9.6.3}% 319
\BOOKMARK [3][-]{subsubsection.9.6.3.47}{\376\377\0009\000.\0006\000.\0003\000.\0004\0007\000\040\000o\000p\000e\000r\000a\000t\000o\000r\000-\000=\000\050\000\051\000\040\000[\0001\000/\0002\000]}{subsection.9.6.3}% 320
\BOOKMARK [3][-]{subsubsection.9.6.3.48}{\376\377\0009\000.\0006\000.\0003\000.\0004\0008\000\040\000o\000p\000e\000r\000a\000t\000o\000r\000-\000=\000\050\000\051\000\040\000[\0002\000/\0002\000]}{subsection.9.6.3}% 321
\BOOKMARK [3][-]{subsubsection.9.6.3.49}{\376\377\0009\000.\0006\000.\0003\000.\0004\0009\000\040\000o\000p\000e\000r\000a\000t\000o\000r\000/\000\050\000\051\000\040\000[\0001\000/\0002\000]}{subsection.9.6.3}% 322
\BOOKMARK [3][-]{subsubsection.9.6.3.50}{\376\377\0009\000.\0006\000.\0003\000.\0005\0000\000\040\000o\000p\000e\000r\000a\000t\000o\000r\000/\000\050\000\051\000\040\000[\0002\000/\0002\000]}{subsection.9.6.3}% 323
\BOOKMARK [3][-]{subsubsection.9.6.3.51}{\376\377\0009\000.\0006\000.\0003\000.\0005\0001\000\040\000o\000p\000e\000r\000a\000t\000o\000r\000/\000=\000\050\000\051\000\040\000[\0001\000/\0002\000]}{subsection.9.6.3}% 324
\BOOKMARK [3][-]{subsubsection.9.6.3.52}{\376\377\0009\000.\0006\000.\0003\000.\0005\0002\000\040\000o\000p\000e\000r\000a\000t\000o\000r\000/\000=\000\050\000\051\000\040\000[\0002\000/\0002\000]}{subsection.9.6.3}% 325
\BOOKMARK [3][-]{subsubsection.9.6.3.53}{\376\377\0009\000.\0006\000.\0003\000.\0005\0003\000\040\000o\000p\000e\000r\000a\000t\000o\000r\000=\000\050\000\051\000\040\000[\0001\000/\0003\000]}{subsection.9.6.3}% 326
\BOOKMARK [3][-]{subsubsection.9.6.3.54}{\376\377\0009\000.\0006\000.\0003\000.\0005\0004\000\040\000o\000p\000e\000r\000a\000t\000o\000r\000=\000\050\000\051\000\040\000[\0002\000/\0003\000]}{subsection.9.6.3}% 327
\BOOKMARK [3][-]{subsubsection.9.6.3.55}{\376\377\0009\000.\0006\000.\0003\000.\0005\0005\000\040\000o\000p\000e\000r\000a\000t\000o\000r\000=\000\050\000\051\000\040\000[\0003\000/\0003\000]}{subsection.9.6.3}% 328
\BOOKMARK [3][-]{subsubsection.9.6.3.56}{\376\377\0009\000.\0006\000.\0003\000.\0005\0006\000\040\000o\000r\000t\000h\000o\000g\000o\000n\000a\000l\000\050\000\051}{subsection.9.6.3}% 329
\BOOKMARK [3][-]{subsubsection.9.6.3.57}{\376\377\0009\000.\0006\000.\0003\000.\0005\0007\000\040\000p\000e\000r\000s\000p\000e\000c\000t\000i\000v\000e\000\050\000\051}{subsection.9.6.3}% 330
\BOOKMARK [3][-]{subsubsection.9.6.3.58}{\376\377\0009\000.\0006\000.\0003\000.\0005\0008\000\040\000p\000r\000o\000j\000e\000c\000t\000i\000o\000n\000\050\000\051\000\040\000[\0001\000/\0004\000]}{subsection.9.6.3}% 331
\BOOKMARK [3][-]{subsubsection.9.6.3.59}{\376\377\0009\000.\0006\000.\0003\000.\0005\0009\000\040\000p\000r\000o\000j\000e\000c\000t\000i\000o\000n\000\050\000\051\000\040\000[\0002\000/\0004\000]}{subsection.9.6.3}% 332
\BOOKMARK [3][-]{subsubsection.9.6.3.60}{\376\377\0009\000.\0006\000.\0003\000.\0006\0000\000\040\000p\000r\000o\000j\000e\000c\000t\000i\000o\000n\000\050\000\051\000\040\000[\0003\000/\0004\000]}{subsection.9.6.3}% 333
\BOOKMARK [3][-]{subsubsection.9.6.3.61}{\376\377\0009\000.\0006\000.\0003\000.\0006\0001\000\040\000p\000r\000o\000j\000e\000c\000t\000i\000o\000n\000\050\000\051\000\040\000[\0004\000/\0004\000]}{subsection.9.6.3}% 334
\BOOKMARK [3][-]{subsubsection.9.6.3.62}{\376\377\0009\000.\0006\000.\0003\000.\0006\0002\000\040\000r\000o\000t\000a\000t\000e\000\050\000\051\000\040\000[\0001\000/\0005\000]}{subsection.9.6.3}% 335
\BOOKMARK [3][-]{subsubsection.9.6.3.63}{\376\377\0009\000.\0006\000.\0003\000.\0006\0003\000\040\000r\000o\000t\000a\000t\000e\000\050\000\051\000\040\000[\0002\000/\0005\000]}{subsection.9.6.3}% 336
\BOOKMARK [3][-]{subsubsection.9.6.3.64}{\376\377\0009\000.\0006\000.\0003\000.\0006\0004\000\040\000r\000o\000t\000a\000t\000e\000\050\000\051\000\040\000[\0003\000/\0005\000]}{subsection.9.6.3}% 337
\BOOKMARK [3][-]{subsubsection.9.6.3.65}{\376\377\0009\000.\0006\000.\0003\000.\0006\0005\000\040\000r\000o\000t\000a\000t\000e\000\050\000\051\000\040\000[\0004\000/\0005\000]}{subsection.9.6.3}% 338
\BOOKMARK [3][-]{subsubsection.9.6.3.66}{\376\377\0009\000.\0006\000.\0003\000.\0006\0006\000\040\000r\000o\000t\000a\000t\000e\000\050\000\051\000\040\000[\0005\000/\0005\000]}{subsection.9.6.3}% 339
\BOOKMARK [3][-]{subsubsection.9.6.3.67}{\376\377\0009\000.\0006\000.\0003\000.\0006\0007\000\040\000r\000o\000t\000a\000t\000e\000X\000\050\000\051}{subsection.9.6.3}% 340
\BOOKMARK [3][-]{subsubsection.9.6.3.68}{\376\377\0009\000.\0006\000.\0003\000.\0006\0008\000\040\000r\000o\000t\000a\000t\000e\000Y\000\050\000\051}{subsection.9.6.3}% 341
\BOOKMARK [3][-]{subsubsection.9.6.3.69}{\376\377\0009\000.\0006\000.\0003\000.\0006\0009\000\040\000r\000o\000t\000a\000t\000e\000Z\000\050\000\051}{subsection.9.6.3}% 342
\BOOKMARK [3][-]{subsubsection.9.6.3.70}{\376\377\0009\000.\0006\000.\0003\000.\0007\0000\000\040\000s\000c\000a\000l\000e\000\050\000\051\000\040\000[\0001\000/\0003\000]}{subsection.9.6.3}% 343
\BOOKMARK [3][-]{subsubsection.9.6.3.71}{\376\377\0009\000.\0006\000.\0003\000.\0007\0001\000\040\000s\000c\000a\000l\000e\000\050\000\051\000\040\000[\0002\000/\0003\000]}{subsection.9.6.3}% 344
\BOOKMARK [3][-]{subsubsection.9.6.3.72}{\376\377\0009\000.\0006\000.\0003\000.\0007\0002\000\040\000s\000c\000a\000l\000e\000\050\000\051\000\040\000[\0003\000/\0003\000]}{subsection.9.6.3}% 345
\BOOKMARK [3][-]{subsubsection.9.6.3.73}{\376\377\0009\000.\0006\000.\0003\000.\0007\0003\000\040\000t\000r\000a\000n\000s\000l\000a\000t\000e\000\050\000\051\000\040\000[\0001\000/\0003\000]}{subsection.9.6.3}% 346
\BOOKMARK [3][-]{subsubsection.9.6.3.74}{\376\377\0009\000.\0006\000.\0003\000.\0007\0004\000\040\000t\000r\000a\000n\000s\000l\000a\000t\000e\000\050\000\051\000\040\000[\0002\000/\0003\000]}{subsection.9.6.3}% 347
\BOOKMARK [3][-]{subsubsection.9.6.3.75}{\376\377\0009\000.\0006\000.\0003\000.\0007\0005\000\040\000t\000r\000a\000n\000s\000l\000a\000t\000e\000\050\000\051\000\040\000[\0003\000/\0003\000]}{subsection.9.6.3}% 348
\BOOKMARK [3][-]{subsubsection.9.6.3.76}{\376\377\0009\000.\0006\000.\0003\000.\0007\0006\000\040\000t\000r\000a\000n\000s\000p\000o\000s\000e\000\050\000\051}{subsection.9.6.3}% 349
\BOOKMARK [1][-]{section.9.7}{\376\377\0009\000.\0007\000\040\000g\000g\000:\000:\000G\000g\000N\000o\000r\000m\000a\000l\000T\000e\000x\000t\000u\000r\000e\000\040\060\257\060\351\060\271}{chapter.9}% 350
\BOOKMARK [2][-]{subsection.9.7.1}{\376\377\0009\000.\0007\000.\0001\000\040\212\163\211\343}{section.9.7}% 351
\BOOKMARK [2][-]{subsection.9.7.2}{\376\377\0009\000.\0007\000.\0002\000\040\151\313\173\311\133\120\060\150\211\343\117\123\133\120}{section.9.7}% 352
\BOOKMARK [3][-]{subsubsection.9.7.2.1}{\376\377\0009\000.\0007\000.\0002\000.\0001\000\040\000G\000g\000N\000o\000r\000m\000a\000l\000T\000e\000x\000t\000u\000r\000e\000\050\000\051\000\040\000[\0001\000/\0003\000]}{subsection.9.7.2}% 353
\BOOKMARK [3][-]{subsubsection.9.7.2.2}{\376\377\0009\000.\0007\000.\0002\000.\0002\000\040\000G\000g\000N\000o\000r\000m\000a\000l\000T\000e\000x\000t\000u\000r\000e\000\050\000\051\000\040\000[\0002\000/\0003\000]}{subsection.9.7.2}% 354
\BOOKMARK [3][-]{subsubsection.9.7.2.3}{\376\377\0009\000.\0007\000.\0002\000.\0003\000\040\000G\000g\000N\000o\000r\000m\000a\000l\000T\000e\000x\000t\000u\000r\000e\000\050\000\051\000\040\000[\0003\000/\0003\000]}{subsection.9.7.2}% 355
\BOOKMARK [3][-]{subsubsection.9.7.2.4}{\376\377\0009\000.\0007\000.\0002\000.\0004\000\040\000~\000G\000g\000N\000o\000r\000m\000a\000l\000T\000e\000x\000t\000u\000r\000e\000\050\000\051}{subsection.9.7.2}% 356
\BOOKMARK [2][-]{subsection.9.7.3}{\376\377\0009\000.\0007\000.\0003\000\040\225\242\145\160\212\163\211\343}{section.9.7}% 357
\BOOKMARK [3][-]{subsubsection.9.7.3.1}{\376\377\0009\000.\0007\000.\0003\000.\0001\000\040\000b\000i\000n\000d\000\050\000\051}{subsection.9.7.3}% 358
\BOOKMARK [3][-]{subsubsection.9.7.3.2}{\376\377\0009\000.\0007\000.\0003\000.\0002\000\040\000g\000e\000t\000\050\000\051}{subsection.9.7.3}% 359
\BOOKMARK [3][-]{subsubsection.9.7.3.3}{\376\377\0009\000.\0007\000.\0003\000.\0003\000\040\000g\000e\000t\000H\000e\000i\000g\000h\000t\000\050\000\051}{subsection.9.7.3}% 360
\BOOKMARK [3][-]{subsubsection.9.7.3.4}{\376\377\0009\000.\0007\000.\0003\000.\0004\000\040\000g\000e\000t\000S\000i\000z\000e\000\050\000\051\000\040\000[\0001\000/\0002\000]}{subsection.9.7.3}% 361
\BOOKMARK [3][-]{subsubsection.9.7.3.5}{\376\377\0009\000.\0007\000.\0003\000.\0005\000\040\000g\000e\000t\000S\000i\000z\000e\000\050\000\051\000\040\000[\0002\000/\0002\000]}{subsection.9.7.3}% 362
\BOOKMARK [3][-]{subsubsection.9.7.3.6}{\376\377\0009\000.\0007\000.\0003\000.\0006\000\040\000g\000e\000t\000T\000e\000x\000t\000u\000r\000e\000\050\000\051}{subsection.9.7.3}% 363
\BOOKMARK [3][-]{subsubsection.9.7.3.7}{\376\377\0009\000.\0007\000.\0003\000.\0007\000\040\000g\000e\000t\000W\000i\000d\000t\000h\000\050\000\051}{subsection.9.7.3}% 364
\BOOKMARK [3][-]{subsubsection.9.7.3.8}{\376\377\0009\000.\0007\000.\0003\000.\0008\000\040\000l\000o\000a\000d\000\050\000\051\000\040\000[\0001\000/\0002\000]}{subsection.9.7.3}% 365
\BOOKMARK [3][-]{subsubsection.9.7.3.9}{\376\377\0009\000.\0007\000.\0003\000.\0009\000\040\000l\000o\000a\000d\000\050\000\051\000\040\000[\0002\000/\0002\000]}{subsection.9.7.3}% 366
\BOOKMARK [3][-]{subsubsection.9.7.3.10}{\376\377\0009\000.\0007\000.\0003\000.\0001\0000\000\040\000o\000p\000e\000r\000a\000t\000o\000r\000\040\000b\000o\000o\000l\000\050\000\051}{subsection.9.7.3}% 367
\BOOKMARK [3][-]{subsubsection.9.7.3.11}{\376\377\0009\000.\0007\000.\0003\000.\0001\0001\000\040\000o\000p\000e\000r\000a\000t\000o\000r\000!\000\050\000\051}{subsection.9.7.3}% 368
\BOOKMARK [3][-]{subsubsection.9.7.3.12}{\376\377\0009\000.\0007\000.\0003\000.\0001\0002\000\040\000u\000n\000b\000i\000n\000d\000\050\000\051}{subsection.9.7.3}% 369
\BOOKMARK [1][-]{section.9.8}{\376\377\0009\000.\0008\000\040\000g\000g\000:\000:\000G\000g\000P\000o\000i\000n\000t\000s\000\040\060\257\060\351\060\271}{chapter.9}% 370
\BOOKMARK [2][-]{subsection.9.8.1}{\376\377\0009\000.\0008\000.\0001\000\040\212\163\211\343}{section.9.8}% 371
\BOOKMARK [2][-]{subsection.9.8.2}{\376\377\0009\000.\0008\000.\0002\000\040\151\313\173\311\133\120\060\150\211\343\117\123\133\120}{section.9.8}% 372
\BOOKMARK [3][-]{subsubsection.9.8.2.1}{\376\377\0009\000.\0008\000.\0002\000.\0001\000\040\000G\000g\000P\000o\000i\000n\000t\000s\000\050\000\051\000\040\000[\0001\000/\0002\000]}{subsection.9.8.2}% 373
\BOOKMARK [3][-]{subsubsection.9.8.2.2}{\376\377\0009\000.\0008\000.\0002\000.\0002\000\040\000G\000g\000P\000o\000i\000n\000t\000s\000\050\000\051\000\040\000[\0002\000/\0002\000]}{subsection.9.8.2}% 374
\BOOKMARK [3][-]{subsubsection.9.8.2.3}{\376\377\0009\000.\0008\000.\0002\000.\0003\000\040\000~\000G\000g\000P\000o\000i\000n\000t\000s\000\050\000\051}{subsection.9.8.2}% 375
\BOOKMARK [2][-]{subsection.9.8.3}{\376\377\0009\000.\0008\000.\0003\000\040\225\242\145\160\212\163\211\343}{section.9.8}% 376
\BOOKMARK [3][-]{subsubsection.9.8.3.1}{\376\377\0009\000.\0008\000.\0003\000.\0001\000\040\000d\000r\000a\000w\000\050\000\051}{subsection.9.8.3}% 377
\BOOKMARK [3][-]{subsubsection.9.8.3.2}{\376\377\0009\000.\0008\000.\0003\000.\0002\000\040\000g\000e\000t\000B\000u\000f\000f\000e\000r\000\050\000\051}{subsection.9.8.3}% 378
\BOOKMARK [3][-]{subsubsection.9.8.3.3}{\376\377\0009\000.\0008\000.\0003\000.\0003\000\040\000g\000e\000t\000C\000o\000u\000n\000t\000\050\000\051}{subsection.9.8.3}% 379
\BOOKMARK [3][-]{subsubsection.9.8.3.4}{\376\377\0009\000.\0008\000.\0003\000.\0004\000\040\000l\000o\000a\000d\000\050\000\051}{subsection.9.8.3}% 380
\BOOKMARK [3][-]{subsubsection.9.8.3.5}{\376\377\0009\000.\0008\000.\0003\000.\0005\000\040\000o\000p\000e\000r\000a\000t\000o\000r\000\040\000b\000o\000o\000l\000\050\000\051}{subsection.9.8.3}% 381
\BOOKMARK [3][-]{subsubsection.9.8.3.6}{\376\377\0009\000.\0008\000.\0003\000.\0006\000\040\000o\000p\000e\000r\000a\000t\000o\000r\000!\000\050\000\051}{subsection.9.8.3}% 382
\BOOKMARK [3][-]{subsubsection.9.8.3.7}{\376\377\0009\000.\0008\000.\0003\000.\0007\000\040\000s\000e\000n\000d\000\050\000\051}{subsection.9.8.3}% 383
\BOOKMARK [1][-]{section.9.9}{\376\377\0009\000.\0009\000\040\000g\000g\000:\000:\000G\000g\000P\000o\000i\000n\000t\000S\000h\000a\000d\000e\000r\000\040\060\257\060\351\060\271}{chapter.9}% 384
\BOOKMARK [2][-]{subsection.9.9.1}{\376\377\0009\000.\0009\000.\0001\000\040\212\163\211\343}{section.9.9}% 385
\BOOKMARK [2][-]{subsection.9.9.2}{\376\377\0009\000.\0009\000.\0002\000\040\151\313\173\311\133\120\060\150\211\343\117\123\133\120}{section.9.9}% 386
\BOOKMARK [3][-]{subsubsection.9.9.2.1}{\376\377\0009\000.\0009\000.\0002\000.\0001\000\040\000G\000g\000P\000o\000i\000n\000t\000S\000h\000a\000d\000e\000r\000\050\000\051\000\040\000[\0001\000/\0003\000]}{subsection.9.9.2}% 387
\BOOKMARK [3][-]{subsubsection.9.9.2.2}{\376\377\0009\000.\0009\000.\0002\000.\0002\000\040\000G\000g\000P\000o\000i\000n\000t\000S\000h\000a\000d\000e\000r\000\050\000\051\000\040\000[\0002\000/\0003\000]}{subsection.9.9.2}% 388
\BOOKMARK [3][-]{subsubsection.9.9.2.3}{\376\377\0009\000.\0009\000.\0002\000.\0003\000\040\000G\000g\000P\000o\000i\000n\000t\000S\000h\000a\000d\000e\000r\000\050\000\051\000\040\000[\0003\000/\0003\000]}{subsection.9.9.2}% 389
\BOOKMARK [3][-]{subsubsection.9.9.2.4}{\376\377\0009\000.\0009\000.\0002\000.\0004\000\040\000~\000G\000g\000P\000o\000i\000n\000t\000S\000h\000a\000d\000e\000r\000\050\000\051}{subsection.9.9.2}% 390
\BOOKMARK [2][-]{subsection.9.9.3}{\376\377\0009\000.\0009\000.\0003\000\040\225\242\145\160\212\163\211\343}{section.9.9}% 391
\BOOKMARK [3][-]{subsubsection.9.9.3.1}{\376\377\0009\000.\0009\000.\0003\000.\0001\000\040\000g\000e\000t\000\050\000\051}{subsection.9.9.3}% 392
\BOOKMARK [3][-]{subsubsection.9.9.3.2}{\376\377\0009\000.\0009\000.\0003\000.\0002\000\040\000l\000o\000a\000d\000\050\000\051\000\040\000[\0001\000/\0002\000]}{subsection.9.9.3}% 393
\BOOKMARK [3][-]{subsubsection.9.9.3.3}{\376\377\0009\000.\0009\000.\0003\000.\0003\000\040\000l\000o\000a\000d\000\050\000\051\000\040\000[\0002\000/\0002\000]}{subsection.9.9.3}% 394
\BOOKMARK [3][-]{subsubsection.9.9.3.4}{\376\377\0009\000.\0009\000.\0003\000.\0004\000\040\000l\000o\000a\000d\000M\000a\000t\000r\000i\000x\000\050\000\051\000\040\000[\0001\000/\0002\000]}{subsection.9.9.3}% 395
\BOOKMARK [3][-]{subsubsection.9.9.3.5}{\376\377\0009\000.\0009\000.\0003\000.\0005\000\040\000l\000o\000a\000d\000M\000a\000t\000r\000i\000x\000\050\000\051\000\040\000[\0002\000/\0002\000]}{subsection.9.9.3}% 396
\BOOKMARK [3][-]{subsubsection.9.9.3.6}{\376\377\0009\000.\0009\000.\0003\000.\0006\000\040\000l\000o\000a\000d\000M\000o\000d\000e\000l\000v\000i\000e\000w\000M\000a\000t\000r\000i\000x\000\050\000\051\000\040\000[\0001\000/\0002\000]}{subsection.9.9.3}% 397
\BOOKMARK [3][-]{subsubsection.9.9.3.7}{\376\377\0009\000.\0009\000.\0003\000.\0007\000\040\000l\000o\000a\000d\000M\000o\000d\000e\000l\000v\000i\000e\000w\000M\000a\000t\000r\000i\000x\000\050\000\051\000\040\000[\0002\000/\0002\000]}{subsection.9.9.3}% 398
\BOOKMARK [3][-]{subsubsection.9.9.3.8}{\376\377\0009\000.\0009\000.\0003\000.\0008\000\040\000l\000o\000a\000d\000P\000r\000o\000j\000e\000c\000t\000i\000o\000n\000M\000a\000t\000r\000i\000x\000\050\000\051\000\040\000[\0001\000/\0002\000]}{subsection.9.9.3}% 399
\BOOKMARK [3][-]{subsubsection.9.9.3.9}{\376\377\0009\000.\0009\000.\0003\000.\0009\000\040\000l\000o\000a\000d\000P\000r\000o\000j\000e\000c\000t\000i\000o\000n\000M\000a\000t\000r\000i\000x\000\050\000\051\000\040\000[\0002\000/\0002\000]}{subsection.9.9.3}% 400
\BOOKMARK [3][-]{subsubsection.9.9.3.10}{\376\377\0009\000.\0009\000.\0003\000.\0001\0000\000\040\000u\000n\000u\000s\000e\000\050\000\051}{subsection.9.9.3}% 401
\BOOKMARK [3][-]{subsubsection.9.9.3.11}{\376\377\0009\000.\0009\000.\0003\000.\0001\0001\000\040\000u\000s\000e\000\050\000\051\000\040\000[\0001\000/\0005\000]}{subsection.9.9.3}% 402
\BOOKMARK [3][-]{subsubsection.9.9.3.12}{\376\377\0009\000.\0009\000.\0003\000.\0001\0002\000\040\000u\000s\000e\000\050\000\051\000\040\000[\0002\000/\0005\000]}{subsection.9.9.3}% 403
\BOOKMARK [3][-]{subsubsection.9.9.3.13}{\376\377\0009\000.\0009\000.\0003\000.\0001\0003\000\040\000u\000s\000e\000\050\000\051\000\040\000[\0003\000/\0005\000]}{subsection.9.9.3}% 404
\BOOKMARK [3][-]{subsubsection.9.9.3.14}{\376\377\0009\000.\0009\000.\0003\000.\0001\0004\000\040\000u\000s\000e\000\050\000\051\000\040\000[\0004\000/\0005\000]}{subsection.9.9.3}% 405
\BOOKMARK [3][-]{subsubsection.9.9.3.15}{\376\377\0009\000.\0009\000.\0003\000.\0001\0005\000\040\000u\000s\000e\000\050\000\051\000\040\000[\0005\000/\0005\000]}{subsection.9.9.3}% 406
\BOOKMARK [1][-]{section.9.10}{\376\377\0009\000.\0001\0000\000\040\000g\000g\000:\000:\000G\000g\000Q\000u\000a\000t\000e\000r\000n\000i\000o\000n\000\040\060\257\060\351\060\271}{chapter.9}% 407
\BOOKMARK [2][-]{subsection.9.10.1}{\376\377\0009\000.\0001\0000\000.\0001\000\040\212\163\211\343}{section.9.10}% 408
\BOOKMARK [2][-]{subsection.9.10.2}{\376\377\0009\000.\0001\0000\000.\0002\000\040\151\313\173\311\133\120\060\150\211\343\117\123\133\120}{section.9.10}% 409
\BOOKMARK [3][-]{subsubsection.9.10.2.1}{\376\377\0009\000.\0001\0000\000.\0002\000.\0001\000\040\000G\000g\000Q\000u\000a\000t\000e\000r\000n\000i\000o\000n\000\050\000\051\000\040\000[\0001\000/\0007\000]}{subsection.9.10.2}% 410
\BOOKMARK [3][-]{subsubsection.9.10.2.2}{\376\377\0009\000.\0001\0000\000.\0002\000.\0002\000\040\000G\000g\000Q\000u\000a\000t\000e\000r\000n\000i\000o\000n\000\050\000\051\000\040\000[\0002\000/\0007\000]}{subsection.9.10.2}% 411
\BOOKMARK [3][-]{subsubsection.9.10.2.3}{\376\377\0009\000.\0001\0000\000.\0002\000.\0003\000\040\000G\000g\000Q\000u\000a\000t\000e\000r\000n\000i\000o\000n\000\050\000\051\000\040\000[\0003\000/\0007\000]}{subsection.9.10.2}% 412
\BOOKMARK [3][-]{subsubsection.9.10.2.4}{\376\377\0009\000.\0001\0000\000.\0002\000.\0004\000\040\000G\000g\000Q\000u\000a\000t\000e\000r\000n\000i\000o\000n\000\050\000\051\000\040\000[\0004\000/\0007\000]}{subsection.9.10.2}% 413
\BOOKMARK [3][-]{subsubsection.9.10.2.5}{\376\377\0009\000.\0001\0000\000.\0002\000.\0005\000\040\000G\000g\000Q\000u\000a\000t\000e\000r\000n\000i\000o\000n\000\050\000\051\000\040\000[\0005\000/\0007\000]}{subsection.9.10.2}% 414
\BOOKMARK [3][-]{subsubsection.9.10.2.6}{\376\377\0009\000.\0001\0000\000.\0002\000.\0006\000\040\000G\000g\000Q\000u\000a\000t\000e\000r\000n\000i\000o\000n\000\050\000\051\000\040\000[\0006\000/\0007\000]}{subsection.9.10.2}% 415
\BOOKMARK [3][-]{subsubsection.9.10.2.7}{\376\377\0009\000.\0001\0000\000.\0002\000.\0007\000\040\000G\000g\000Q\000u\000a\000t\000e\000r\000n\000i\000o\000n\000\050\000\051\000\040\000[\0007\000/\0007\000]}{subsection.9.10.2}% 416
\BOOKMARK [3][-]{subsubsection.9.10.2.8}{\376\377\0009\000.\0001\0000\000.\0002\000.\0008\000\040\000~\000G\000g\000Q\000u\000a\000t\000e\000r\000n\000i\000o\000n\000\050\000\051}{subsection.9.10.2}% 417
\BOOKMARK [2][-]{subsection.9.10.3}{\376\377\0009\000.\0001\0000\000.\0003\000\040\225\242\145\160\212\163\211\343}{section.9.10}% 418
\BOOKMARK [3][-]{subsubsection.9.10.3.1}{\376\377\0009\000.\0001\0000\000.\0003\000.\0001\000\040\000a\000d\000d\000\050\000\051\000\040\000[\0001\000/\0004\000]}{subsection.9.10.3}% 419
\BOOKMARK [3][-]{subsubsection.9.10.3.2}{\376\377\0009\000.\0001\0000\000.\0003\000.\0002\000\040\000a\000d\000d\000\050\000\051\000\040\000[\0002\000/\0004\000]}{subsection.9.10.3}% 420
\BOOKMARK [3][-]{subsubsection.9.10.3.3}{\376\377\0009\000.\0001\0000\000.\0003\000.\0003\000\040\000a\000d\000d\000\050\000\051\000\040\000[\0003\000/\0004\000]}{subsection.9.10.3}% 421
\BOOKMARK [3][-]{subsubsection.9.10.3.4}{\376\377\0009\000.\0001\0000\000.\0003\000.\0004\000\040\000a\000d\000d\000\050\000\051\000\040\000[\0004\000/\0004\000]}{subsection.9.10.3}% 422
\BOOKMARK [3][-]{subsubsection.9.10.3.5}{\376\377\0009\000.\0001\0000\000.\0003\000.\0005\000\040\000c\000o\000n\000j\000u\000g\000a\000t\000e\000\050\000\051}{subsection.9.10.3}% 423
\BOOKMARK [3][-]{subsubsection.9.10.3.6}{\376\377\0009\000.\0001\0000\000.\0003\000.\0006\000\040\000d\000i\000v\000i\000d\000e\000\050\000\051\000\040\000[\0001\000/\0004\000]}{subsection.9.10.3}% 424
\BOOKMARK [3][-]{subsubsection.9.10.3.7}{\376\377\0009\000.\0001\0000\000.\0003\000.\0007\000\040\000d\000i\000v\000i\000d\000e\000\050\000\051\000\040\000[\0002\000/\0004\000]}{subsection.9.10.3}% 425
\BOOKMARK [3][-]{subsubsection.9.10.3.8}{\376\377\0009\000.\0001\0000\000.\0003\000.\0008\000\040\000d\000i\000v\000i\000d\000e\000\050\000\051\000\040\000[\0003\000/\0004\000]}{subsection.9.10.3}% 426
\BOOKMARK [3][-]{subsubsection.9.10.3.9}{\376\377\0009\000.\0001\0000\000.\0003\000.\0009\000\040\000d\000i\000v\000i\000d\000e\000\050\000\051\000\040\000[\0004\000/\0004\000]}{subsection.9.10.3}% 427
\BOOKMARK [3][-]{subsubsection.9.10.3.10}{\376\377\0009\000.\0001\0000\000.\0003\000.\0001\0000\000\040\000e\000u\000l\000e\000r\000\050\000\051\000\040\000[\0001\000/\0003\000]}{subsection.9.10.3}% 428
\BOOKMARK [3][-]{subsubsection.9.10.3.11}{\376\377\0009\000.\0001\0000\000.\0003\000.\0001\0001\000\040\000e\000u\000l\000e\000r\000\050\000\051\000\040\000[\0002\000/\0003\000]}{subsection.9.10.3}% 429
\BOOKMARK [3][-]{subsubsection.9.10.3.12}{\376\377\0009\000.\0001\0000\000.\0003\000.\0001\0002\000\040\000e\000u\000l\000e\000r\000\050\000\051\000\040\000[\0003\000/\0003\000]}{subsection.9.10.3}% 430
\BOOKMARK [3][-]{subsubsection.9.10.3.13}{\376\377\0009\000.\0001\0000\000.\0003\000.\0001\0003\000\040\000g\000e\000t\000\050\000\051}{subsection.9.10.3}% 431
\BOOKMARK [3][-]{subsubsection.9.10.3.14}{\376\377\0009\000.\0001\0000\000.\0003\000.\0001\0004\000\040\000g\000e\000t\000C\000o\000n\000j\000u\000g\000a\000t\000e\000M\000a\000t\000r\000i\000x\000\050\000\051\000\040\000[\0001\000/\0003\000]}{subsection.9.10.3}% 432
\BOOKMARK [3][-]{subsubsection.9.10.3.15}{\376\377\0009\000.\0001\0000\000.\0003\000.\0001\0005\000\040\000g\000e\000t\000C\000o\000n\000j\000u\000g\000a\000t\000e\000M\000a\000t\000r\000i\000x\000\050\000\051\000\040\000[\0002\000/\0003\000]}{subsection.9.10.3}% 433
\BOOKMARK [3][-]{subsubsection.9.10.3.16}{\376\377\0009\000.\0001\0000\000.\0003\000.\0001\0006\000\040\000g\000e\000t\000C\000o\000n\000j\000u\000g\000a\000t\000e\000M\000a\000t\000r\000i\000x\000\050\000\051\000\040\000[\0003\000/\0003\000]}{subsection.9.10.3}% 434
\BOOKMARK [3][-]{subsubsection.9.10.3.17}{\376\377\0009\000.\0001\0000\000.\0003\000.\0001\0007\000\040\000g\000e\000t\000M\000a\000t\000r\000i\000x\000\050\000\051\000\040\000[\0001\000/\0003\000]}{subsection.9.10.3}% 435
\BOOKMARK [3][-]{subsubsection.9.10.3.18}{\376\377\0009\000.\0001\0000\000.\0003\000.\0001\0008\000\040\000g\000e\000t\000M\000a\000t\000r\000i\000x\000\050\000\051\000\040\000[\0002\000/\0003\000]}{subsection.9.10.3}% 436
\BOOKMARK [3][-]{subsubsection.9.10.3.19}{\376\377\0009\000.\0001\0000\000.\0003\000.\0001\0009\000\040\000g\000e\000t\000M\000a\000t\000r\000i\000x\000\050\000\051\000\040\000[\0003\000/\0003\000]}{subsection.9.10.3}% 437
\BOOKMARK [3][-]{subsubsection.9.10.3.20}{\376\377\0009\000.\0001\0000\000.\0003\000.\0002\0000\000\040\000i\000n\000v\000e\000r\000t\000\050\000\051}{subsection.9.10.3}% 438
\BOOKMARK [3][-]{subsubsection.9.10.3.21}{\376\377\0009\000.\0001\0000\000.\0003\000.\0002\0001\000\040\000l\000o\000a\000d\000A\000d\000d\000\050\000\051\000\040\000[\0001\000/\0004\000]}{subsection.9.10.3}% 439
\BOOKMARK [3][-]{subsubsection.9.10.3.22}{\376\377\0009\000.\0001\0000\000.\0003\000.\0002\0002\000\040\000l\000o\000a\000d\000A\000d\000d\000\050\000\051\000\040\000[\0002\000/\0004\000]}{subsection.9.10.3}% 440
\BOOKMARK [3][-]{subsubsection.9.10.3.23}{\376\377\0009\000.\0001\0000\000.\0003\000.\0002\0003\000\040\000l\000o\000a\000d\000A\000d\000d\000\050\000\051\000\040\000[\0003\000/\0004\000]}{subsection.9.10.3}% 441
\BOOKMARK [3][-]{subsubsection.9.10.3.24}{\376\377\0009\000.\0001\0000\000.\0003\000.\0002\0004\000\040\000l\000o\000a\000d\000A\000d\000d\000\050\000\051\000\040\000[\0004\000/\0004\000]}{subsection.9.10.3}% 442
\BOOKMARK [3][-]{subsubsection.9.10.3.25}{\376\377\0009\000.\0001\0000\000.\0003\000.\0002\0005\000\040\000l\000o\000a\000d\000C\000o\000n\000j\000u\000g\000a\000t\000e\000\050\000\051\000\040\000[\0001\000/\0002\000]}{subsection.9.10.3}% 443
\BOOKMARK [3][-]{subsubsection.9.10.3.26}{\376\377\0009\000.\0001\0000\000.\0003\000.\0002\0006\000\040\000l\000o\000a\000d\000C\000o\000n\000j\000u\000g\000a\000t\000e\000\050\000\051\000\040\000[\0002\000/\0002\000]}{subsection.9.10.3}% 444
\BOOKMARK [3][-]{subsubsection.9.10.3.27}{\376\377\0009\000.\0001\0000\000.\0003\000.\0002\0007\000\040\000l\000o\000a\000d\000D\000i\000v\000i\000d\000e\000\050\000\051\000\040\000[\0001\000/\0004\000]}{subsection.9.10.3}% 445
\BOOKMARK [3][-]{subsubsection.9.10.3.28}{\376\377\0009\000.\0001\0000\000.\0003\000.\0002\0008\000\040\000l\000o\000a\000d\000D\000i\000v\000i\000d\000e\000\050\000\051\000\040\000[\0002\000/\0004\000]}{subsection.9.10.3}% 446
\BOOKMARK [3][-]{subsubsection.9.10.3.29}{\376\377\0009\000.\0001\0000\000.\0003\000.\0002\0009\000\040\000l\000o\000a\000d\000D\000i\000v\000i\000d\000e\000\050\000\051\000\040\000[\0003\000/\0004\000]}{subsection.9.10.3}% 447
\BOOKMARK [3][-]{subsubsection.9.10.3.30}{\376\377\0009\000.\0001\0000\000.\0003\000.\0003\0000\000\040\000l\000o\000a\000d\000D\000i\000v\000i\000d\000e\000\050\000\051\000\040\000[\0004\000/\0004\000]}{subsection.9.10.3}% 448
\BOOKMARK [3][-]{subsubsection.9.10.3.31}{\376\377\0009\000.\0001\0000\000.\0003\000.\0003\0001\000\040\000l\000o\000a\000d\000E\000u\000l\000e\000r\000\050\000\051\000\040\000[\0001\000/\0002\000]}{subsection.9.10.3}% 449
\BOOKMARK [3][-]{subsubsection.9.10.3.32}{\376\377\0009\000.\0001\0000\000.\0003\000.\0003\0002\000\040\000l\000o\000a\000d\000E\000u\000l\000e\000r\000\050\000\051\000\040\000[\0002\000/\0002\000]}{subsection.9.10.3}% 450
\BOOKMARK [3][-]{subsubsection.9.10.3.33}{\376\377\0009\000.\0001\0000\000.\0003\000.\0003\0003\000\040\000l\000o\000a\000d\000I\000d\000e\000n\000t\000i\000t\000y\000\050\000\051}{subsection.9.10.3}% 451
\BOOKMARK [3][-]{subsubsection.9.10.3.34}{\376\377\0009\000.\0001\0000\000.\0003\000.\0003\0004\000\040\000l\000o\000a\000d\000I\000n\000v\000e\000r\000t\000\050\000\051\000\040\000[\0001\000/\0002\000]}{subsection.9.10.3}% 452
\BOOKMARK [3][-]{subsubsection.9.10.3.35}{\376\377\0009\000.\0001\0000\000.\0003\000.\0003\0005\000\040\000l\000o\000a\000d\000I\000n\000v\000e\000r\000t\000\050\000\051\000\040\000[\0002\000/\0002\000]}{subsection.9.10.3}% 453
\BOOKMARK [3][-]{subsubsection.9.10.3.36}{\376\377\0009\000.\0001\0000\000.\0003\000.\0003\0006\000\040\000l\000o\000a\000d\000M\000a\000t\000r\000i\000x\000\050\000\051\000\040\000[\0001\000/\0002\000]}{subsection.9.10.3}% 454
\BOOKMARK [3][-]{subsubsection.9.10.3.37}{\376\377\0009\000.\0001\0000\000.\0003\000.\0003\0007\000\040\000l\000o\000a\000d\000M\000a\000t\000r\000i\000x\000\050\000\051\000\040\000[\0002\000/\0002\000]}{subsection.9.10.3}% 455
\BOOKMARK [3][-]{subsubsection.9.10.3.38}{\376\377\0009\000.\0001\0000\000.\0003\000.\0003\0008\000\040\000l\000o\000a\000d\000M\000u\000l\000t\000i\000p\000l\000y\000\050\000\051\000\040\000[\0001\000/\0004\000]}{subsection.9.10.3}% 456
\BOOKMARK [3][-]{subsubsection.9.10.3.39}{\376\377\0009\000.\0001\0000\000.\0003\000.\0003\0009\000\040\000l\000o\000a\000d\000M\000u\000l\000t\000i\000p\000l\000y\000\050\000\051\000\040\000[\0002\000/\0004\000]}{subsection.9.10.3}% 457
\BOOKMARK [3][-]{subsubsection.9.10.3.40}{\376\377\0009\000.\0001\0000\000.\0003\000.\0004\0000\000\040\000l\000o\000a\000d\000M\000u\000l\000t\000i\000p\000l\000y\000\050\000\051\000\040\000[\0003\000/\0004\000]}{subsection.9.10.3}% 458
\BOOKMARK [3][-]{subsubsection.9.10.3.41}{\376\377\0009\000.\0001\0000\000.\0003\000.\0004\0001\000\040\000l\000o\000a\000d\000M\000u\000l\000t\000i\000p\000l\000y\000\050\000\051\000\040\000[\0004\000/\0004\000]}{subsection.9.10.3}% 459
\BOOKMARK [3][-]{subsubsection.9.10.3.42}{\376\377\0009\000.\0001\0000\000.\0003\000.\0004\0002\000\040\000l\000o\000a\000d\000N\000o\000r\000m\000a\000l\000i\000z\000e\000\050\000\051\000\040\000[\0001\000/\0002\000]}{subsection.9.10.3}% 460
\BOOKMARK [3][-]{subsubsection.9.10.3.43}{\376\377\0009\000.\0001\0000\000.\0003\000.\0004\0003\000\040\000l\000o\000a\000d\000N\000o\000r\000m\000a\000l\000i\000z\000e\000\050\000\051\000\040\000[\0002\000/\0002\000]}{subsection.9.10.3}% 461
\BOOKMARK [3][-]{subsubsection.9.10.3.44}{\376\377\0009\000.\0001\0000\000.\0003\000.\0004\0004\000\040\000l\000o\000a\000d\000R\000o\000t\000a\000t\000e\000\050\000\051\000\040\000[\0001\000/\0003\000]}{subsection.9.10.3}% 462
\BOOKMARK [3][-]{subsubsection.9.10.3.45}{\376\377\0009\000.\0001\0000\000.\0003\000.\0004\0005\000\040\000l\000o\000a\000d\000R\000o\000t\000a\000t\000e\000\050\000\051\000\040\000[\0002\000/\0003\000]}{subsection.9.10.3}% 463
\BOOKMARK [3][-]{subsubsection.9.10.3.46}{\376\377\0009\000.\0001\0000\000.\0003\000.\0004\0006\000\040\000l\000o\000a\000d\000R\000o\000t\000a\000t\000e\000\050\000\051\000\040\000[\0003\000/\0003\000]}{subsection.9.10.3}% 464
\BOOKMARK [3][-]{subsubsection.9.10.3.47}{\376\377\0009\000.\0001\0000\000.\0003\000.\0004\0007\000\040\000l\000o\000a\000d\000R\000o\000t\000a\000t\000e\000X\000\050\000\051}{subsection.9.10.3}% 465
\BOOKMARK [3][-]{subsubsection.9.10.3.48}{\376\377\0009\000.\0001\0000\000.\0003\000.\0004\0008\000\040\000l\000o\000a\000d\000R\000o\000t\000a\000t\000e\000Y\000\050\000\051}{subsection.9.10.3}% 466
\BOOKMARK [3][-]{subsubsection.9.10.3.49}{\376\377\0009\000.\0001\0000\000.\0003\000.\0004\0009\000\040\000l\000o\000a\000d\000R\000o\000t\000a\000t\000e\000Z\000\050\000\051}{subsection.9.10.3}% 467
\BOOKMARK [3][-]{subsubsection.9.10.3.50}{\376\377\0009\000.\0001\0000\000.\0003\000.\0005\0000\000\040\000l\000o\000a\000d\000S\000l\000e\000r\000p\000\050\000\051\000\040\000[\0001\000/\0004\000]}{subsection.9.10.3}% 468
\BOOKMARK [3][-]{subsubsection.9.10.3.51}{\376\377\0009\000.\0001\0000\000.\0003\000.\0005\0001\000\040\000l\000o\000a\000d\000S\000l\000e\000r\000p\000\050\000\051\000\040\000[\0002\000/\0004\000]}{subsection.9.10.3}% 469
\BOOKMARK [3][-]{subsubsection.9.10.3.52}{\376\377\0009\000.\0001\0000\000.\0003\000.\0005\0002\000\040\000l\000o\000a\000d\000S\000l\000e\000r\000p\000\050\000\051\000\040\000[\0003\000/\0004\000]}{subsection.9.10.3}% 470
\BOOKMARK [3][-]{subsubsection.9.10.3.53}{\376\377\0009\000.\0001\0000\000.\0003\000.\0005\0003\000\040\000l\000o\000a\000d\000S\000l\000e\000r\000p\000\050\000\051\000\040\000[\0004\000/\0004\000]}{subsection.9.10.3}% 471
\BOOKMARK [3][-]{subsubsection.9.10.3.54}{\376\377\0009\000.\0001\0000\000.\0003\000.\0005\0004\000\040\000l\000o\000a\000d\000S\000u\000b\000t\000r\000a\000c\000t\000\050\000\051\000\040\000[\0001\000/\0004\000]}{subsection.9.10.3}% 472
\BOOKMARK [3][-]{subsubsection.9.10.3.55}{\376\377\0009\000.\0001\0000\000.\0003\000.\0005\0005\000\040\000l\000o\000a\000d\000S\000u\000b\000t\000r\000a\000c\000t\000\050\000\051\000\040\000[\0002\000/\0004\000]}{subsection.9.10.3}% 473
\BOOKMARK [3][-]{subsubsection.9.10.3.56}{\376\377\0009\000.\0001\0000\000.\0003\000.\0005\0006\000\040\000l\000o\000a\000d\000S\000u\000b\000t\000r\000a\000c\000t\000\050\000\051\000\040\000[\0003\000/\0004\000]}{subsection.9.10.3}% 474
\BOOKMARK [3][-]{subsubsection.9.10.3.57}{\376\377\0009\000.\0001\0000\000.\0003\000.\0005\0007\000\040\000l\000o\000a\000d\000S\000u\000b\000t\000r\000a\000c\000t\000\050\000\051\000\040\000[\0004\000/\0004\000]}{subsection.9.10.3}% 475
\BOOKMARK [3][-]{subsubsection.9.10.3.58}{\376\377\0009\000.\0001\0000\000.\0003\000.\0005\0008\000\040\000m\000u\000l\000t\000i\000p\000l\000y\000\050\000\051\000\040\000[\0001\000/\0004\000]}{subsection.9.10.3}% 476
\BOOKMARK [3][-]{subsubsection.9.10.3.59}{\376\377\0009\000.\0001\0000\000.\0003\000.\0005\0009\000\040\000m\000u\000l\000t\000i\000p\000l\000y\000\050\000\051\000\040\000[\0002\000/\0004\000]}{subsection.9.10.3}% 477
\BOOKMARK [3][-]{subsubsection.9.10.3.60}{\376\377\0009\000.\0001\0000\000.\0003\000.\0006\0000\000\040\000m\000u\000l\000t\000i\000p\000l\000y\000\050\000\051\000\040\000[\0003\000/\0004\000]}{subsection.9.10.3}% 478
\BOOKMARK [3][-]{subsubsection.9.10.3.61}{\376\377\0009\000.\0001\0000\000.\0003\000.\0006\0001\000\040\000m\000u\000l\000t\000i\000p\000l\000y\000\050\000\051\000\040\000[\0004\000/\0004\000]}{subsection.9.10.3}% 479
\BOOKMARK [3][-]{subsubsection.9.10.3.62}{\376\377\0009\000.\0001\0000\000.\0003\000.\0006\0002\000\040\000n\000o\000r\000m\000\050\000\051}{subsection.9.10.3}% 480
\BOOKMARK [3][-]{subsubsection.9.10.3.63}{\376\377\0009\000.\0001\0000\000.\0003\000.\0006\0003\000\040\000n\000o\000r\000m\000a\000l\000i\000z\000e\000\050\000\051}{subsection.9.10.3}% 481
\BOOKMARK [3][-]{subsubsection.9.10.3.64}{\376\377\0009\000.\0001\0000\000.\0003\000.\0006\0004\000\040\000o\000p\000e\000r\000a\000t\000o\000r\000*\000\050\000\051\000\040\000[\0001\000/\0003\000]}{subsection.9.10.3}% 482
\BOOKMARK [3][-]{subsubsection.9.10.3.65}{\376\377\0009\000.\0001\0000\000.\0003\000.\0006\0005\000\040\000o\000p\000e\000r\000a\000t\000o\000r\000*\000\050\000\051\000\040\000[\0002\000/\0003\000]}{subsection.9.10.3}% 483
\BOOKMARK [3][-]{subsubsection.9.10.3.66}{\376\377\0009\000.\0001\0000\000.\0003\000.\0006\0006\000\040\000o\000p\000e\000r\000a\000t\000o\000r\000*\000\050\000\051\000\040\000[\0003\000/\0003\000]}{subsection.9.10.3}% 484
\BOOKMARK [3][-]{subsubsection.9.10.3.67}{\376\377\0009\000.\0001\0000\000.\0003\000.\0006\0007\000\040\000o\000p\000e\000r\000a\000t\000o\000r\000*\000=\000\050\000\051\000\040\000[\0001\000/\0003\000]}{subsection.9.10.3}% 485
\BOOKMARK [3][-]{subsubsection.9.10.3.68}{\376\377\0009\000.\0001\0000\000.\0003\000.\0006\0008\000\040\000o\000p\000e\000r\000a\000t\000o\000r\000*\000=\000\050\000\051\000\040\000[\0002\000/\0003\000]}{subsection.9.10.3}% 486
\BOOKMARK [3][-]{subsubsection.9.10.3.69}{\376\377\0009\000.\0001\0000\000.\0003\000.\0006\0009\000\040\000o\000p\000e\000r\000a\000t\000o\000r\000*\000=\000\050\000\051\000\040\000[\0003\000/\0003\000]}{subsection.9.10.3}% 487
\BOOKMARK [3][-]{subsubsection.9.10.3.70}{\376\377\0009\000.\0001\0000\000.\0003\000.\0007\0000\000\040\000o\000p\000e\000r\000a\000t\000o\000r\000+\000\050\000\051\000\040\000[\0001\000/\0003\000]}{subsection.9.10.3}% 488
\BOOKMARK [3][-]{subsubsection.9.10.3.71}{\376\377\0009\000.\0001\0000\000.\0003\000.\0007\0001\000\040\000o\000p\000e\000r\000a\000t\000o\000r\000+\000\050\000\051\000\040\000[\0002\000/\0003\000]}{subsection.9.10.3}% 489
\BOOKMARK [3][-]{subsubsection.9.10.3.72}{\376\377\0009\000.\0001\0000\000.\0003\000.\0007\0002\000\040\000o\000p\000e\000r\000a\000t\000o\000r\000+\000\050\000\051\000\040\000[\0003\000/\0003\000]}{subsection.9.10.3}% 490
\BOOKMARK [3][-]{subsubsection.9.10.3.73}{\376\377\0009\000.\0001\0000\000.\0003\000.\0007\0003\000\040\000o\000p\000e\000r\000a\000t\000o\000r\000+\000=\000\050\000\051\000\040\000[\0001\000/\0003\000]}{subsection.9.10.3}% 491
\BOOKMARK [3][-]{subsubsection.9.10.3.74}{\376\377\0009\000.\0001\0000\000.\0003\000.\0007\0004\000\040\000o\000p\000e\000r\000a\000t\000o\000r\000+\000=\000\050\000\051\000\040\000[\0002\000/\0003\000]}{subsection.9.10.3}% 492
\BOOKMARK [3][-]{subsubsection.9.10.3.75}{\376\377\0009\000.\0001\0000\000.\0003\000.\0007\0005\000\040\000o\000p\000e\000r\000a\000t\000o\000r\000+\000=\000\050\000\051\000\040\000[\0003\000/\0003\000]}{subsection.9.10.3}% 493
\BOOKMARK [3][-]{subsubsection.9.10.3.76}{\376\377\0009\000.\0001\0000\000.\0003\000.\0007\0006\000\040\000o\000p\000e\000r\000a\000t\000o\000r\000-\000\050\000\051\000\040\000[\0001\000/\0003\000]}{subsection.9.10.3}% 494
\BOOKMARK [3][-]{subsubsection.9.10.3.77}{\376\377\0009\000.\0001\0000\000.\0003\000.\0007\0007\000\040\000o\000p\000e\000r\000a\000t\000o\000r\000-\000\050\000\051\000\040\000[\0002\000/\0003\000]}{subsection.9.10.3}% 495
\BOOKMARK [3][-]{subsubsection.9.10.3.78}{\376\377\0009\000.\0001\0000\000.\0003\000.\0007\0008\000\040\000o\000p\000e\000r\000a\000t\000o\000r\000-\000\050\000\051\000\040\000[\0003\000/\0003\000]}{subsection.9.10.3}% 496
\BOOKMARK [3][-]{subsubsection.9.10.3.79}{\376\377\0009\000.\0001\0000\000.\0003\000.\0007\0009\000\040\000o\000p\000e\000r\000a\000t\000o\000r\000-\000=\000\050\000\051\000\040\000[\0001\000/\0003\000]}{subsection.9.10.3}% 497
\BOOKMARK [3][-]{subsubsection.9.10.3.80}{\376\377\0009\000.\0001\0000\000.\0003\000.\0008\0000\000\040\000o\000p\000e\000r\000a\000t\000o\000r\000-\000=\000\050\000\051\000\040\000[\0002\000/\0003\000]}{subsection.9.10.3}% 498
\BOOKMARK [3][-]{subsubsection.9.10.3.81}{\376\377\0009\000.\0001\0000\000.\0003\000.\0008\0001\000\040\000o\000p\000e\000r\000a\000t\000o\000r\000-\000=\000\050\000\051\000\040\000[\0003\000/\0003\000]}{subsection.9.10.3}% 499
\BOOKMARK [3][-]{subsubsection.9.10.3.82}{\376\377\0009\000.\0001\0000\000.\0003\000.\0008\0002\000\040\000o\000p\000e\000r\000a\000t\000o\000r\000/\000\050\000\051\000\040\000[\0001\000/\0003\000]}{subsection.9.10.3}% 500
\BOOKMARK [3][-]{subsubsection.9.10.3.83}{\376\377\0009\000.\0001\0000\000.\0003\000.\0008\0003\000\040\000o\000p\000e\000r\000a\000t\000o\000r\000/\000\050\000\051\000\040\000[\0002\000/\0003\000]}{subsection.9.10.3}% 501
\BOOKMARK [3][-]{subsubsection.9.10.3.84}{\376\377\0009\000.\0001\0000\000.\0003\000.\0008\0004\000\040\000o\000p\000e\000r\000a\000t\000o\000r\000/\000\050\000\051\000\040\000[\0003\000/\0003\000]}{subsection.9.10.3}% 502
\BOOKMARK [3][-]{subsubsection.9.10.3.85}{\376\377\0009\000.\0001\0000\000.\0003\000.\0008\0005\000\040\000o\000p\000e\000r\000a\000t\000o\000r\000/\000=\000\050\000\051\000\040\000[\0001\000/\0003\000]}{subsection.9.10.3}% 503
\BOOKMARK [3][-]{subsubsection.9.10.3.86}{\376\377\0009\000.\0001\0000\000.\0003\000.\0008\0006\000\040\000o\000p\000e\000r\000a\000t\000o\000r\000/\000=\000\050\000\051\000\040\000[\0002\000/\0003\000]}{subsection.9.10.3}% 504
\BOOKMARK [3][-]{subsubsection.9.10.3.87}{\376\377\0009\000.\0001\0000\000.\0003\000.\0008\0007\000\040\000o\000p\000e\000r\000a\000t\000o\000r\000/\000=\000\050\000\051\000\040\000[\0003\000/\0003\000]}{subsection.9.10.3}% 505
\BOOKMARK [3][-]{subsubsection.9.10.3.88}{\376\377\0009\000.\0001\0000\000.\0003\000.\0008\0008\000\040\000o\000p\000e\000r\000a\000t\000o\000r\000=\000\050\000\051\000\040\000[\0001\000/\0004\000]}{subsection.9.10.3}% 506
\BOOKMARK [3][-]{subsubsection.9.10.3.89}{\376\377\0009\000.\0001\0000\000.\0003\000.\0008\0009\000\040\000o\000p\000e\000r\000a\000t\000o\000r\000=\000\050\000\051\000\040\000[\0002\000/\0004\000]}{subsection.9.10.3}% 507
\BOOKMARK [3][-]{subsubsection.9.10.3.90}{\376\377\0009\000.\0001\0000\000.\0003\000.\0009\0000\000\040\000o\000p\000e\000r\000a\000t\000o\000r\000=\000\050\000\051\000\040\000[\0003\000/\0004\000]}{subsection.9.10.3}% 508
\BOOKMARK [3][-]{subsubsection.9.10.3.91}{\376\377\0009\000.\0001\0000\000.\0003\000.\0009\0001\000\040\000o\000p\000e\000r\000a\000t\000o\000r\000=\000\050\000\051\000\040\000[\0004\000/\0004\000]}{subsection.9.10.3}% 509
\BOOKMARK [3][-]{subsubsection.9.10.3.92}{\376\377\0009\000.\0001\0000\000.\0003\000.\0009\0002\000\040\000r\000o\000t\000a\000t\000e\000\050\000\051\000\040\000[\0001\000/\0003\000]}{subsection.9.10.3}% 510
\BOOKMARK [3][-]{subsubsection.9.10.3.93}{\376\377\0009\000.\0001\0000\000.\0003\000.\0009\0003\000\040\000r\000o\000t\000a\000t\000e\000\050\000\051\000\040\000[\0002\000/\0003\000]}{subsection.9.10.3}% 511
\BOOKMARK [3][-]{subsubsection.9.10.3.94}{\376\377\0009\000.\0001\0000\000.\0003\000.\0009\0004\000\040\000r\000o\000t\000a\000t\000e\000\050\000\051\000\040\000[\0003\000/\0003\000]}{subsection.9.10.3}% 512
\BOOKMARK [3][-]{subsubsection.9.10.3.95}{\376\377\0009\000.\0001\0000\000.\0003\000.\0009\0005\000\040\000r\000o\000t\000a\000t\000e\000X\000\050\000\051}{subsection.9.10.3}% 513
\BOOKMARK [3][-]{subsubsection.9.10.3.96}{\376\377\0009\000.\0001\0000\000.\0003\000.\0009\0006\000\040\000r\000o\000t\000a\000t\000e\000Y\000\050\000\051}{subsection.9.10.3}% 514
\BOOKMARK [3][-]{subsubsection.9.10.3.97}{\376\377\0009\000.\0001\0000\000.\0003\000.\0009\0007\000\040\000r\000o\000t\000a\000t\000e\000Z\000\050\000\051}{subsection.9.10.3}% 515
\BOOKMARK [3][-]{subsubsection.9.10.3.98}{\376\377\0009\000.\0001\0000\000.\0003\000.\0009\0008\000\040\000s\000l\000e\000r\000p\000\050\000\051\000\040\000[\0001\000/\0002\000]}{subsection.9.10.3}% 516
\BOOKMARK [3][-]{subsubsection.9.10.3.99}{\376\377\0009\000.\0001\0000\000.\0003\000.\0009\0009\000\040\000s\000l\000e\000r\000p\000\050\000\051\000\040\000[\0002\000/\0002\000]}{subsection.9.10.3}% 517
\BOOKMARK [3][-]{subsubsection.9.10.3.100}{\376\377\0009\000.\0001\0000\000.\0003\000.\0001\0000\0000\000\040\000s\000u\000b\000t\000r\000a\000c\000t\000\050\000\051\000\040\000[\0001\000/\0004\000]}{subsection.9.10.3}% 518
\BOOKMARK [3][-]{subsubsection.9.10.3.101}{\376\377\0009\000.\0001\0000\000.\0003\000.\0001\0000\0001\000\040\000s\000u\000b\000t\000r\000a\000c\000t\000\050\000\051\000\040\000[\0002\000/\0004\000]}{subsection.9.10.3}% 519
\BOOKMARK [3][-]{subsubsection.9.10.3.102}{\376\377\0009\000.\0001\0000\000.\0003\000.\0001\0000\0002\000\040\000s\000u\000b\000t\000r\000a\000c\000t\000\050\000\051\000\040\000[\0003\000/\0004\000]}{subsection.9.10.3}% 520
\BOOKMARK [3][-]{subsubsection.9.10.3.103}{\376\377\0009\000.\0001\0000\000.\0003\000.\0001\0000\0003\000\040\000s\000u\000b\000t\000r\000a\000c\000t\000\050\000\051\000\040\000[\0004\000/\0004\000]}{subsection.9.10.3}% 521
\BOOKMARK [1][-]{section.9.11}{\376\377\0009\000.\0001\0001\000\040\000g\000g\000:\000:\000G\000g\000S\000h\000a\000d\000e\000r\000\040\060\257\060\351\060\271}{chapter.9}% 522
\BOOKMARK [2][-]{subsection.9.11.1}{\376\377\0009\000.\0001\0001\000.\0001\000\040\212\163\211\343}{section.9.11}% 523
\BOOKMARK [2][-]{subsection.9.11.2}{\376\377\0009\000.\0001\0001\000.\0002\000\040\151\313\173\311\133\120\060\150\211\343\117\123\133\120}{section.9.11}% 524
\BOOKMARK [3][-]{subsubsection.9.11.2.1}{\376\377\0009\000.\0001\0001\000.\0002\000.\0001\000\040\000G\000g\000S\000h\000a\000d\000e\000r\000\050\000\051\000\040\000[\0001\000/\0004\000]}{subsection.9.11.2}% 525
\BOOKMARK [3][-]{subsubsection.9.11.2.2}{\376\377\0009\000.\0001\0001\000.\0002\000.\0002\000\040\000G\000g\000S\000h\000a\000d\000e\000r\000\050\000\051\000\040\000[\0002\000/\0004\000]}{subsection.9.11.2}% 526
\BOOKMARK [3][-]{subsubsection.9.11.2.3}{\376\377\0009\000.\0001\0001\000.\0002\000.\0003\000\040\000G\000g\000S\000h\000a\000d\000e\000r\000\050\000\051\000\040\000[\0003\000/\0004\000]}{subsection.9.11.2}% 527
\BOOKMARK [3][-]{subsubsection.9.11.2.4}{\376\377\0009\000.\0001\0001\000.\0002\000.\0004\000\040\000G\000g\000S\000h\000a\000d\000e\000r\000\050\000\051\000\040\000[\0004\000/\0004\000]}{subsection.9.11.2}% 528
\BOOKMARK [3][-]{subsubsection.9.11.2.5}{\376\377\0009\000.\0001\0001\000.\0002\000.\0005\000\040\000~\000G\000g\000S\000h\000a\000d\000e\000r\000\050\000\051}{subsection.9.11.2}% 529
\BOOKMARK [2][-]{subsection.9.11.3}{\376\377\0009\000.\0001\0001\000.\0003\000\040\225\242\145\160\212\163\211\343}{section.9.11}% 530
\BOOKMARK [3][-]{subsubsection.9.11.3.1}{\376\377\0009\000.\0001\0001\000.\0003\000.\0001\000\040\000g\000e\000t\000\050\000\051}{subsection.9.11.3}% 531
\BOOKMARK [3][-]{subsubsection.9.11.3.2}{\376\377\0009\000.\0001\0001\000.\0003\000.\0002\000\040\000o\000p\000e\000r\000a\000t\000o\000r\000=\000\050\000\051}{subsection.9.11.3}% 532
\BOOKMARK [3][-]{subsubsection.9.11.3.3}{\376\377\0009\000.\0001\0001\000.\0003\000.\0003\000\040\000u\000n\000u\000s\000e\000\050\000\051}{subsection.9.11.3}% 533
\BOOKMARK [3][-]{subsubsection.9.11.3.4}{\376\377\0009\000.\0001\0001\000.\0003\000.\0004\000\040\000u\000s\000e\000\050\000\051}{subsection.9.11.3}% 534
\BOOKMARK [1][-]{section.9.12}{\376\377\0009\000.\0001\0002\000\040\000g\000g\000:\000:\000G\000g\000S\000h\000a\000p\000e\000\040\060\257\060\351\060\271}{chapter.9}% 535
\BOOKMARK [2][-]{subsection.9.12.1}{\376\377\0009\000.\0001\0002\000.\0001\000\040\212\163\211\343}{section.9.12}% 536
\BOOKMARK [2][-]{subsection.9.12.2}{\376\377\0009\000.\0001\0002\000.\0002\000\040\151\313\173\311\133\120\060\150\211\343\117\123\133\120}{section.9.12}% 537
\BOOKMARK [3][-]{subsubsection.9.12.2.1}{\376\377\0009\000.\0001\0002\000.\0002\000.\0001\000\040\000G\000g\000S\000h\000a\000p\000e\000\050\000\051}{subsection.9.12.2}% 538
\BOOKMARK [3][-]{subsubsection.9.12.2.2}{\376\377\0009\000.\0001\0002\000.\0002\000.\0002\000\040\000~\000G\000g\000S\000h\000a\000p\000e\000\050\000\051}{subsection.9.12.2}% 539
\BOOKMARK [2][-]{subsection.9.12.3}{\376\377\0009\000.\0001\0002\000.\0003\000\040\225\242\145\160\212\163\211\343}{section.9.12}% 540
\BOOKMARK [3][-]{subsubsection.9.12.3.1}{\376\377\0009\000.\0001\0002\000.\0003\000.\0001\000\040\000d\000r\000a\000w\000\050\000\051}{subsection.9.12.3}% 541
\BOOKMARK [3][-]{subsubsection.9.12.3.2}{\376\377\0009\000.\0001\0002\000.\0003\000.\0002\000\040\000g\000e\000t\000\050\000\051}{subsection.9.12.3}% 542
\BOOKMARK [3][-]{subsubsection.9.12.3.3}{\376\377\0009\000.\0001\0002\000.\0003\000.\0003\000\040\000g\000e\000t\000M\000o\000d\000e\000\050\000\051}{subsection.9.12.3}% 543
\BOOKMARK [3][-]{subsubsection.9.12.3.4}{\376\377\0009\000.\0001\0002\000.\0003\000.\0004\000\040\000o\000p\000e\000r\000a\000t\000o\000r\000\040\000b\000o\000o\000l\000\050\000\051}{subsection.9.12.3}% 544
\BOOKMARK [3][-]{subsubsection.9.12.3.5}{\376\377\0009\000.\0001\0002\000.\0003\000.\0005\000\040\000o\000p\000e\000r\000a\000t\000o\000r\000!\000\050\000\051}{subsection.9.12.3}% 545
\BOOKMARK [3][-]{subsubsection.9.12.3.6}{\376\377\0009\000.\0001\0002\000.\0003\000.\0006\000\040\000s\000e\000t\000M\000o\000d\000e\000\050\000\051}{subsection.9.12.3}% 546
\BOOKMARK [1][-]{section.9.13}{\376\377\0009\000.\0001\0003\000\040\000g\000g\000:\000:\000G\000g\000S\000i\000m\000p\000l\000e\000O\000b\000j\000\040\060\257\060\351\060\271}{chapter.9}% 547
\BOOKMARK [2][-]{subsection.9.13.1}{\376\377\0009\000.\0001\0003\000.\0001\000\040\212\163\211\343}{section.9.13}% 548
\BOOKMARK [2][-]{subsection.9.13.2}{\376\377\0009\000.\0001\0003\000.\0002\000\040\151\313\173\311\133\120\060\150\211\343\117\123\133\120}{section.9.13}% 549
\BOOKMARK [3][-]{subsubsection.9.13.2.1}{\376\377\0009\000.\0001\0003\000.\0002\000.\0001\000\040\000G\000g\000S\000i\000m\000p\000l\000e\000O\000b\000j\000\050\000\051}{subsection.9.13.2}% 550
\BOOKMARK [3][-]{subsubsection.9.13.2.2}{\376\377\0009\000.\0001\0003\000.\0002\000.\0002\000\040\000~\000G\000g\000S\000i\000m\000p\000l\000e\000O\000b\000j\000\050\000\051}{subsection.9.13.2}% 551
\BOOKMARK [2][-]{subsection.9.13.3}{\376\377\0009\000.\0001\0003\000.\0003\000\040\225\242\145\160\212\163\211\343}{section.9.13}% 552
\BOOKMARK [3][-]{subsubsection.9.13.3.1}{\376\377\0009\000.\0001\0003\000.\0003\000.\0001\000\040\000d\000r\000a\000w\000\050\000\051}{subsection.9.13.3}% 553
\BOOKMARK [3][-]{subsubsection.9.13.3.2}{\376\377\0009\000.\0001\0003\000.\0003\000.\0002\000\040\000g\000e\000t\000\050\000\051}{subsection.9.13.3}% 554
\BOOKMARK [3][-]{subsubsection.9.13.3.3}{\376\377\0009\000.\0001\0003\000.\0003\000.\0003\000\040\000o\000p\000e\000r\000a\000t\000o\000r\000\040\000b\000o\000o\000l\000\050\000\051}{subsection.9.13.3}% 555
\BOOKMARK [3][-]{subsubsection.9.13.3.4}{\376\377\0009\000.\0001\0003\000.\0003\000.\0004\000\040\000o\000p\000e\000r\000a\000t\000o\000r\000!\000\050\000\051}{subsection.9.13.3}% 556
\BOOKMARK [1][-]{section.9.14}{\376\377\0009\000.\0001\0004\000\040\000g\000g\000:\000:\000G\000g\000S\000i\000m\000p\000l\000e\000S\000h\000a\000d\000e\000r\000\040\060\257\060\351\060\271}{chapter.9}% 557
\BOOKMARK [2][-]{subsection.9.14.1}{\376\377\0009\000.\0001\0004\000.\0001\000\040\212\163\211\343}{section.9.14}% 558
\BOOKMARK [2][-]{subsection.9.14.2}{\376\377\0009\000.\0001\0004\000.\0002\000\040\151\313\173\311\133\120\060\150\211\343\117\123\133\120}{section.9.14}% 559
\BOOKMARK [3][-]{subsubsection.9.14.2.1}{\376\377\0009\000.\0001\0004\000.\0002\000.\0001\000\040\000G\000g\000S\000i\000m\000p\000l\000e\000S\000h\000a\000d\000e\000r\000\050\000\051\000\040\000[\0001\000/\0004\000]}{subsection.9.14.2}% 560
\BOOKMARK [3][-]{subsubsection.9.14.2.2}{\376\377\0009\000.\0001\0004\000.\0002\000.\0002\000\040\000G\000g\000S\000i\000m\000p\000l\000e\000S\000h\000a\000d\000e\000r\000\050\000\051\000\040\000[\0002\000/\0004\000]}{subsection.9.14.2}% 561
\BOOKMARK [3][-]{subsubsection.9.14.2.3}{\376\377\0009\000.\0001\0004\000.\0002\000.\0003\000\040\000G\000g\000S\000i\000m\000p\000l\000e\000S\000h\000a\000d\000e\000r\000\050\000\051\000\040\000[\0003\000/\0004\000]}{subsection.9.14.2}% 562
\BOOKMARK [3][-]{subsubsection.9.14.2.4}{\376\377\0009\000.\0001\0004\000.\0002\000.\0004\000\040\000G\000g\000S\000i\000m\000p\000l\000e\000S\000h\000a\000d\000e\000r\000\050\000\051\000\040\000[\0004\000/\0004\000]}{subsection.9.14.2}% 563
\BOOKMARK [3][-]{subsubsection.9.14.2.5}{\376\377\0009\000.\0001\0004\000.\0002\000.\0005\000\040\000~\000G\000g\000S\000i\000m\000p\000l\000e\000S\000h\000a\000d\000e\000r\000\050\000\051}{subsection.9.14.2}% 564
\BOOKMARK [2][-]{subsection.9.14.3}{\376\377\0009\000.\0001\0004\000.\0003\000\040\225\242\145\160\212\163\211\343}{section.9.14}% 565
\BOOKMARK [3][-]{subsubsection.9.14.3.1}{\376\377\0009\000.\0001\0004\000.\0003\000.\0001\000\040\000l\000o\000a\000d\000\050\000\051\000\040\000[\0001\000/\0002\000]}{subsection.9.14.3}% 566
\BOOKMARK [3][-]{subsubsection.9.14.3.2}{\376\377\0009\000.\0001\0004\000.\0003\000.\0002\000\040\000l\000o\000a\000d\000\050\000\051\000\040\000[\0002\000/\0002\000]}{subsection.9.14.3}% 567
\BOOKMARK [3][-]{subsubsection.9.14.3.3}{\376\377\0009\000.\0001\0004\000.\0003\000.\0003\000\040\000l\000o\000a\000d\000M\000a\000t\000r\000i\000x\000\050\000\051\000\040\000[\0001\000/\0004\000]}{subsection.9.14.3}% 568
\BOOKMARK [3][-]{subsubsection.9.14.3.4}{\376\377\0009\000.\0001\0004\000.\0003\000.\0004\000\040\000l\000o\000a\000d\000M\000a\000t\000r\000i\000x\000\050\000\051\000\040\000[\0002\000/\0004\000]}{subsection.9.14.3}% 569
\BOOKMARK [3][-]{subsubsection.9.14.3.5}{\376\377\0009\000.\0001\0004\000.\0003\000.\0005\000\040\000l\000o\000a\000d\000M\000a\000t\000r\000i\000x\000\050\000\051\000\040\000[\0003\000/\0004\000]}{subsection.9.14.3}% 570
\BOOKMARK [3][-]{subsubsection.9.14.3.6}{\376\377\0009\000.\0001\0004\000.\0003\000.\0006\000\040\000l\000o\000a\000d\000M\000a\000t\000r\000i\000x\000\050\000\051\000\040\000[\0004\000/\0004\000]}{subsection.9.14.3}% 571
\BOOKMARK [3][-]{subsubsection.9.14.3.7}{\376\377\0009\000.\0001\0004\000.\0003\000.\0007\000\040\000l\000o\000a\000d\000M\000o\000d\000e\000l\000v\000i\000e\000w\000M\000a\000t\000r\000i\000x\000\050\000\051\000\040\000[\0001\000/\0004\000]}{subsection.9.14.3}% 572
\BOOKMARK [3][-]{subsubsection.9.14.3.8}{\376\377\0009\000.\0001\0004\000.\0003\000.\0008\000\040\000l\000o\000a\000d\000M\000o\000d\000e\000l\000v\000i\000e\000w\000M\000a\000t\000r\000i\000x\000\050\000\051\000\040\000[\0002\000/\0004\000]}{subsection.9.14.3}% 573
\BOOKMARK [3][-]{subsubsection.9.14.3.9}{\376\377\0009\000.\0001\0004\000.\0003\000.\0009\000\040\000l\000o\000a\000d\000M\000o\000d\000e\000l\000v\000i\000e\000w\000M\000a\000t\000r\000i\000x\000\050\000\051\000\040\000[\0003\000/\0004\000]}{subsection.9.14.3}% 574
\BOOKMARK [3][-]{subsubsection.9.14.3.10}{\376\377\0009\000.\0001\0004\000.\0003\000.\0001\0000\000\040\000l\000o\000a\000d\000M\000o\000d\000e\000l\000v\000i\000e\000w\000M\000a\000t\000r\000i\000x\000\050\000\051\000\040\000[\0004\000/\0004\000]}{subsection.9.14.3}% 575
\BOOKMARK [3][-]{subsubsection.9.14.3.11}{\376\377\0009\000.\0001\0004\000.\0003\000.\0001\0001\000\040\000o\000p\000e\000r\000a\000t\000o\000r\000=\000\050\000\051}{subsection.9.14.3}% 576
\BOOKMARK [3][-]{subsubsection.9.14.3.12}{\376\377\0009\000.\0001\0004\000.\0003\000.\0001\0002\000\040\000u\000s\000e\000\050\000\051\000\040\000[\0001\000/\0001\0003\000]}{subsection.9.14.3}% 577
\BOOKMARK [3][-]{subsubsection.9.14.3.13}{\376\377\0009\000.\0001\0004\000.\0003\000.\0001\0003\000\040\000u\000s\000e\000\050\000\051\000\040\000[\0002\000/\0001\0003\000]}{subsection.9.14.3}% 578
\BOOKMARK [3][-]{subsubsection.9.14.3.14}{\376\377\0009\000.\0001\0004\000.\0003\000.\0001\0004\000\040\000u\000s\000e\000\050\000\051\000\040\000[\0003\000/\0001\0003\000]}{subsection.9.14.3}% 579
\BOOKMARK [3][-]{subsubsection.9.14.3.15}{\376\377\0009\000.\0001\0004\000.\0003\000.\0001\0005\000\040\000u\000s\000e\000\050\000\051\000\040\000[\0004\000/\0001\0003\000]}{subsection.9.14.3}% 580
\BOOKMARK [3][-]{subsubsection.9.14.3.16}{\376\377\0009\000.\0001\0004\000.\0003\000.\0001\0006\000\040\000u\000s\000e\000\050\000\051\000\040\000[\0005\000/\0001\0003\000]}{subsection.9.14.3}% 581
\BOOKMARK [3][-]{subsubsection.9.14.3.17}{\376\377\0009\000.\0001\0004\000.\0003\000.\0001\0007\000\040\000u\000s\000e\000\050\000\051\000\040\000[\0006\000/\0001\0003\000]}{subsection.9.14.3}% 582
\BOOKMARK [3][-]{subsubsection.9.14.3.18}{\376\377\0009\000.\0001\0004\000.\0003\000.\0001\0008\000\040\000u\000s\000e\000\050\000\051\000\040\000[\0007\000/\0001\0003\000]}{subsection.9.14.3}% 583
\BOOKMARK [3][-]{subsubsection.9.14.3.19}{\376\377\0009\000.\0001\0004\000.\0003\000.\0001\0009\000\040\000u\000s\000e\000\050\000\051\000\040\000[\0008\000/\0001\0003\000]}{subsection.9.14.3}% 584
\BOOKMARK [3][-]{subsubsection.9.14.3.20}{\376\377\0009\000.\0001\0004\000.\0003\000.\0002\0000\000\040\000u\000s\000e\000\050\000\051\000\040\000[\0009\000/\0001\0003\000]}{subsection.9.14.3}% 585
\BOOKMARK [3][-]{subsubsection.9.14.3.21}{\376\377\0009\000.\0001\0004\000.\0003\000.\0002\0001\000\040\000u\000s\000e\000\050\000\051\000\040\000[\0001\0000\000/\0001\0003\000]}{subsection.9.14.3}% 586
\BOOKMARK [3][-]{subsubsection.9.14.3.22}{\376\377\0009\000.\0001\0004\000.\0003\000.\0002\0002\000\040\000u\000s\000e\000\050\000\051\000\040\000[\0001\0001\000/\0001\0003\000]}{subsection.9.14.3}% 587
\BOOKMARK [3][-]{subsubsection.9.14.3.23}{\376\377\0009\000.\0001\0004\000.\0003\000.\0002\0003\000\040\000u\000s\000e\000\050\000\051\000\040\000[\0001\0002\000/\0001\0003\000]}{subsection.9.14.3}% 588
\BOOKMARK [3][-]{subsubsection.9.14.3.24}{\376\377\0009\000.\0001\0004\000.\0003\000.\0002\0004\000\040\000u\000s\000e\000\050\000\051\000\040\000[\0001\0003\000/\0001\0003\000]}{subsection.9.14.3}% 589
\BOOKMARK [1][-]{section.9.15}{\376\377\0009\000.\0001\0005\000\040\000g\000g\000:\000:\000G\000g\000T\000e\000x\000t\000u\000r\000e\000\040\060\257\060\351\060\271}{chapter.9}% 590
\BOOKMARK [2][-]{subsection.9.15.1}{\376\377\0009\000.\0001\0005\000.\0001\000\040\212\163\211\343}{section.9.15}% 591
\BOOKMARK [2][-]{subsection.9.15.2}{\376\377\0009\000.\0001\0005\000.\0002\000\040\151\313\173\311\133\120\060\150\211\343\117\123\133\120}{section.9.15}% 592
\BOOKMARK [3][-]{subsubsection.9.15.2.1}{\376\377\0009\000.\0001\0005\000.\0002\000.\0001\000\040\000G\000g\000T\000e\000x\000t\000u\000r\000e\000\050\000\051\000\040\000[\0001\000/\0003\000]}{subsection.9.15.2}% 593
\BOOKMARK [3][-]{subsubsection.9.15.2.2}{\376\377\0009\000.\0001\0005\000.\0002\000.\0002\000\040\000G\000g\000T\000e\000x\000t\000u\000r\000e\000\050\000\051\000\040\000[\0002\000/\0003\000]}{subsection.9.15.2}% 594
\BOOKMARK [3][-]{subsubsection.9.15.2.3}{\376\377\0009\000.\0001\0005\000.\0002\000.\0003\000\040\000G\000g\000T\000e\000x\000t\000u\000r\000e\000\050\000\051\000\040\000[\0003\000/\0003\000]}{subsection.9.15.2}% 595
\BOOKMARK [3][-]{subsubsection.9.15.2.4}{\376\377\0009\000.\0001\0005\000.\0002\000.\0004\000\040\000~\000G\000g\000T\000e\000x\000t\000u\000r\000e\000\050\000\051}{subsection.9.15.2}% 596
\BOOKMARK [2][-]{subsection.9.15.3}{\376\377\0009\000.\0001\0005\000.\0003\000\040\225\242\145\160\212\163\211\343}{section.9.15}% 597
\BOOKMARK [3][-]{subsubsection.9.15.3.1}{\376\377\0009\000.\0001\0005\000.\0003\000.\0001\000\040\000b\000i\000n\000d\000\050\000\051}{subsection.9.15.3}% 598
\BOOKMARK [3][-]{subsubsection.9.15.3.2}{\376\377\0009\000.\0001\0005\000.\0003\000.\0002\000\040\000g\000e\000t\000H\000e\000i\000g\000h\000t\000\050\000\051}{subsection.9.15.3}% 599
\BOOKMARK [3][-]{subsubsection.9.15.3.3}{\376\377\0009\000.\0001\0005\000.\0003\000.\0003\000\040\000g\000e\000t\000S\000i\000z\000e\000\050\000\051\000\040\000[\0001\000/\0002\000]}{subsection.9.15.3}% 600
\BOOKMARK [3][-]{subsubsection.9.15.3.4}{\376\377\0009\000.\0001\0005\000.\0003\000.\0004\000\040\000g\000e\000t\000S\000i\000z\000e\000\050\000\051\000\040\000[\0002\000/\0002\000]}{subsection.9.15.3}% 601
\BOOKMARK [3][-]{subsubsection.9.15.3.5}{\376\377\0009\000.\0001\0005\000.\0003\000.\0005\000\040\000g\000e\000t\000T\000e\000x\000t\000u\000r\000e\000\050\000\051}{subsection.9.15.3}% 602
\BOOKMARK [3][-]{subsubsection.9.15.3.6}{\376\377\0009\000.\0001\0005\000.\0003\000.\0006\000\040\000g\000e\000t\000W\000i\000d\000t\000h\000\050\000\051}{subsection.9.15.3}% 603
\BOOKMARK [3][-]{subsubsection.9.15.3.7}{\376\377\0009\000.\0001\0005\000.\0003\000.\0007\000\040\000o\000p\000e\000r\000a\000t\000o\000r\000=\000\050\000\051\000\040\000[\0001\000/\0002\000]}{subsection.9.15.3}% 604
\BOOKMARK [3][-]{subsubsection.9.15.3.8}{\376\377\0009\000.\0001\0005\000.\0003\000.\0008\000\040\000o\000p\000e\000r\000a\000t\000o\000r\000=\000\050\000\051\000\040\000[\0002\000/\0002\000]}{subsection.9.15.3}% 605
\BOOKMARK [3][-]{subsubsection.9.15.3.9}{\376\377\0009\000.\0001\0005\000.\0003\000.\0009\000\040\000s\000w\000a\000p\000R\000a\000n\000d\000B\000\050\000\051}{subsection.9.15.3}% 606
\BOOKMARK [3][-]{subsubsection.9.15.3.10}{\376\377\0009\000.\0001\0005\000.\0003\000.\0001\0000\000\040\000u\000n\000b\000i\000n\000d\000\050\000\051}{subsection.9.15.3}% 607
\BOOKMARK [1][-]{section.9.16}{\376\377\0009\000.\0001\0006\000\040\000g\000g\000:\000:\000G\000g\000T\000r\000a\000c\000k\000b\000a\000l\000l\000\040\060\257\060\351\060\271}{chapter.9}% 608
\BOOKMARK [2][-]{subsection.9.16.1}{\376\377\0009\000.\0001\0006\000.\0001\000\040\212\163\211\343}{section.9.16}% 609
\BOOKMARK [2][-]{subsection.9.16.2}{\376\377\0009\000.\0001\0006\000.\0002\000\040\151\313\173\311\133\120\060\150\211\343\117\123\133\120}{section.9.16}% 610
\BOOKMARK [3][-]{subsubsection.9.16.2.1}{\376\377\0009\000.\0001\0006\000.\0002\000.\0001\000\040\000G\000g\000T\000r\000a\000c\000k\000b\000a\000l\000l\000\050\000\051}{subsection.9.16.2}% 611
\BOOKMARK [3][-]{subsubsection.9.16.2.2}{\376\377\0009\000.\0001\0006\000.\0002\000.\0002\000\040\000~\000G\000g\000T\000r\000a\000c\000k\000b\000a\000l\000l\000\050\000\051}{subsection.9.16.2}% 612
\BOOKMARK [2][-]{subsection.9.16.3}{\376\377\0009\000.\0001\0006\000.\0003\000\040\225\242\145\160\212\163\211\343}{section.9.16}% 613
\BOOKMARK [3][-]{subsubsection.9.16.3.1}{\376\377\0009\000.\0001\0006\000.\0003\000.\0001\000\040\000b\000e\000g\000i\000n\000\050\000\051}{subsection.9.16.3}% 614
\BOOKMARK [3][-]{subsubsection.9.16.3.2}{\376\377\0009\000.\0001\0006\000.\0003\000.\0002\000\040\000e\000n\000d\000\050\000\051}{subsection.9.16.3}% 615
\BOOKMARK [3][-]{subsubsection.9.16.3.3}{\376\377\0009\000.\0001\0006\000.\0003\000.\0003\000\040\000g\000e\000t\000\050\000\051}{subsection.9.16.3}% 616
\BOOKMARK [3][-]{subsubsection.9.16.3.4}{\376\377\0009\000.\0001\0006\000.\0003\000.\0004\000\040\000g\000e\000t\000M\000a\000t\000r\000i\000x\000\050\000\051}{subsection.9.16.3}% 617
\BOOKMARK [3][-]{subsubsection.9.16.3.5}{\376\377\0009\000.\0001\0006\000.\0003\000.\0005\000\040\000g\000e\000t\000Q\000u\000a\000t\000e\000r\000n\000i\000o\000n\000\050\000\051}{subsection.9.16.3}% 618
\BOOKMARK [3][-]{subsubsection.9.16.3.6}{\376\377\0009\000.\0001\0006\000.\0003\000.\0006\000\040\000g\000e\000t\000S\000c\000a\000l\000e\000\050\000\051\000\040\000[\0001\000/\0003\000]}{subsection.9.16.3}% 619
\BOOKMARK [3][-]{subsubsection.9.16.3.7}{\376\377\0009\000.\0001\0006\000.\0003\000.\0007\000\040\000g\000e\000t\000S\000c\000a\000l\000e\000\050\000\051\000\040\000[\0002\000/\0003\000]}{subsection.9.16.3}% 620
\BOOKMARK [3][-]{subsubsection.9.16.3.8}{\376\377\0009\000.\0001\0006\000.\0003\000.\0008\000\040\000g\000e\000t\000S\000c\000a\000l\000e\000\050\000\051\000\040\000[\0003\000/\0003\000]}{subsection.9.16.3}% 621
\BOOKMARK [3][-]{subsubsection.9.16.3.9}{\376\377\0009\000.\0001\0006\000.\0003\000.\0009\000\040\000g\000e\000t\000S\000t\000a\000r\000t\000\050\000\051\000\040\000[\0001\000/\0003\000]}{subsection.9.16.3}% 622
\BOOKMARK [3][-]{subsubsection.9.16.3.10}{\376\377\0009\000.\0001\0006\000.\0003\000.\0001\0000\000\040\000g\000e\000t\000S\000t\000a\000r\000t\000\050\000\051\000\040\000[\0002\000/\0003\000]}{subsection.9.16.3}% 623
\BOOKMARK [3][-]{subsubsection.9.16.3.11}{\376\377\0009\000.\0001\0006\000.\0003\000.\0001\0001\000\040\000g\000e\000t\000S\000t\000a\000r\000t\000\050\000\051\000\040\000[\0003\000/\0003\000]}{subsection.9.16.3}% 624
\BOOKMARK [3][-]{subsubsection.9.16.3.12}{\376\377\0009\000.\0001\0006\000.\0003\000.\0001\0002\000\040\000m\000o\000t\000i\000o\000n\000\050\000\051}{subsection.9.16.3}% 625
\BOOKMARK [3][-]{subsubsection.9.16.3.13}{\376\377\0009\000.\0001\0006\000.\0003\000.\0001\0003\000\040\000o\000p\000e\000r\000a\000t\000o\000r\000=\000\050\000\051}{subsection.9.16.3}% 626
\BOOKMARK [3][-]{subsubsection.9.16.3.14}{\376\377\0009\000.\0001\0006\000.\0003\000.\0001\0004\000\040\000r\000e\000g\000i\000o\000n\000\050\000\051\000\040\000[\0001\000/\0002\000]}{subsection.9.16.3}% 627
\BOOKMARK [3][-]{subsubsection.9.16.3.15}{\376\377\0009\000.\0001\0006\000.\0003\000.\0001\0005\000\040\000r\000e\000g\000i\000o\000n\000\050\000\051\000\040\000[\0002\000/\0002\000]}{subsection.9.16.3}% 628
\BOOKMARK [3][-]{subsubsection.9.16.3.16}{\376\377\0009\000.\0001\0006\000.\0003\000.\0001\0006\000\040\000r\000e\000s\000e\000t\000\050\000\051}{subsection.9.16.3}% 629
\BOOKMARK [3][-]{subsubsection.9.16.3.17}{\376\377\0009\000.\0001\0006\000.\0003\000.\0001\0007\000\040\000r\000o\000t\000a\000t\000e\000\050\000\051}{subsection.9.16.3}% 630
\BOOKMARK [1][-]{section.9.17}{\376\377\0009\000.\0001\0007\000\040\000g\000g\000:\000:\000G\000g\000T\000r\000i\000a\000n\000g\000l\000e\000s\000\040\060\257\060\351\060\271}{chapter.9}% 631
\BOOKMARK [2][-]{subsection.9.17.1}{\376\377\0009\000.\0001\0007\000.\0001\000\040\212\163\211\343}{section.9.17}% 632
\BOOKMARK [2][-]{subsection.9.17.2}{\376\377\0009\000.\0001\0007\000.\0002\000\040\151\313\173\311\133\120\060\150\211\343\117\123\133\120}{section.9.17}% 633
\BOOKMARK [3][-]{subsubsection.9.17.2.1}{\376\377\0009\000.\0001\0007\000.\0002\000.\0001\000\040\000G\000g\000T\000r\000i\000a\000n\000g\000l\000e\000s\000\050\000\051\000\040\000[\0001\000/\0002\000]}{subsection.9.17.2}% 634
\BOOKMARK [3][-]{subsubsection.9.17.2.2}{\376\377\0009\000.\0001\0007\000.\0002\000.\0002\000\040\000G\000g\000T\000r\000i\000a\000n\000g\000l\000e\000s\000\050\000\051\000\040\000[\0002\000/\0002\000]}{subsection.9.17.2}% 635
\BOOKMARK [3][-]{subsubsection.9.17.2.3}{\376\377\0009\000.\0001\0007\000.\0002\000.\0003\000\040\000~\000G\000g\000T\000r\000i\000a\000n\000g\000l\000e\000s\000\050\000\051}{subsection.9.17.2}% 636
\BOOKMARK [2][-]{subsection.9.17.3}{\376\377\0009\000.\0001\0007\000.\0003\000\040\225\242\145\160\212\163\211\343}{section.9.17}% 637
\BOOKMARK [3][-]{subsubsection.9.17.3.1}{\376\377\0009\000.\0001\0007\000.\0003\000.\0001\000\040\000d\000r\000a\000w\000\050\000\051}{subsection.9.17.3}% 638
\BOOKMARK [3][-]{subsubsection.9.17.3.2}{\376\377\0009\000.\0001\0007\000.\0003\000.\0002\000\040\000g\000e\000t\000B\000u\000f\000f\000e\000r\000\050\000\051}{subsection.9.17.3}% 639
\BOOKMARK [3][-]{subsubsection.9.17.3.3}{\376\377\0009\000.\0001\0007\000.\0003\000.\0003\000\040\000g\000e\000t\000C\000o\000u\000n\000t\000\050\000\051}{subsection.9.17.3}% 640
\BOOKMARK [3][-]{subsubsection.9.17.3.4}{\376\377\0009\000.\0001\0007\000.\0003\000.\0004\000\040\000l\000o\000a\000d\000\050\000\051}{subsection.9.17.3}% 641
\BOOKMARK [3][-]{subsubsection.9.17.3.5}{\376\377\0009\000.\0001\0007\000.\0003\000.\0005\000\040\000s\000e\000n\000d\000\050\000\051}{subsection.9.17.3}% 642
\BOOKMARK [1][-]{section.9.18}{\376\377\0009\000.\0001\0008\000\040\000g\000g\000:\000:\000G\000g\000U\000n\000i\000f\000o\000r\000m\000B\000u\000f\000f\000e\000r\000<\000\040\000T\000\040\000>\000\040\060\257\060\351\060\271\060\306\060\363\060\327\060\354\060\374\060\310}{chapter.9}% 643
\BOOKMARK [2][-]{subsection.9.18.1}{\376\377\0009\000.\0001\0008\000.\0001\000\040\212\163\211\343}{section.9.18}% 644
\BOOKMARK [2][-]{subsection.9.18.2}{\376\377\0009\000.\0001\0008\000.\0002\000\040\151\313\173\311\133\120\060\150\211\343\117\123\133\120}{section.9.18}% 645
\BOOKMARK [3][-]{subsubsection.9.18.2.1}{\376\377\0009\000.\0001\0008\000.\0002\000.\0001\000\040\000G\000g\000U\000n\000i\000f\000o\000r\000m\000B\000u\000f\000f\000e\000r\000\050\000\051\000\040\000[\0001\000/\0003\000]}{subsection.9.18.2}% 646
\BOOKMARK [3][-]{subsubsection.9.18.2.2}{\376\377\0009\000.\0001\0008\000.\0002\000.\0002\000\040\000G\000g\000U\000n\000i\000f\000o\000r\000m\000B\000u\000f\000f\000e\000r\000\050\000\051\000\040\000[\0002\000/\0003\000]}{subsection.9.18.2}% 647
\BOOKMARK [3][-]{subsubsection.9.18.2.3}{\376\377\0009\000.\0001\0008\000.\0002\000.\0003\000\040\000G\000g\000U\000n\000i\000f\000o\000r\000m\000B\000u\000f\000f\000e\000r\000\050\000\051\000\040\000[\0003\000/\0003\000]}{subsection.9.18.2}% 648
\BOOKMARK [3][-]{subsubsection.9.18.2.4}{\376\377\0009\000.\0001\0008\000.\0002\000.\0004\000\040\000~\000G\000g\000U\000n\000i\000f\000o\000r\000m\000B\000u\000f\000f\000e\000r\000\050\000\051}{subsection.9.18.2}% 649
\BOOKMARK [2][-]{subsection.9.18.3}{\376\377\0009\000.\0001\0008\000.\0003\000\040\225\242\145\160\212\163\211\343}{section.9.18}% 650
\BOOKMARK [3][-]{subsubsection.9.18.3.1}{\376\377\0009\000.\0001\0008\000.\0003\000.\0001\000\040\000b\000i\000n\000d\000\050\000\051}{subsection.9.18.3}% 651
\BOOKMARK [3][-]{subsubsection.9.18.3.2}{\376\377\0009\000.\0001\0008\000.\0003\000.\0002\000\040\000c\000o\000p\000y\000\050\000\051}{subsection.9.18.3}% 652
\BOOKMARK [3][-]{subsubsection.9.18.3.3}{\376\377\0009\000.\0001\0008\000.\0003\000.\0003\000\040\000f\000i\000l\000l\000\050\000\051}{subsection.9.18.3}% 653
\BOOKMARK [3][-]{subsubsection.9.18.3.4}{\376\377\0009\000.\0001\0008\000.\0003\000.\0004\000\040\000g\000e\000t\000B\000u\000f\000f\000e\000r\000\050\000\051}{subsection.9.18.3}% 654
\BOOKMARK [3][-]{subsubsection.9.18.3.5}{\376\377\0009\000.\0001\0008\000.\0003\000.\0005\000\040\000g\000e\000t\000C\000o\000u\000n\000t\000\050\000\051}{subsection.9.18.3}% 655
\BOOKMARK [3][-]{subsubsection.9.18.3.6}{\376\377\0009\000.\0001\0008\000.\0003\000.\0006\000\040\000g\000e\000t\000S\000t\000r\000i\000d\000e\000\050\000\051}{subsection.9.18.3}% 656
\BOOKMARK [3][-]{subsubsection.9.18.3.7}{\376\377\0009\000.\0001\0008\000.\0003\000.\0007\000\040\000g\000e\000t\000T\000a\000r\000g\000e\000t\000\050\000\051}{subsection.9.18.3}% 657
\BOOKMARK [3][-]{subsubsection.9.18.3.8}{\376\377\0009\000.\0001\0008\000.\0003\000.\0008\000\040\000l\000o\000a\000d\000\050\000\051\000\040\000[\0001\000/\0002\000]}{subsection.9.18.3}% 658
\BOOKMARK [3][-]{subsubsection.9.18.3.9}{\376\377\0009\000.\0001\0008\000.\0003\000.\0009\000\040\000l\000o\000a\000d\000\050\000\051\000\040\000[\0002\000/\0002\000]}{subsection.9.18.3}% 659
\BOOKMARK [3][-]{subsubsection.9.18.3.10}{\376\377\0009\000.\0001\0008\000.\0003\000.\0001\0000\000\040\000m\000a\000p\000\050\000\051\000\040\000[\0001\000/\0002\000]}{subsection.9.18.3}% 660
\BOOKMARK [3][-]{subsubsection.9.18.3.11}{\376\377\0009\000.\0001\0008\000.\0003\000.\0001\0001\000\040\000m\000a\000p\000\050\000\051\000\040\000[\0002\000/\0002\000]}{subsection.9.18.3}% 661
\BOOKMARK [3][-]{subsubsection.9.18.3.12}{\376\377\0009\000.\0001\0008\000.\0003\000.\0001\0002\000\040\000r\000e\000a\000d\000\050\000\051}{subsection.9.18.3}% 662
\BOOKMARK [3][-]{subsubsection.9.18.3.13}{\376\377\0009\000.\0001\0008\000.\0003\000.\0001\0003\000\040\000s\000e\000n\000d\000\050\000\051}{subsection.9.18.3}% 663
\BOOKMARK [3][-]{subsubsection.9.18.3.14}{\376\377\0009\000.\0001\0008\000.\0003\000.\0001\0004\000\040\000u\000n\000b\000i\000n\000d\000\050\000\051}{subsection.9.18.3}% 664
\BOOKMARK [3][-]{subsubsection.9.18.3.15}{\376\377\0009\000.\0001\0008\000.\0003\000.\0001\0005\000\040\000u\000n\000m\000a\000p\000\050\000\051}{subsection.9.18.3}% 665
\BOOKMARK [1][-]{section.9.19}{\376\377\0009\000.\0001\0009\000\040\000g\000g\000:\000:\000G\000g\000V\000e\000c\000t\000o\000r\000\040\060\257\060\351\060\271}{chapter.9}% 666
\BOOKMARK [2][-]{subsection.9.19.1}{\376\377\0009\000.\0001\0009\000.\0001\000\040\212\163\211\343}{section.9.19}% 667
\BOOKMARK [2][-]{subsection.9.19.2}{\376\377\0009\000.\0001\0009\000.\0002\000\040\151\313\173\311\133\120\060\150\211\343\117\123\133\120}{section.9.19}% 668
\BOOKMARK [3][-]{subsubsection.9.19.2.1}{\376\377\0009\000.\0001\0009\000.\0002\000.\0001\000\040\000G\000g\000V\000e\000c\000t\000o\000r\000\050\000\051\000\040\000[\0001\000/\0006\000]}{subsection.9.19.2}% 669
\BOOKMARK [3][-]{subsubsection.9.19.2.2}{\376\377\0009\000.\0001\0009\000.\0002\000.\0002\000\040\000G\000g\000V\000e\000c\000t\000o\000r\000\050\000\051\000\040\000[\0002\000/\0006\000]}{subsection.9.19.2}% 670
\BOOKMARK [3][-]{subsubsection.9.19.2.3}{\376\377\0009\000.\0001\0009\000.\0002\000.\0003\000\040\000G\000g\000V\000e\000c\000t\000o\000r\000\050\000\051\000\040\000[\0003\000/\0006\000]}{subsection.9.19.2}% 671
\BOOKMARK [3][-]{subsubsection.9.19.2.4}{\376\377\0009\000.\0001\0009\000.\0002\000.\0004\000\040\000G\000g\000V\000e\000c\000t\000o\000r\000\050\000\051\000\040\000[\0004\000/\0006\000]}{subsection.9.19.2}% 672
\BOOKMARK [3][-]{subsubsection.9.19.2.5}{\376\377\0009\000.\0001\0009\000.\0002\000.\0005\000\040\000G\000g\000V\000e\000c\000t\000o\000r\000\050\000\051\000\040\000[\0005\000/\0006\000]}{subsection.9.19.2}% 673
\BOOKMARK [3][-]{subsubsection.9.19.2.6}{\376\377\0009\000.\0001\0009\000.\0002\000.\0006\000\040\000G\000g\000V\000e\000c\000t\000o\000r\000\050\000\051\000\040\000[\0006\000/\0006\000]}{subsection.9.19.2}% 674
\BOOKMARK [3][-]{subsubsection.9.19.2.7}{\376\377\0009\000.\0001\0009\000.\0002\000.\0007\000\040\000~\000G\000g\000V\000e\000c\000t\000o\000r\000\050\000\051}{subsection.9.19.2}% 675
\BOOKMARK [2][-]{subsection.9.19.3}{\376\377\0009\000.\0001\0009\000.\0003\000\040\225\242\145\160\212\163\211\343}{section.9.19}% 676
\BOOKMARK [3][-]{subsubsection.9.19.3.1}{\376\377\0009\000.\0001\0009\000.\0003\000.\0001\000\040\000d\000i\000s\000t\000a\000n\000c\000e\0003\000\050\000\051}{subsection.9.19.3}% 677
\BOOKMARK [3][-]{subsubsection.9.19.3.2}{\376\377\0009\000.\0001\0009\000.\0003\000.\0002\000\040\000d\000i\000s\000t\000a\000n\000c\000e\0004\000\050\000\051}{subsection.9.19.3}% 678
\BOOKMARK [3][-]{subsubsection.9.19.3.3}{\376\377\0009\000.\0001\0009\000.\0003\000.\0003\000\040\000d\000o\000t\0003\000\050\000\051}{subsection.9.19.3}% 679
\BOOKMARK [3][-]{subsubsection.9.19.3.4}{\376\377\0009\000.\0001\0009\000.\0003\000.\0004\000\040\000d\000o\000t\0004\000\050\000\051}{subsection.9.19.3}% 680
\BOOKMARK [3][-]{subsubsection.9.19.3.5}{\376\377\0009\000.\0001\0009\000.\0003\000.\0005\000\040\000l\000e\000n\000g\000t\000h\0003\000\050\000\051}{subsection.9.19.3}% 681
\BOOKMARK [3][-]{subsubsection.9.19.3.6}{\376\377\0009\000.\0001\0009\000.\0003\000.\0006\000\040\000l\000e\000n\000g\000t\000h\0004\000\050\000\051}{subsection.9.19.3}% 682
\BOOKMARK [3][-]{subsubsection.9.19.3.7}{\376\377\0009\000.\0001\0009\000.\0003\000.\0007\000\040\000n\000o\000r\000m\000a\000l\000i\000z\000e\0003\000\050\000\051}{subsection.9.19.3}% 683
\BOOKMARK [3][-]{subsubsection.9.19.3.8}{\376\377\0009\000.\0001\0009\000.\0003\000.\0008\000\040\000n\000o\000r\000m\000a\000l\000i\000z\000e\0004\000\050\000\051}{subsection.9.19.3}% 684
\BOOKMARK [3][-]{subsubsection.9.19.3.9}{\376\377\0009\000.\0001\0009\000.\0003\000.\0009\000\040\000o\000p\000e\000r\000a\000t\000o\000r\000*\000\050\000\051\000\040\000[\0001\000/\0002\000]}{subsection.9.19.3}% 685
\BOOKMARK [3][-]{subsubsection.9.19.3.10}{\376\377\0009\000.\0001\0009\000.\0003\000.\0001\0000\000\040\000o\000p\000e\000r\000a\000t\000o\000r\000*\000\050\000\051\000\040\000[\0002\000/\0002\000]}{subsection.9.19.3}% 686
\BOOKMARK [3][-]{subsubsection.9.19.3.11}{\376\377\0009\000.\0001\0009\000.\0003\000.\0001\0001\000\040\000o\000p\000e\000r\000a\000t\000o\000r\000*\000=\000\050\000\051\000\040\000[\0001\000/\0002\000]}{subsection.9.19.3}% 687
\BOOKMARK [3][-]{subsubsection.9.19.3.12}{\376\377\0009\000.\0001\0009\000.\0003\000.\0001\0002\000\040\000o\000p\000e\000r\000a\000t\000o\000r\000*\000=\000\050\000\051\000\040\000[\0002\000/\0002\000]}{subsection.9.19.3}% 688
\BOOKMARK [3][-]{subsubsection.9.19.3.13}{\376\377\0009\000.\0001\0009\000.\0003\000.\0001\0003\000\040\000o\000p\000e\000r\000a\000t\000o\000r\000+\000\050\000\051\000\040\000[\0001\000/\0002\000]}{subsection.9.19.3}% 689
\BOOKMARK [3][-]{subsubsection.9.19.3.14}{\376\377\0009\000.\0001\0009\000.\0003\000.\0001\0004\000\040\000o\000p\000e\000r\000a\000t\000o\000r\000+\000\050\000\051\000\040\000[\0002\000/\0002\000]}{subsection.9.19.3}% 690
\BOOKMARK [3][-]{subsubsection.9.19.3.15}{\376\377\0009\000.\0001\0009\000.\0003\000.\0001\0005\000\040\000o\000p\000e\000r\000a\000t\000o\000r\000+\000=\000\050\000\051\000\040\000[\0001\000/\0002\000]}{subsection.9.19.3}% 691
\BOOKMARK [3][-]{subsubsection.9.19.3.16}{\376\377\0009\000.\0001\0009\000.\0003\000.\0001\0006\000\040\000o\000p\000e\000r\000a\000t\000o\000r\000+\000=\000\050\000\051\000\040\000[\0002\000/\0002\000]}{subsection.9.19.3}% 692
\BOOKMARK [3][-]{subsubsection.9.19.3.17}{\376\377\0009\000.\0001\0009\000.\0003\000.\0001\0007\000\040\000o\000p\000e\000r\000a\000t\000o\000r\000-\000\050\000\051\000\040\000[\0001\000/\0002\000]}{subsection.9.19.3}% 693
\BOOKMARK [3][-]{subsubsection.9.19.3.18}{\376\377\0009\000.\0001\0009\000.\0003\000.\0001\0008\000\040\000o\000p\000e\000r\000a\000t\000o\000r\000-\000\050\000\051\000\040\000[\0002\000/\0002\000]}{subsection.9.19.3}% 694
\BOOKMARK [3][-]{subsubsection.9.19.3.19}{\376\377\0009\000.\0001\0009\000.\0003\000.\0001\0009\000\040\000o\000p\000e\000r\000a\000t\000o\000r\000-\000=\000\050\000\051\000\040\000[\0001\000/\0002\000]}{subsection.9.19.3}% 695
\BOOKMARK [3][-]{subsubsection.9.19.3.20}{\376\377\0009\000.\0001\0009\000.\0003\000.\0002\0000\000\040\000o\000p\000e\000r\000a\000t\000o\000r\000-\000=\000\050\000\051\000\040\000[\0002\000/\0002\000]}{subsection.9.19.3}% 696
\BOOKMARK [3][-]{subsubsection.9.19.3.21}{\376\377\0009\000.\0001\0009\000.\0003\000.\0002\0001\000\040\000o\000p\000e\000r\000a\000t\000o\000r\000/\000\050\000\051\000\040\000[\0001\000/\0002\000]}{subsection.9.19.3}% 697
\BOOKMARK [3][-]{subsubsection.9.19.3.22}{\376\377\0009\000.\0001\0009\000.\0003\000.\0002\0002\000\040\000o\000p\000e\000r\000a\000t\000o\000r\000/\000\050\000\051\000\040\000[\0002\000/\0002\000]}{subsection.9.19.3}% 698
\BOOKMARK [3][-]{subsubsection.9.19.3.23}{\376\377\0009\000.\0001\0009\000.\0003\000.\0002\0003\000\040\000o\000p\000e\000r\000a\000t\000o\000r\000/\000=\000\050\000\051\000\040\000[\0001\000/\0002\000]}{subsection.9.19.3}% 699
\BOOKMARK [3][-]{subsubsection.9.19.3.24}{\376\377\0009\000.\0001\0009\000.\0003\000.\0002\0004\000\040\000o\000p\000e\000r\000a\000t\000o\000r\000/\000=\000\050\000\051\000\040\000[\0002\000/\0002\000]}{subsection.9.19.3}% 700
\BOOKMARK [3][-]{subsubsection.9.19.3.25}{\376\377\0009\000.\0001\0009\000.\0003\000.\0002\0005\000\040\000o\000p\000e\000r\000a\000t\000o\000r\000=\000\050\000\051\000\040\000[\0001\000/\0002\000]}{subsection.9.19.3}% 701
\BOOKMARK [3][-]{subsubsection.9.19.3.26}{\376\377\0009\000.\0001\0009\000.\0003\000.\0002\0006\000\040\000o\000p\000e\000r\000a\000t\000o\000r\000=\000\050\000\051\000\040\000[\0002\000/\0002\000]}{subsection.9.19.3}% 702
\BOOKMARK [1][-]{section.9.20}{\376\377\0009\000.\0002\0000\000\040\000g\000g\000:\000:\000G\000g\000V\000e\000r\000t\000e\000x\000\040\151\313\220\040\117\123}{chapter.9}% 703
\BOOKMARK [2][-]{subsection.9.20.1}{\376\377\0009\000.\0002\0000\000.\0001\000\040\212\163\211\343}{section.9.20}% 704
\BOOKMARK [2][-]{subsection.9.20.2}{\376\377\0009\000.\0002\0000\000.\0002\000\040\151\313\173\311\133\120\060\150\211\343\117\123\133\120}{section.9.20}% 705
\BOOKMARK [3][-]{subsubsection.9.20.2.1}{\376\377\0009\000.\0002\0000\000.\0002\000.\0001\000\040\000G\000g\000V\000e\000r\000t\000e\000x\000\050\000\051\000\040\000[\0001\000/\0004\000]}{subsection.9.20.2}% 706
\BOOKMARK [3][-]{subsubsection.9.20.2.2}{\376\377\0009\000.\0002\0000\000.\0002\000.\0002\000\040\000G\000g\000V\000e\000r\000t\000e\000x\000\050\000\051\000\040\000[\0002\000/\0004\000]}{subsection.9.20.2}% 707
\BOOKMARK [3][-]{subsubsection.9.20.2.3}{\376\377\0009\000.\0002\0000\000.\0002\000.\0003\000\040\000G\000g\000V\000e\000r\000t\000e\000x\000\050\000\051\000\040\000[\0003\000/\0004\000]}{subsection.9.20.2}% 708
\BOOKMARK [3][-]{subsubsection.9.20.2.4}{\376\377\0009\000.\0002\0000\000.\0002\000.\0004\000\040\000G\000g\000V\000e\000r\000t\000e\000x\000\050\000\051\000\040\000[\0004\000/\0004\000]}{subsection.9.20.2}% 709
\BOOKMARK [2][-]{subsection.9.20.3}{\376\377\0009\000.\0002\0000\000.\0003\000\040\060\341\060\363\060\320\212\163\211\343}{section.9.20}% 710
\BOOKMARK [3][-]{subsubsection.9.20.3.1}{\376\377\0009\000.\0002\0000\000.\0003\000.\0001\000\040\000n\000o\000r\000m\000a\000l}{subsection.9.20.3}% 711
\BOOKMARK [3][-]{subsubsection.9.20.3.2}{\376\377\0009\000.\0002\0000\000.\0003\000.\0002\000\040\000p\000o\000s\000i\000t\000i\000o\000n}{subsection.9.20.3}% 712
\BOOKMARK [1][-]{section.9.21}{\376\377\0009\000.\0002\0001\000\040\000g\000g\000:\000:\000G\000g\000V\000e\000r\000t\000e\000x\000A\000r\000r\000a\000y\000\040\060\257\060\351\060\271}{chapter.9}% 713
\BOOKMARK [2][-]{subsection.9.21.1}{\376\377\0009\000.\0002\0001\000.\0001\000\040\212\163\211\343}{section.9.21}% 714
\BOOKMARK [2][-]{subsection.9.21.2}{\376\377\0009\000.\0002\0001\000.\0002\000\040\151\313\173\311\133\120\060\150\211\343\117\123\133\120}{section.9.21}% 715
\BOOKMARK [3][-]{subsubsection.9.21.2.1}{\376\377\0009\000.\0002\0001\000.\0002\000.\0001\000\040\000G\000g\000V\000e\000r\000t\000e\000x\000A\000r\000r\000a\000y\000\050\000\051\000\040\000[\0001\000/\0003\000]}{subsection.9.21.2}% 716
\BOOKMARK [3][-]{subsubsection.9.21.2.2}{\376\377\0009\000.\0002\0001\000.\0002\000.\0002\000\040\000G\000g\000V\000e\000r\000t\000e\000x\000A\000r\000r\000a\000y\000\050\000\051\000\040\000[\0002\000/\0003\000]}{subsection.9.21.2}% 717
\BOOKMARK [3][-]{subsubsection.9.21.2.3}{\376\377\0009\000.\0002\0001\000.\0002\000.\0003\000\040\000G\000g\000V\000e\000r\000t\000e\000x\000A\000r\000r\000a\000y\000\050\000\051\000\040\000[\0003\000/\0003\000]}{subsection.9.21.2}% 718
\BOOKMARK [3][-]{subsubsection.9.21.2.4}{\376\377\0009\000.\0002\0001\000.\0002\000.\0004\000\040\000~\000G\000g\000V\000e\000r\000t\000e\000x\000A\000r\000r\000a\000y\000\050\000\051}{subsection.9.21.2}% 719
\BOOKMARK [2][-]{subsection.9.21.3}{\376\377\0009\000.\0002\0001\000.\0003\000\040\225\242\145\160\212\163\211\343}{section.9.21}% 720
\BOOKMARK [3][-]{subsubsection.9.21.3.1}{\376\377\0009\000.\0002\0001\000.\0003\000.\0001\000\040\000b\000i\000n\000d\000\050\000\051}{subsection.9.21.3}% 721
\BOOKMARK [3][-]{subsubsection.9.21.3.2}{\376\377\0009\000.\0002\0001\000.\0003\000.\0002\000\040\000g\000e\000t\000\050\000\051}{subsection.9.21.3}% 722
\BOOKMARK [3][-]{subsubsection.9.21.3.3}{\376\377\0009\000.\0002\0001\000.\0003\000.\0003\000\040\000o\000p\000e\000r\000a\000t\000o\000r\000=\000\050\000\051}{subsection.9.21.3}% 723
\BOOKMARK [1][-]{section.9.22}{\376\377\0009\000.\0002\0002\000\040\000g\000g\000:\000:\000G\000g\000S\000i\000m\000p\000l\000e\000S\000h\000a\000d\000e\000r\000:\000:\000L\000i\000g\000h\000t\000\040\151\313\220\040\117\123}{chapter.9}% 724
\BOOKMARK [2][-]{subsection.9.22.1}{\376\377\0009\000.\0002\0002\000.\0001\000\040\212\163\211\343}{section.9.22}% 725
\BOOKMARK [2][-]{subsection.9.22.2}{\376\377\0009\000.\0002\0002\000.\0002\000\040\060\341\060\363\060\320\212\163\211\343}{section.9.22}% 726
\BOOKMARK [3][-]{subsubsection.9.22.2.1}{\376\377\0009\000.\0002\0002\000.\0002\000.\0001\000\040\000a\000m\000b\000i\000e\000n\000t}{subsection.9.22.2}% 727
\BOOKMARK [3][-]{subsubsection.9.22.2.2}{\376\377\0009\000.\0002\0002\000.\0002\000.\0002\000\040\000d\000i\000f\000f\000u\000s\000e}{subsection.9.22.2}% 728
\BOOKMARK [3][-]{subsubsection.9.22.2.3}{\376\377\0009\000.\0002\0002\000.\0002\000.\0003\000\040\000p\000o\000s\000i\000t\000i\000o\000n}{subsection.9.22.2}% 729
\BOOKMARK [3][-]{subsubsection.9.22.2.4}{\376\377\0009\000.\0002\0002\000.\0002\000.\0004\000\040\000s\000p\000e\000c\000u\000l\000a\000r}{subsection.9.22.2}% 730
\BOOKMARK [1][-]{section.9.23}{\376\377\0009\000.\0002\0003\000\040\000g\000g\000:\000:\000G\000g\000S\000i\000m\000p\000l\000e\000S\000h\000a\000d\000e\000r\000:\000:\000L\000i\000g\000h\000t\000B\000u\000f\000f\000e\000r\000\040\060\257\060\351\060\271}{chapter.9}% 731
\BOOKMARK [2][-]{subsection.9.23.1}{\376\377\0009\000.\0002\0003\000.\0001\000\040\212\163\211\343}{section.9.23}% 732
\BOOKMARK [2][-]{subsection.9.23.2}{\376\377\0009\000.\0002\0003\000.\0002\000\040\151\313\173\311\133\120\060\150\211\343\117\123\133\120}{section.9.23}% 733
\BOOKMARK [3][-]{subsubsection.9.23.2.1}{\376\377\0009\000.\0002\0003\000.\0002\000.\0001\000\040\000L\000i\000g\000h\000t\000B\000u\000f\000f\000e\000r\000\050\000\051\000\040\000[\0001\000/\0003\000]}{subsection.9.23.2}% 734
\BOOKMARK [3][-]{subsubsection.9.23.2.2}{\376\377\0009\000.\0002\0003\000.\0002\000.\0002\000\040\000L\000i\000g\000h\000t\000B\000u\000f\000f\000e\000r\000\050\000\051\000\040\000[\0002\000/\0003\000]}{subsection.9.23.2}% 735
\BOOKMARK [3][-]{subsubsection.9.23.2.3}{\376\377\0009\000.\0002\0003\000.\0002\000.\0003\000\040\000L\000i\000g\000h\000t\000B\000u\000f\000f\000e\000r\000\050\000\051\000\040\000[\0003\000/\0003\000]}{subsection.9.23.2}% 736
\BOOKMARK [3][-]{subsubsection.9.23.2.4}{\376\377\0009\000.\0002\0003\000.\0002\000.\0004\000\040\000~\000L\000i\000g\000h\000t\000B\000u\000f\000f\000e\000r\000\050\000\051}{subsection.9.23.2}% 737
\BOOKMARK [2][-]{subsection.9.23.3}{\376\377\0009\000.\0002\0003\000.\0003\000\040\225\242\145\160\212\163\211\343}{section.9.23}% 738
\BOOKMARK [3][-]{subsubsection.9.23.3.1}{\376\377\0009\000.\0002\0003\000.\0003\000.\0001\000\040\000l\000o\000a\000d\000\050\000\051\000\040\000[\0001\000/\0002\000]}{subsection.9.23.3}% 739
\BOOKMARK [3][-]{subsubsection.9.23.3.2}{\376\377\0009\000.\0002\0003\000.\0003\000.\0002\000\040\000l\000o\000a\000d\000\050\000\051\000\040\000[\0002\000/\0002\000]}{subsection.9.23.3}% 740
\BOOKMARK [3][-]{subsubsection.9.23.3.3}{\376\377\0009\000.\0002\0003\000.\0003\000.\0003\000\040\000l\000o\000a\000d\000A\000m\000b\000i\000e\000n\000t\000\050\000\051\000\040\000[\0001\000/\0003\000]}{subsection.9.23.3}% 741
\BOOKMARK [3][-]{subsubsection.9.23.3.4}{\376\377\0009\000.\0002\0003\000.\0003\000.\0004\000\040\000l\000o\000a\000d\000A\000m\000b\000i\000e\000n\000t\000\050\000\051\000\040\000[\0002\000/\0003\000]}{subsection.9.23.3}% 742
\BOOKMARK [3][-]{subsubsection.9.23.3.5}{\376\377\0009\000.\0002\0003\000.\0003\000.\0005\000\040\000l\000o\000a\000d\000A\000m\000b\000i\000e\000n\000t\000\050\000\051\000\040\000[\0003\000/\0003\000]}{subsection.9.23.3}% 743
\BOOKMARK [3][-]{subsubsection.9.23.3.6}{\376\377\0009\000.\0002\0003\000.\0003\000.\0006\000\040\000l\000o\000a\000d\000C\000o\000l\000o\000r\000\050\000\051}{subsection.9.23.3}% 744
\BOOKMARK [3][-]{subsubsection.9.23.3.7}{\376\377\0009\000.\0002\0003\000.\0003\000.\0007\000\040\000l\000o\000a\000d\000D\000i\000f\000f\000u\000s\000e\000\050\000\051\000\040\000[\0001\000/\0003\000]}{subsection.9.23.3}% 745
\BOOKMARK [3][-]{subsubsection.9.23.3.8}{\376\377\0009\000.\0002\0003\000.\0003\000.\0008\000\040\000l\000o\000a\000d\000D\000i\000f\000f\000u\000s\000e\000\050\000\051\000\040\000[\0002\000/\0003\000]}{subsection.9.23.3}% 746
\BOOKMARK [3][-]{subsubsection.9.23.3.9}{\376\377\0009\000.\0002\0003\000.\0003\000.\0009\000\040\000l\000o\000a\000d\000D\000i\000f\000f\000u\000s\000e\000\050\000\051\000\040\000[\0003\000/\0003\000]}{subsection.9.23.3}% 747
\BOOKMARK [3][-]{subsubsection.9.23.3.10}{\376\377\0009\000.\0002\0003\000.\0003\000.\0001\0000\000\040\000l\000o\000a\000d\000P\000o\000s\000i\000t\000i\000o\000n\000\050\000\051\000\040\000[\0001\000/\0004\000]}{subsection.9.23.3}% 748
\BOOKMARK [3][-]{subsubsection.9.23.3.11}{\376\377\0009\000.\0002\0003\000.\0003\000.\0001\0001\000\040\000l\000o\000a\000d\000P\000o\000s\000i\000t\000i\000o\000n\000\050\000\051\000\040\000[\0002\000/\0004\000]}{subsection.9.23.3}% 749
\BOOKMARK [3][-]{subsubsection.9.23.3.12}{\376\377\0009\000.\0002\0003\000.\0003\000.\0001\0002\000\040\000l\000o\000a\000d\000P\000o\000s\000i\000t\000i\000o\000n\000\050\000\051\000\040\000[\0003\000/\0004\000]}{subsection.9.23.3}% 750
\BOOKMARK [3][-]{subsubsection.9.23.3.13}{\376\377\0009\000.\0002\0003\000.\0003\000.\0001\0003\000\040\000l\000o\000a\000d\000P\000o\000s\000i\000t\000i\000o\000n\000\050\000\051\000\040\000[\0004\000/\0004\000]}{subsection.9.23.3}% 751
\BOOKMARK [3][-]{subsubsection.9.23.3.14}{\376\377\0009\000.\0002\0003\000.\0003\000.\0001\0004\000\040\000l\000o\000a\000d\000S\000p\000e\000c\000u\000l\000a\000r\000\050\000\051\000\040\000[\0001\000/\0003\000]}{subsection.9.23.3}% 752
\BOOKMARK [3][-]{subsubsection.9.23.3.15}{\376\377\0009\000.\0002\0003\000.\0003\000.\0001\0005\000\040\000l\000o\000a\000d\000S\000p\000e\000c\000u\000l\000a\000r\000\050\000\051\000\040\000[\0002\000/\0003\000]}{subsection.9.23.3}% 753
\BOOKMARK [3][-]{subsubsection.9.23.3.16}{\376\377\0009\000.\0002\0003\000.\0003\000.\0001\0006\000\040\000l\000o\000a\000d\000S\000p\000e\000c\000u\000l\000a\000r\000\050\000\051\000\040\000[\0003\000/\0003\000]}{subsection.9.23.3}% 754
\BOOKMARK [3][-]{subsubsection.9.23.3.17}{\376\377\0009\000.\0002\0003\000.\0003\000.\0001\0007\000\040\000s\000e\000l\000e\000c\000t\000\050\000\051}{subsection.9.23.3}% 755
\BOOKMARK [1][-]{section.9.24}{\376\377\0009\000.\0002\0004\000\040\000g\000g\000:\000:\000G\000g\000S\000i\000m\000p\000l\000e\000S\000h\000a\000d\000e\000r\000:\000:\000M\000a\000t\000e\000r\000i\000a\000l\000\040\151\313\220\040\117\123}{chapter.9}% 756
\BOOKMARK [2][-]{subsection.9.24.1}{\376\377\0009\000.\0002\0004\000.\0001\000\040\212\163\211\343}{section.9.24}% 757
\BOOKMARK [2][-]{subsection.9.24.2}{\376\377\0009\000.\0002\0004\000.\0002\000\040\060\341\060\363\060\320\212\163\211\343}{section.9.24}% 758
\BOOKMARK [3][-]{subsubsection.9.24.2.1}{\376\377\0009\000.\0002\0004\000.\0002\000.\0001\000\040\000a\000m\000b\000i\000e\000n\000t}{subsection.9.24.2}% 759
\BOOKMARK [3][-]{subsubsection.9.24.2.2}{\376\377\0009\000.\0002\0004\000.\0002\000.\0002\000\040\000d\000i\000f\000f\000u\000s\000e}{subsection.9.24.2}% 760
\BOOKMARK [3][-]{subsubsection.9.24.2.3}{\376\377\0009\000.\0002\0004\000.\0002\000.\0003\000\040\000s\000h\000i\000n\000i\000n\000e\000s\000s}{subsection.9.24.2}% 761
\BOOKMARK [3][-]{subsubsection.9.24.2.4}{\376\377\0009\000.\0002\0004\000.\0002\000.\0004\000\040\000s\000p\000e\000c\000u\000l\000a\000r}{subsection.9.24.2}% 762
\BOOKMARK [1][-]{section.9.25}{\376\377\0009\000.\0002\0005\000\040\000g\000g\000:\000:\000G\000g\000S\000i\000m\000p\000l\000e\000S\000h\000a\000d\000e\000r\000:\000:\000M\000a\000t\000e\000r\000i\000a\000l\000B\000u\000f\000f\000e\000r\000\040\060\257\060\351\060\271}{chapter.9}% 763
\BOOKMARK [2][-]{subsection.9.25.1}{\376\377\0009\000.\0002\0005\000.\0001\000\040\212\163\211\343}{section.9.25}% 764
\BOOKMARK [2][-]{subsection.9.25.2}{\376\377\0009\000.\0002\0005\000.\0002\000\040\151\313\173\311\133\120\060\150\211\343\117\123\133\120}{section.9.25}% 765
\BOOKMARK [3][-]{subsubsection.9.25.2.1}{\376\377\0009\000.\0002\0005\000.\0002\000.\0001\000\040\000M\000a\000t\000e\000r\000i\000a\000l\000B\000u\000f\000f\000e\000r\000\050\000\051\000\040\000[\0001\000/\0003\000]}{subsection.9.25.2}% 766
\BOOKMARK [3][-]{subsubsection.9.25.2.2}{\376\377\0009\000.\0002\0005\000.\0002\000.\0002\000\040\000M\000a\000t\000e\000r\000i\000a\000l\000B\000u\000f\000f\000e\000r\000\050\000\051\000\040\000[\0002\000/\0003\000]}{subsection.9.25.2}% 767
\BOOKMARK [3][-]{subsubsection.9.25.2.3}{\376\377\0009\000.\0002\0005\000.\0002\000.\0003\000\040\000M\000a\000t\000e\000r\000i\000a\000l\000B\000u\000f\000f\000e\000r\000\050\000\051\000\040\000[\0003\000/\0003\000]}{subsection.9.25.2}% 768
\BOOKMARK [3][-]{subsubsection.9.25.2.4}{\376\377\0009\000.\0002\0005\000.\0002\000.\0004\000\040\000~\000M\000a\000t\000e\000r\000i\000a\000l\000B\000u\000f\000f\000e\000r\000\050\000\051}{subsection.9.25.2}% 769
\BOOKMARK [2][-]{subsection.9.25.3}{\376\377\0009\000.\0002\0005\000.\0003\000\040\225\242\145\160\212\163\211\343}{section.9.25}% 770
\BOOKMARK [3][-]{subsubsection.9.25.3.1}{\376\377\0009\000.\0002\0005\000.\0003\000.\0001\000\040\000l\000o\000a\000d\000\050\000\051\000\040\000[\0001\000/\0002\000]}{subsection.9.25.3}% 771
\BOOKMARK [3][-]{subsubsection.9.25.3.2}{\376\377\0009\000.\0002\0005\000.\0003\000.\0002\000\040\000l\000o\000a\000d\000\050\000\051\000\040\000[\0002\000/\0002\000]}{subsection.9.25.3}% 772
\BOOKMARK [3][-]{subsubsection.9.25.3.3}{\376\377\0009\000.\0002\0005\000.\0003\000.\0003\000\040\000l\000o\000a\000d\000A\000m\000b\000i\000e\000n\000t\000\050\000\051\000\040\000[\0001\000/\0003\000]}{subsection.9.25.3}% 773
\BOOKMARK [3][-]{subsubsection.9.25.3.4}{\376\377\0009\000.\0002\0005\000.\0003\000.\0004\000\040\000l\000o\000a\000d\000A\000m\000b\000i\000e\000n\000t\000\050\000\051\000\040\000[\0002\000/\0003\000]}{subsection.9.25.3}% 774
\BOOKMARK [3][-]{subsubsection.9.25.3.5}{\376\377\0009\000.\0002\0005\000.\0003\000.\0005\000\040\000l\000o\000a\000d\000A\000m\000b\000i\000e\000n\000t\000\050\000\051\000\040\000[\0003\000/\0003\000]}{subsection.9.25.3}% 775
\BOOKMARK [3][-]{subsubsection.9.25.3.6}{\376\377\0009\000.\0002\0005\000.\0003\000.\0006\000\040\000l\000o\000a\000d\000A\000m\000b\000i\000e\000n\000t\000A\000n\000d\000D\000i\000f\000f\000u\000s\000e\000\050\000\051\000\040\000[\0001\000/\0003\000]}{subsection.9.25.3}% 776
\BOOKMARK [3][-]{subsubsection.9.25.3.7}{\376\377\0009\000.\0002\0005\000.\0003\000.\0007\000\040\000l\000o\000a\000d\000A\000m\000b\000i\000e\000n\000t\000A\000n\000d\000D\000i\000f\000f\000u\000s\000e\000\050\000\051\000\040\000[\0002\000/\0003\000]}{subsection.9.25.3}% 777
\BOOKMARK [3][-]{subsubsection.9.25.3.8}{\376\377\0009\000.\0002\0005\000.\0003\000.\0008\000\040\000l\000o\000a\000d\000A\000m\000b\000i\000e\000n\000t\000A\000n\000d\000D\000i\000f\000f\000u\000s\000e\000\050\000\051\000\040\000[\0003\000/\0003\000]}{subsection.9.25.3}% 778
\BOOKMARK [3][-]{subsubsection.9.25.3.9}{\376\377\0009\000.\0002\0005\000.\0003\000.\0009\000\040\000l\000o\000a\000d\000D\000i\000f\000f\000u\000s\000e\000\050\000\051\000\040\000[\0001\000/\0003\000]}{subsection.9.25.3}% 779
\BOOKMARK [3][-]{subsubsection.9.25.3.10}{\376\377\0009\000.\0002\0005\000.\0003\000.\0001\0000\000\040\000l\000o\000a\000d\000D\000i\000f\000f\000u\000s\000e\000\050\000\051\000\040\000[\0002\000/\0003\000]}{subsection.9.25.3}% 780
\BOOKMARK [3][-]{subsubsection.9.25.3.11}{\376\377\0009\000.\0002\0005\000.\0003\000.\0001\0001\000\040\000l\000o\000a\000d\000D\000i\000f\000f\000u\000s\000e\000\050\000\051\000\040\000[\0003\000/\0003\000]}{subsection.9.25.3}% 781
\BOOKMARK [3][-]{subsubsection.9.25.3.12}{\376\377\0009\000.\0002\0005\000.\0003\000.\0001\0002\000\040\000l\000o\000a\000d\000S\000h\000i\000n\000i\000n\000e\000s\000s\000\050\000\051\000\040\000[\0001\000/\0002\000]}{subsection.9.25.3}% 782
\BOOKMARK [3][-]{subsubsection.9.25.3.13}{\376\377\0009\000.\0002\0005\000.\0003\000.\0001\0003\000\040\000l\000o\000a\000d\000S\000h\000i\000n\000i\000n\000e\000s\000s\000\050\000\051\000\040\000[\0002\000/\0002\000]}{subsection.9.25.3}% 783
\BOOKMARK [3][-]{subsubsection.9.25.3.14}{\376\377\0009\000.\0002\0005\000.\0003\000.\0001\0004\000\040\000l\000o\000a\000d\000S\000p\000e\000c\000u\000l\000a\000r\000\050\000\051\000\040\000[\0001\000/\0003\000]}{subsection.9.25.3}% 784
\BOOKMARK [3][-]{subsubsection.9.25.3.15}{\376\377\0009\000.\0002\0005\000.\0003\000.\0001\0005\000\040\000l\000o\000a\000d\000S\000p\000e\000c\000u\000l\000a\000r\000\050\000\051\000\040\000[\0002\000/\0003\000]}{subsection.9.25.3}% 785
\BOOKMARK [3][-]{subsubsection.9.25.3.16}{\376\377\0009\000.\0002\0005\000.\0003\000.\0001\0006\000\040\000l\000o\000a\000d\000S\000p\000e\000c\000u\000l\000a\000r\000\050\000\051\000\040\000[\0003\000/\0003\000]}{subsection.9.25.3}% 786
\BOOKMARK [3][-]{subsubsection.9.25.3.17}{\376\377\0009\000.\0002\0005\000.\0003\000.\0001\0007\000\040\000s\000e\000l\000e\000c\000t\000\050\000\051}{subsection.9.25.3}% 787
\BOOKMARK [1][-]{section.9.26}{\376\377\0009\000.\0002\0006\000\040\000M\000e\000n\000u\000\040\060\257\060\351\060\271}{chapter.9}% 788
\BOOKMARK [2][-]{subsection.9.26.1}{\376\377\0009\000.\0002\0006\000.\0001\000\040\212\163\211\343}{section.9.26}% 789
\BOOKMARK [2][-]{subsection.9.26.2}{\376\377\0009\000.\0002\0006\000.\0002\000\040\151\313\173\311\133\120\060\150\211\343\117\123\133\120}{section.9.26}% 790
\BOOKMARK [3][-]{subsubsection.9.26.2.1}{\376\377\0009\000.\0002\0006\000.\0002\000.\0001\000\040\000M\000e\000n\000u\000\050\000\051\000\040\000[\0001\000/\0003\000]}{subsection.9.26.2}% 791
\BOOKMARK [3][-]{subsubsection.9.26.2.2}{\376\377\0009\000.\0002\0006\000.\0002\000.\0002\000\040\000M\000e\000n\000u\000\050\000\051\000\040\000[\0002\000/\0003\000]}{subsection.9.26.2}% 792
\BOOKMARK [3][-]{subsubsection.9.26.2.3}{\376\377\0009\000.\0002\0006\000.\0002\000.\0003\000\040\000M\000e\000n\000u\000\050\000\051\000\040\000[\0003\000/\0003\000]}{subsection.9.26.2}% 793
\BOOKMARK [3][-]{subsubsection.9.26.2.4}{\376\377\0009\000.\0002\0006\000.\0002\000.\0004\000\040\000~\000M\000e\000n\000u\000\050\000\051}{subsection.9.26.2}% 794
\BOOKMARK [2][-]{subsection.9.26.3}{\376\377\0009\000.\0002\0006\000.\0003\000\040\225\242\145\160\212\163\211\343}{section.9.26}% 795
\BOOKMARK [3][-]{subsubsection.9.26.3.1}{\376\377\0009\000.\0002\0006\000.\0003\000.\0001\000\040\000d\000r\000a\000w\000\050\000\051}{subsection.9.26.3}% 796
\BOOKMARK [3][-]{subsubsection.9.26.3.2}{\376\377\0009\000.\0002\0006\000.\0003\000.\0002\000\040\000g\000e\000t\000L\000i\000g\000h\000t\000\050\000\051}{subsection.9.26.3}% 797
\BOOKMARK [3][-]{subsubsection.9.26.3.3}{\376\377\0009\000.\0002\0006\000.\0003\000.\0003\000\040\000g\000e\000t\000M\000o\000d\000e\000l\000\050\000\051}{subsection.9.26.3}% 798
\BOOKMARK [3][-]{subsubsection.9.26.3.4}{\376\377\0009\000.\0002\0006\000.\0003\000.\0004\000\040\000g\000e\000t\000S\000h\000a\000d\000e\000r\000\050\000\051}{subsection.9.26.3}% 799
\BOOKMARK [3][-]{subsubsection.9.26.3.5}{\376\377\0009\000.\0002\0006\000.\0003\000.\0005\000\040\000o\000p\000e\000r\000a\000t\000o\000r\000=\000\050\000\051}{subsection.9.26.3}% 800
\BOOKMARK [2][-]{subsection.9.26.4}{\376\377\0009\000.\0002\0006\000.\0004\000\040\060\325\060\354\060\363\060\311\060\150\225\242\220\043\225\242\145\160\060\156\212\163\211\343}{section.9.26}% 801
\BOOKMARK [3][-]{subsubsection.9.26.4.1}{\376\377\0009\000.\0002\0006\000.\0004\000.\0001\000\040\000S\000c\000e\000n\000e}{subsection.9.26.4}% 802
\BOOKMARK [1][-]{section.9.27}{\376\377\0009\000.\0002\0007\000\040\000G\000g\000A\000p\000p\000:\000:\000W\000i\000n\000d\000o\000w\000\040\060\257\060\351\060\271}{chapter.9}% 803
\BOOKMARK [2][-]{subsection.9.27.1}{\376\377\0009\000.\0002\0007\000.\0001\000\040\212\163\211\343}{section.9.27}% 804
\BOOKMARK [2][-]{subsection.9.27.2}{\376\377\0009\000.\0002\0007\000.\0002\000\040\151\313\173\311\133\120\060\150\211\343\117\123\133\120}{section.9.27}% 805
\BOOKMARK [3][-]{subsubsection.9.27.2.1}{\376\377\0009\000.\0002\0007\000.\0002\000.\0001\000\040\000W\000i\000n\000d\000o\000w\000\050\000\051\000\040\000[\0001\000/\0003\000]}{subsection.9.27.2}% 806
\BOOKMARK [3][-]{subsubsection.9.27.2.2}{\376\377\0009\000.\0002\0007\000.\0002\000.\0002\000\040\000W\000i\000n\000d\000o\000w\000\050\000\051\000\040\000[\0002\000/\0003\000]}{subsection.9.27.2}% 807
\BOOKMARK [3][-]{subsubsection.9.27.2.3}{\376\377\0009\000.\0002\0007\000.\0002\000.\0003\000\040\000W\000i\000n\000d\000o\000w\000\050\000\051\000\040\000[\0003\000/\0003\000]}{subsection.9.27.2}% 808
\BOOKMARK [3][-]{subsubsection.9.27.2.4}{\376\377\0009\000.\0002\0007\000.\0002\000.\0004\000\040\000~\000W\000i\000n\000d\000o\000w\000\050\000\051}{subsection.9.27.2}% 809
\BOOKMARK [2][-]{subsection.9.27.3}{\376\377\0009\000.\0002\0007\000.\0003\000\040\225\242\145\160\212\163\211\343}{section.9.27}% 810
\BOOKMARK [3][-]{subsubsection.9.27.3.1}{\376\377\0009\000.\0002\0007\000.\0003\000.\0001\000\040\000g\000e\000t\000\050\000\051}{subsection.9.27.3}% 811
\BOOKMARK [3][-]{subsubsection.9.27.3.2}{\376\377\0009\000.\0002\0007\000.\0003\000.\0002\000\040\000g\000e\000t\000A\000l\000t\000A\000r\000r\000o\000w\000\050\000\051}{subsection.9.27.3}% 812
\BOOKMARK [3][-]{subsubsection.9.27.3.3}{\376\377\0009\000.\0002\0007\000.\0003\000.\0003\000\040\000g\000e\000t\000A\000l\000t\000A\000r\000r\000o\000w\000X\000\050\000\051}{subsection.9.27.3}% 813
\BOOKMARK [3][-]{subsubsection.9.27.3.4}{\376\377\0009\000.\0002\0007\000.\0003\000.\0004\000\040\000g\000e\000t\000A\000l\000t\000A\000r\000r\000o\000w\000Y\000\050\000\051}{subsection.9.27.3}% 814
\BOOKMARK [3][-]{subsubsection.9.27.3.5}{\376\377\0009\000.\0002\0007\000.\0003\000.\0005\000\040\000g\000e\000t\000A\000r\000r\000o\000w\000\050\000\051\000\040\000[\0001\000/\0002\000]}{subsection.9.27.3}% 815
\BOOKMARK [3][-]{subsubsection.9.27.3.6}{\376\377\0009\000.\0002\0007\000.\0003\000.\0006\000\040\000g\000e\000t\000A\000r\000r\000o\000w\000\050\000\051\000\040\000[\0002\000/\0002\000]}{subsection.9.27.3}% 816
\BOOKMARK [3][-]{subsubsection.9.27.3.7}{\376\377\0009\000.\0002\0007\000.\0003\000.\0007\000\040\000g\000e\000t\000A\000r\000r\000o\000w\000X\000\050\000\051}{subsection.9.27.3}% 817
\BOOKMARK [3][-]{subsubsection.9.27.3.8}{\376\377\0009\000.\0002\0007\000.\0003\000.\0008\000\040\000g\000e\000t\000A\000r\000r\000o\000w\000Y\000\050\000\051}{subsection.9.27.3}% 818
\BOOKMARK [3][-]{subsubsection.9.27.3.9}{\376\377\0009\000.\0002\0007\000.\0003\000.\0009\000\040\000g\000e\000t\000A\000s\000p\000e\000c\000t\000\050\000\051}{subsection.9.27.3}% 819
\BOOKMARK [3][-]{subsubsection.9.27.3.10}{\376\377\0009\000.\0002\0007\000.\0003\000.\0001\0000\000\040\000g\000e\000t\000C\000o\000n\000t\000r\000o\000l\000A\000r\000r\000o\000w\000\050\000\051}{subsection.9.27.3}% 820
\BOOKMARK [3][-]{subsubsection.9.27.3.11}{\376\377\0009\000.\0002\0007\000.\0003\000.\0001\0001\000\040\000g\000e\000t\000C\000o\000n\000t\000r\000o\000l\000A\000r\000r\000o\000w\000X\000\050\000\051}{subsection.9.27.3}% 821
\BOOKMARK [3][-]{subsubsection.9.27.3.12}{\376\377\0009\000.\0002\0007\000.\0003\000.\0001\0002\000\040\000g\000e\000t\000C\000o\000n\000t\000r\000o\000l\000A\000r\000r\000o\000w\000Y\000\050\000\051}{subsection.9.27.3}% 822
\BOOKMARK [3][-]{subsubsection.9.27.3.13}{\376\377\0009\000.\0002\0007\000.\0003\000.\0001\0003\000\040\000g\000e\000t\000F\000b\000o\000H\000e\000i\000g\000h\000t\000\050\000\051}{subsection.9.27.3}% 823
\BOOKMARK [3][-]{subsubsection.9.27.3.14}{\376\377\0009\000.\0002\0007\000.\0003\000.\0001\0004\000\040\000g\000e\000t\000F\000b\000o\000S\000i\000z\000e\000\050\000\051\000\040\000[\0001\000/\0002\000]}{subsection.9.27.3}% 824
\BOOKMARK [3][-]{subsubsection.9.27.3.15}{\376\377\0009\000.\0002\0007\000.\0003\000.\0001\0005\000\040\000g\000e\000t\000F\000b\000o\000S\000i\000z\000e\000\050\000\051\000\040\000[\0002\000/\0002\000]}{subsection.9.27.3}% 825
\BOOKMARK [3][-]{subsubsection.9.27.3.16}{\376\377\0009\000.\0002\0007\000.\0003\000.\0001\0006\000\040\000g\000e\000t\000F\000b\000o\000W\000i\000d\000t\000h\000\050\000\051}{subsection.9.27.3}% 826
\BOOKMARK [3][-]{subsubsection.9.27.3.17}{\376\377\0009\000.\0002\0007\000.\0003\000.\0001\0007\000\040\000g\000e\000t\000H\000e\000i\000g\000h\000t\000\050\000\051}{subsection.9.27.3}% 827
\BOOKMARK [3][-]{subsubsection.9.27.3.18}{\376\377\0009\000.\0002\0007\000.\0003\000.\0001\0008\000\040\000g\000e\000t\000K\000e\000y\000\050\000\051}{subsection.9.27.3}% 828
\BOOKMARK [3][-]{subsubsection.9.27.3.19}{\376\377\0009\000.\0002\0007\000.\0003\000.\0001\0009\000\040\000g\000e\000t\000L\000a\000s\000t\000K\000e\000y\000\050\000\051}{subsection.9.27.3}% 829
\BOOKMARK [3][-]{subsubsection.9.27.3.20}{\376\377\0009\000.\0002\0007\000.\0003\000.\0002\0000\000\040\000g\000e\000t\000M\000o\000u\000s\000e\000\050\000\051\000\040\000[\0001\000/\0003\000]}{subsection.9.27.3}% 830
\BOOKMARK [3][-]{subsubsection.9.27.3.21}{\376\377\0009\000.\0002\0007\000.\0003\000.\0002\0001\000\040\000g\000e\000t\000M\000o\000u\000s\000e\000\050\000\051\000\040\000[\0002\000/\0003\000]}{subsection.9.27.3}% 831
\BOOKMARK [3][-]{subsubsection.9.27.3.22}{\376\377\0009\000.\0002\0007\000.\0003\000.\0002\0002\000\040\000g\000e\000t\000M\000o\000u\000s\000e\000\050\000\051\000\040\000[\0003\000/\0003\000]}{subsection.9.27.3}% 832
\BOOKMARK [3][-]{subsubsection.9.27.3.23}{\376\377\0009\000.\0002\0007\000.\0003\000.\0002\0003\000\040\000g\000e\000t\000M\000o\000u\000s\000e\000X\000\050\000\051}{subsection.9.27.3}% 833
\BOOKMARK [3][-]{subsubsection.9.27.3.24}{\376\377\0009\000.\0002\0007\000.\0003\000.\0002\0004\000\040\000g\000e\000t\000M\000o\000u\000s\000e\000Y\000\050\000\051}{subsection.9.27.3}% 834
\BOOKMARK [3][-]{subsubsection.9.27.3.25}{\376\377\0009\000.\0002\0007\000.\0003\000.\0002\0005\000\040\000g\000e\000t\000R\000o\000t\000a\000t\000i\000o\000n\000\050\000\051}{subsection.9.27.3}% 835
\BOOKMARK [3][-]{subsubsection.9.27.3.26}{\376\377\0009\000.\0002\0007\000.\0003\000.\0002\0006\000\040\000g\000e\000t\000R\000o\000t\000a\000t\000i\000o\000n\000M\000a\000t\000r\000i\000x\000\050\000\051}{subsection.9.27.3}% 836
\BOOKMARK [3][-]{subsubsection.9.27.3.27}{\376\377\0009\000.\0002\0007\000.\0003\000.\0002\0007\000\040\000g\000e\000t\000S\000c\000r\000o\000l\000l\000M\000a\000t\000r\000i\000x\000\050\000\051}{subsection.9.27.3}% 837
\BOOKMARK [3][-]{subsubsection.9.27.3.28}{\376\377\0009\000.\0002\0007\000.\0003\000.\0002\0008\000\040\000g\000e\000t\000S\000h\000i\000f\000t\000A\000r\000r\000o\000w\000\050\000\051}{subsection.9.27.3}% 838
\BOOKMARK [3][-]{subsubsection.9.27.3.29}{\376\377\0009\000.\0002\0007\000.\0003\000.\0002\0009\000\040\000g\000e\000t\000S\000h\000i\000f\000t\000A\000r\000r\000o\000w\000X\000\050\000\051}{subsection.9.27.3}% 839
\BOOKMARK [3][-]{subsubsection.9.27.3.30}{\376\377\0009\000.\0002\0007\000.\0003\000.\0003\0000\000\040\000g\000e\000t\000S\000h\000i\000f\000t\000A\000r\000r\000o\000w\000Y\000\050\000\051}{subsection.9.27.3}% 840
\BOOKMARK [3][-]{subsubsection.9.27.3.31}{\376\377\0009\000.\0002\0007\000.\0003\000.\0003\0001\000\040\000g\000e\000t\000S\000i\000z\000e\000\050\000\051\000\040\000[\0001\000/\0002\000]}{subsection.9.27.3}% 841
\BOOKMARK [3][-]{subsubsection.9.27.3.32}{\376\377\0009\000.\0002\0007\000.\0003\000.\0003\0002\000\040\000g\000e\000t\000S\000i\000z\000e\000\050\000\051\000\040\000[\0002\000/\0002\000]}{subsection.9.27.3}% 842
\BOOKMARK [3][-]{subsubsection.9.27.3.33}{\376\377\0009\000.\0002\0007\000.\0003\000.\0003\0003\000\040\000g\000e\000t\000T\000r\000a\000n\000s\000l\000a\000t\000i\000o\000n\000\050\000\051}{subsection.9.27.3}% 843
\BOOKMARK [3][-]{subsubsection.9.27.3.34}{\376\377\0009\000.\0002\0007\000.\0003\000.\0003\0004\000\040\000g\000e\000t\000T\000r\000a\000n\000s\000l\000a\000t\000i\000o\000n\000M\000a\000t\000r\000i\000x\000\050\000\051}{subsection.9.27.3}% 844
\BOOKMARK [3][-]{subsubsection.9.27.3.35}{\376\377\0009\000.\0002\0007\000.\0003\000.\0003\0005\000\040\000g\000e\000t\000U\000s\000e\000r\000P\000o\000i\000n\000t\000e\000r\000\050\000\051}{subsection.9.27.3}% 845
\BOOKMARK [3][-]{subsubsection.9.27.3.36}{\376\377\0009\000.\0002\0007\000.\0003\000.\0003\0006\000\040\000g\000e\000t\000W\000h\000e\000e\000l\000\050\000\051\000\040\000[\0001\000/\0003\000]}{subsection.9.27.3}% 846
\BOOKMARK [3][-]{subsubsection.9.27.3.37}{\376\377\0009\000.\0002\0007\000.\0003\000.\0003\0007\000\040\000g\000e\000t\000W\000h\000e\000e\000l\000\050\000\051\000\040\000[\0002\000/\0003\000]}{subsection.9.27.3}% 847
\BOOKMARK [3][-]{subsubsection.9.27.3.38}{\376\377\0009\000.\0002\0007\000.\0003\000.\0003\0008\000\040\000g\000e\000t\000W\000h\000e\000e\000l\000\050\000\051\000\040\000[\0003\000/\0003\000]}{subsection.9.27.3}% 848
\BOOKMARK [3][-]{subsubsection.9.27.3.39}{\376\377\0009\000.\0002\0007\000.\0003\000.\0003\0009\000\040\000g\000e\000t\000W\000h\000e\000e\000l\000X\000\050\000\051}{subsection.9.27.3}% 849
\BOOKMARK [3][-]{subsubsection.9.27.3.40}{\376\377\0009\000.\0002\0007\000.\0003\000.\0004\0000\000\040\000g\000e\000t\000W\000h\000e\000e\000l\000Y\000\050\000\051}{subsection.9.27.3}% 850
\BOOKMARK [3][-]{subsubsection.9.27.3.41}{\376\377\0009\000.\0002\0007\000.\0003\000.\0004\0001\000\040\000g\000e\000t\000W\000i\000d\000t\000h\000\050\000\051}{subsection.9.27.3}% 851
\BOOKMARK [3][-]{subsubsection.9.27.3.42}{\376\377\0009\000.\0002\0007\000.\0003\000.\0004\0002\000\040\000o\000p\000e\000r\000a\000t\000o\000r\000\040\000b\000o\000o\000l\000\050\000\051}{subsection.9.27.3}% 852
\BOOKMARK [3][-]{subsubsection.9.27.3.43}{\376\377\0009\000.\0002\0007\000.\0003\000.\0004\0003\000\040\000o\000p\000e\000r\000a\000t\000o\000r\000=\000\050\000\051\000\040\000[\0001\000/\0002\000]}{subsection.9.27.3}% 853
\BOOKMARK [3][-]{subsubsection.9.27.3.44}{\376\377\0009\000.\0002\0007\000.\0003\000.\0004\0004\000\040\000o\000p\000e\000r\000a\000t\000o\000r\000=\000\050\000\051\000\040\000[\0002\000/\0002\000]}{subsection.9.27.3}% 854
\BOOKMARK [3][-]{subsubsection.9.27.3.45}{\376\377\0009\000.\0002\0007\000.\0003\000.\0004\0005\000\040\000r\000e\000s\000e\000t\000\050\000\051}{subsection.9.27.3}% 855
\BOOKMARK [3][-]{subsubsection.9.27.3.46}{\376\377\0009\000.\0002\0007\000.\0003\000.\0004\0006\000\040\000r\000e\000s\000e\000t\000R\000o\000t\000a\000t\000i\000o\000n\000\050\000\051}{subsection.9.27.3}% 856
\BOOKMARK [3][-]{subsubsection.9.27.3.47}{\376\377\0009\000.\0002\0007\000.\0003\000.\0004\0007\000\040\000r\000e\000s\000e\000t\000T\000r\000a\000n\000s\000l\000a\000t\000i\000o\000n\000\050\000\051}{subsection.9.27.3}% 857
\BOOKMARK [3][-]{subsubsection.9.27.3.48}{\376\377\0009\000.\0002\0007\000.\0003\000.\0004\0008\000\040\000r\000e\000s\000t\000o\000r\000e\000V\000i\000e\000w\000p\000o\000r\000t\000\050\000\051}{subsection.9.27.3}% 858
\BOOKMARK [3][-]{subsubsection.9.27.3.49}{\376\377\0009\000.\0002\0007\000.\0003\000.\0004\0009\000\040\000s\000e\000l\000e\000c\000t\000I\000n\000t\000e\000r\000f\000a\000c\000e\000\050\000\051}{subsection.9.27.3}% 859
\BOOKMARK [3][-]{subsubsection.9.27.3.50}{\376\377\0009\000.\0002\0007\000.\0003\000.\0005\0000\000\040\000s\000e\000t\000C\000l\000o\000s\000e\000\050\000\051}{subsection.9.27.3}% 860
\BOOKMARK [3][-]{subsubsection.9.27.3.51}{\376\377\0009\000.\0002\0007\000.\0003\000.\0005\0001\000\040\000s\000e\000t\000K\000e\000y\000b\000o\000a\000r\000d\000F\000u\000n\000c\000\050\000\051}{subsection.9.27.3}% 861
\BOOKMARK [3][-]{subsubsection.9.27.3.52}{\376\377\0009\000.\0002\0007\000.\0003\000.\0005\0002\000\040\000s\000e\000t\000M\000o\000u\000s\000e\000F\000u\000n\000c\000\050\000\051}{subsection.9.27.3}% 862
\BOOKMARK [3][-]{subsubsection.9.27.3.53}{\376\377\0009\000.\0002\0007\000.\0003\000.\0005\0003\000\040\000s\000e\000t\000R\000e\000s\000i\000z\000e\000F\000u\000n\000c\000\050\000\051}{subsection.9.27.3}% 863
\BOOKMARK [3][-]{subsubsection.9.27.3.54}{\376\377\0009\000.\0002\0007\000.\0003\000.\0005\0004\000\040\000s\000e\000t\000U\000s\000e\000r\000P\000o\000i\000n\000t\000e\000r\000\050\000\051}{subsection.9.27.3}% 864
\BOOKMARK [3][-]{subsubsection.9.27.3.55}{\376\377\0009\000.\0002\0007\000.\0003\000.\0005\0005\000\040\000s\000e\000t\000V\000e\000l\000o\000c\000i\000t\000y\000\050\000\051}{subsection.9.27.3}% 865
\BOOKMARK [3][-]{subsubsection.9.27.3.56}{\376\377\0009\000.\0002\0007\000.\0003\000.\0005\0006\000\040\000s\000e\000t\000W\000h\000e\000e\000l\000F\000u\000n\000c\000\050\000\051}{subsection.9.27.3}% 866
\BOOKMARK [3][-]{subsubsection.9.27.3.57}{\376\377\0009\000.\0002\0007\000.\0003\000.\0005\0007\000\040\000s\000h\000o\000u\000l\000d\000C\000l\000o\000s\000e\000\050\000\051}{subsection.9.27.3}% 867
\BOOKMARK [3][-]{subsubsection.9.27.3.58}{\376\377\0009\000.\0002\0007\000.\0003\000.\0005\0008\000\040\000s\000w\000a\000p\000B\000u\000f\000f\000e\000r\000s\000\050\000\051}{subsection.9.27.3}% 868
\BOOKMARK [3][-]{subsubsection.9.27.3.59}{\376\377\0009\000.\0002\0007\000.\0003\000.\0005\0009\000\040\000u\000p\000d\000a\000t\000e\000V\000i\000e\000w\000p\000o\000r\000t\000\050\000\051}{subsection.9.27.3}% 869
\BOOKMARK [0][-]{chapter.10}{\376\377\0001\0000\000\040\060\325\060\241\060\244\060\353\212\163\211\343}{}% 870
\BOOKMARK [1][-]{section.10.1}{\376\377\0001\0000\000.\0001\000\040\000C\000o\000n\000f\000i\000g\000.\000c\000p\000p\000\040\060\325\060\241\060\244\060\353}{chapter.10}% 871
\BOOKMARK [2][-]{subsection.10.1.1}{\376\377\0001\0000\000.\0001\000.\0001\000\040\212\163\211\343}{section.10.1}% 872
\BOOKMARK [2][-]{subsection.10.1.2}{\376\377\0001\0000\000.\0001\000.\0002\000\040\131\011\145\160\212\163\211\343}{section.10.1}% 873
\BOOKMARK [3][-]{subsubsection.10.1.2.1}{\376\377\0001\0000\000.\0001\000.\0002\000.\0001\000\040\000d\000e\000f\000a\000u\000l\000t\000L\000i\000g\000h\000t}{subsection.10.1.2}% 874
\BOOKMARK [1][-]{section.10.2}{\376\377\0001\0000\000.\0002\000\040\000C\000o\000n\000f\000i\000g\000.\000c\000p\000p}{chapter.10}% 875
\BOOKMARK [1][-]{section.10.3}{\376\377\0001\0000\000.\0003\000\040\000C\000o\000n\000f\000i\000g\000.\000h\000\040\060\325\060\241\060\244\060\353}{chapter.10}% 876
\BOOKMARK [2][-]{subsection.10.3.1}{\376\377\0001\0000\000.\0003\000.\0001\000\040\212\163\211\343}{section.10.3}% 877
\BOOKMARK [1][-]{section.10.4}{\376\377\0001\0000\000.\0004\000\040\000C\000o\000n\000f\000i\000g\000.\000h}{chapter.10}% 878
\BOOKMARK [1][-]{section.10.5}{\376\377\0001\0000\000.\0005\000\040\000g\000g\000.\000c\000p\000p\000\040\060\325\060\241\060\244\060\353}{chapter.10}% 879
\BOOKMARK [2][-]{subsection.10.5.1}{\376\377\0001\0000\000.\0005\000.\0001\000\040\212\163\211\343}{section.10.5}% 880
\BOOKMARK [1][-]{section.10.6}{\376\377\0001\0000\000.\0006\000\040\000g\000g\000.\000c\000p\000p}{chapter.10}% 881
\BOOKMARK [1][-]{section.10.7}{\376\377\0001\0000\000.\0007\000\040\000g\000g\000.\000h\000\040\060\325\060\241\060\244\060\353}{chapter.10}% 882
\BOOKMARK [2][-]{subsection.10.7.1}{\376\377\0001\0000\000.\0007\000.\0001\000\040\212\163\211\343}{section.10.7}% 883
\BOOKMARK [2][-]{subsection.10.7.2}{\376\377\0001\0000\000.\0007\000.\0002\000\040\060\336\060\257\060\355\133\232\177\251\212\163\211\343}{section.10.7}% 884
\BOOKMARK [3][-]{subsubsection.10.7.2.1}{\376\377\0001\0000\000.\0007\000.\0002\000.\0001\000\040\000g\000g\000E\000r\000r\000o\000r}{subsection.10.7.2}% 885
\BOOKMARK [3][-]{subsubsection.10.7.2.2}{\376\377\0001\0000\000.\0007\000.\0002\000.\0002\000\040\000g\000g\000F\000B\000O\000E\000r\000r\000o\000r}{subsection.10.7.2}% 886
\BOOKMARK [2][-]{subsection.10.7.3}{\376\377\0001\0000\000.\0007\000.\0003\000\040\127\213\133\232\177\251\212\163\211\343}{section.10.7}% 887
\BOOKMARK [3][-]{subsubsection.10.7.3.1}{\376\377\0001\0000\000.\0007\000.\0003\000.\0001\000\040\000p\000a\000t\000h\000C\000h\000a\000r}{subsection.10.7.3}% 888
\BOOKMARK [3][-]{subsubsection.10.7.3.2}{\376\377\0001\0000\000.\0007\000.\0003\000.\0002\000\040\000p\000a\000t\000h\000S\000t\000r\000i\000n\000g}{subsection.10.7.3}% 889
\BOOKMARK [2][-]{subsection.10.7.4}{\376\377\0001\0000\000.\0007\000.\0004\000\040\225\242\145\160\212\163\211\343}{section.10.7}% 890
\BOOKMARK [3][-]{subsubsection.10.7.4.1}{\376\377\0001\0000\000.\0007\000.\0004\000.\0001\000\040\000T\000C\000h\000a\000r\000T\000o\000U\000t\000f\0008\000\050\000\051}{subsection.10.7.4}% 891
\BOOKMARK [3][-]{subsubsection.10.7.4.2}{\376\377\0001\0000\000.\0007\000.\0004\000.\0002\000\040\000U\000t\000f\0008\000T\000o\000T\000C\000h\000a\000r\000\050\000\051}{subsection.10.7.4}% 892
\BOOKMARK [1][-]{section.10.8}{\376\377\0001\0000\000.\0008\000\040\000g\000g\000.\000h}{chapter.10}% 893
\BOOKMARK [1][-]{section.10.9}{\376\377\0001\0000\000.\0009\000\040\000G\000g\000A\000p\000p\000.\000c\000p\000p\000\040\060\325\060\241\060\244\060\353}{chapter.10}% 894
\BOOKMARK [2][-]{subsection.10.9.1}{\376\377\0001\0000\000.\0009\000.\0001\000\040\212\163\211\343}{section.10.9}% 895
\BOOKMARK [1][-]{section.10.10}{\376\377\0001\0000\000.\0001\0000\000\040\000G\000g\000A\000p\000p\000.\000c\000p\000p}{chapter.10}% 896
\BOOKMARK [1][-]{section.10.11}{\376\377\0001\0000\000.\0001\0001\000\040\000G\000g\000A\000p\000p\000.\000h\000\040\060\325\060\241\060\244\060\353}{chapter.10}% 897
\BOOKMARK [2][-]{subsection.10.11.1}{\376\377\0001\0000\000.\0001\0001\000.\0001\000\040\212\163\211\343}{section.10.11}% 898
\BOOKMARK [2][-]{subsection.10.11.2}{\376\377\0001\0000\000.\0001\0001\000.\0002\000\040\060\336\060\257\060\355\133\232\177\251\212\163\211\343}{section.10.11}% 899
\BOOKMARK [3][-]{subsubsection.10.11.2.1}{\376\377\0001\0000\000.\0001\0001\000.\0002\000.\0001\000\040\000G\000G\000\137\000B\000U\000T\000T\000O\000N\000\137\000C\000O\000U\000N\000T}{subsection.10.11.2}% 900
\BOOKMARK [3][-]{subsubsection.10.11.2.2}{\376\377\0001\0000\000.\0001\0001\000.\0002\000.\0002\000\040\000G\000G\000\137\000I\000N\000T\000E\000R\000F\000A\000C\000E\000\137\000C\000O\000U\000N\000T}{subsection.10.11.2}% 901
\BOOKMARK [3][-]{subsubsection.10.11.2.3}{\376\377\0001\0000\000.\0001\0001\000.\0002\000.\0003\000\040\000G\000G\000\137\000U\000S\000E\000\137\000I\000M\000G\000U\000I}{subsection.10.11.2}% 902
\BOOKMARK [1][-]{section.10.12}{\376\377\0001\0000\000.\0001\0002\000\040\000G\000g\000A\000p\000p\000.\000h}{chapter.10}% 903
\BOOKMARK [1][-]{section.10.13}{\376\377\0001\0000\000.\0001\0003\000\040\000g\000g\000s\000a\000m\000p\000l\000e\0000\0001\000.\000c\000p\000p\000\040\060\325\060\241\060\244\060\353}{chapter.10}% 904
\BOOKMARK [2][-]{subsection.10.13.1}{\376\377\0001\0000\000.\0001\0003\000.\0001\000\040\060\336\060\257\060\355\133\232\177\251\212\163\211\343}{section.10.13}% 905
\BOOKMARK [3][-]{subsubsection.10.13.1.1}{\376\377\0001\0000\000.\0001\0003\000.\0001\000.\0001\000\040\000C\000O\000N\000F\000I\000G\000\137\000F\000I\000L\000E}{subsection.10.13.1}% 906
\BOOKMARK [3][-]{subsubsection.10.13.1.2}{\376\377\0001\0000\000.\0001\0003\000.\0001\000.\0002\000\040\000P\000R\000O\000J\000E\000C\000T\000\137\000N\000A\000M\000E}{subsection.10.13.1}% 907
\BOOKMARK [1][-]{section.10.14}{\376\377\0001\0000\000.\0001\0004\000\040\000g\000g\000s\000a\000m\000p\000l\000e\0000\0001\000.\000c\000p\000p}{chapter.10}% 908
\BOOKMARK [1][-]{section.10.15}{\376\377\0001\0000\000.\0001\0005\000\040\000m\000a\000i\000n\000.\000c\000p\000p\000\040\060\325\060\241\060\244\060\353}{chapter.10}% 909
\BOOKMARK [2][-]{subsection.10.15.1}{\376\377\0001\0000\000.\0001\0005\000.\0001\000\040\212\163\211\343}{section.10.15}% 910
\BOOKMARK [2][-]{subsection.10.15.2}{\376\377\0001\0000\000.\0001\0005\000.\0002\000\040\060\336\060\257\060\355\133\232\177\251\212\163\211\343}{section.10.15}% 911
\BOOKMARK [3][-]{subsubsection.10.15.2.1}{\376\377\0001\0000\000.\0001\0005\000.\0002\000.\0001\000\040\000H\000E\000A\000D\000E\000R\000\137\000S\000T\000R}{subsection.10.15.2}% 912
\BOOKMARK [2][-]{subsection.10.15.3}{\376\377\0001\0000\000.\0001\0005\000.\0003\000\040\225\242\145\160\212\163\211\343}{section.10.15}% 913
\BOOKMARK [3][-]{subsubsection.10.15.3.1}{\376\377\0001\0000\000.\0001\0005\000.\0003\000.\0001\000\040\000m\000a\000i\000n\000\050\000\051}{subsection.10.15.3}% 914
\BOOKMARK [1][-]{section.10.16}{\376\377\0001\0000\000.\0001\0006\000\040\000m\000a\000i\000n\000.\000c\000p\000p}{chapter.10}% 915
\BOOKMARK [1][-]{section.10.17}{\376\377\0001\0000\000.\0001\0007\000\040\000M\000e\000n\000u\000.\000c\000p\000p\000\040\060\325\060\241\060\244\060\353}{chapter.10}% 916
\BOOKMARK [2][-]{subsection.10.17.1}{\376\377\0001\0000\000.\0001\0007\000.\0001\000\040\212\163\211\343}{section.10.17}% 917
\BOOKMARK [1][-]{section.10.18}{\376\377\0001\0000\000.\0001\0008\000\040\000M\000e\000n\000u\000.\000c\000p\000p}{chapter.10}% 918
\BOOKMARK [1][-]{section.10.19}{\376\377\0001\0000\000.\0001\0009\000\040\000M\000e\000n\000u\000.\000h\000\040\060\325\060\241\060\244\060\353}{chapter.10}% 919
\BOOKMARK [2][-]{subsection.10.19.1}{\376\377\0001\0000\000.\0001\0009\000.\0001\000\040\212\163\211\343}{section.10.19}% 920
\BOOKMARK [1][-]{section.10.20}{\376\377\0001\0000\000.\0002\0000\000\040\000M\000e\000n\000u\000.\000h}{chapter.10}% 921
\BOOKMARK [1][-]{section.10.21}{\376\377\0001\0000\000.\0002\0001\000\040\000O\000P\000E\000N\000X\000R\000.\000m\000d\000\040\060\325\060\241\060\244\060\353}{chapter.10}% 922
\BOOKMARK [1][-]{section.10.22}{\376\377\0001\0000\000.\0002\0002\000\040\000p\000a\000r\000s\000e\000c\000o\000n\000f\000i\000g\000.\000h\000\040\060\325\060\241\060\244\060\353}{chapter.10}% 923
\BOOKMARK [2][-]{subsection.10.22.1}{\376\377\0001\0000\000.\0002\0002\000.\0001\000\040\212\163\211\343}{section.10.22}% 924
\BOOKMARK [2][-]{subsection.10.22.2}{\376\377\0001\0000\000.\0002\0002\000.\0002\000\040\225\242\145\160\212\163\211\343}{section.10.22}% 925
\BOOKMARK [3][-]{subsubsection.10.22.2.1}{\376\377\0001\0000\000.\0002\0002\000.\0002\000.\0001\000\040\000g\000e\000t\000S\000t\000r\000i\000n\000g\000\050\000\051\000\040\000[\0001\000/\0003\000]}{subsection.10.22.2}% 926
\BOOKMARK [3][-]{subsubsection.10.22.2.2}{\376\377\0001\0000\000.\0002\0002\000.\0002\000.\0002\000\040\000g\000e\000t\000S\000t\000r\000i\000n\000g\000\050\000\051\000\040\000[\0002\000/\0003\000]}{subsection.10.22.2}% 927
\BOOKMARK [3][-]{subsubsection.10.22.2.3}{\376\377\0001\0000\000.\0002\0002\000.\0002\000.\0003\000\040\000g\000e\000t\000S\000t\000r\000i\000n\000g\000\050\000\051\000\040\000[\0003\000/\0003\000]}{subsection.10.22.2}% 928
\BOOKMARK [3][-]{subsubsection.10.22.2.4}{\376\377\0001\0000\000.\0002\0002\000.\0002\000.\0004\000\040\000g\000e\000t\000V\000a\000l\000u\000e\000\050\000\051\000\040\000[\0001\000/\0004\000]}{subsection.10.22.2}% 929
\BOOKMARK [3][-]{subsubsection.10.22.2.5}{\376\377\0001\0000\000.\0002\0002\000.\0002\000.\0005\000\040\000g\000e\000t\000V\000a\000l\000u\000e\000\050\000\051\000\040\000[\0002\000/\0004\000]}{subsection.10.22.2}% 930
\BOOKMARK [3][-]{subsubsection.10.22.2.6}{\376\377\0001\0000\000.\0002\0002\000.\0002\000.\0006\000\040\000g\000e\000t\000V\000a\000l\000u\000e\000\050\000\051\000\040\000[\0003\000/\0004\000]}{subsection.10.22.2}% 931
\BOOKMARK [3][-]{subsubsection.10.22.2.7}{\376\377\0001\0000\000.\0002\0002\000.\0002\000.\0007\000\040\000g\000e\000t\000V\000a\000l\000u\000e\000\050\000\051\000\040\000[\0004\000/\0004\000]}{subsection.10.22.2}% 932
\BOOKMARK [3][-]{subsubsection.10.22.2.8}{\376\377\0001\0000\000.\0002\0002\000.\0002\000.\0008\000\040\000g\000e\000t\000V\000e\000c\000t\000o\000r\000\050\000\051}{subsection.10.22.2}% 933
\BOOKMARK [3][-]{subsubsection.10.22.2.9}{\376\377\0001\0000\000.\0002\0002\000.\0002\000.\0009\000\040\000s\000e\000t\000S\000t\000r\000i\000n\000g\000\050\000\051\000\040\000[\0001\000/\0003\000]}{subsection.10.22.2}% 934
\BOOKMARK [3][-]{subsubsection.10.22.2.10}{\376\377\0001\0000\000.\0002\0002\000.\0002\000.\0001\0000\000\040\000s\000e\000t\000S\000t\000r\000i\000n\000g\000\050\000\051\000\040\000[\0002\000/\0003\000]}{subsection.10.22.2}% 935
\BOOKMARK [3][-]{subsubsection.10.22.2.11}{\376\377\0001\0000\000.\0002\0002\000.\0002\000.\0001\0001\000\040\000s\000e\000t\000S\000t\000r\000i\000n\000g\000\050\000\051\000\040\000[\0003\000/\0003\000]}{subsection.10.22.2}% 936
\BOOKMARK [3][-]{subsubsection.10.22.2.12}{\376\377\0001\0000\000.\0002\0002\000.\0002\000.\0001\0002\000\040\000s\000e\000t\000V\000a\000l\000u\000e\000\050\000\051\000\040\000[\0001\000/\0004\000]}{subsection.10.22.2}% 937
\BOOKMARK [3][-]{subsubsection.10.22.2.13}{\376\377\0001\0000\000.\0002\0002\000.\0002\000.\0001\0003\000\040\000s\000e\000t\000V\000a\000l\000u\000e\000\050\000\051\000\040\000[\0002\000/\0004\000]}{subsection.10.22.2}% 938
\BOOKMARK [3][-]{subsubsection.10.22.2.14}{\376\377\0001\0000\000.\0002\0002\000.\0002\000.\0001\0004\000\040\000s\000e\000t\000V\000a\000l\000u\000e\000\050\000\051\000\040\000[\0003\000/\0004\000]}{subsection.10.22.2}% 939
\BOOKMARK [3][-]{subsubsection.10.22.2.15}{\376\377\0001\0000\000.\0002\0002\000.\0002\000.\0001\0005\000\040\000s\000e\000t\000V\000a\000l\000u\000e\000\050\000\051\000\040\000[\0004\000/\0004\000]}{subsection.10.22.2}% 940
\BOOKMARK [3][-]{subsubsection.10.22.2.16}{\376\377\0001\0000\000.\0002\0002\000.\0002\000.\0001\0006\000\040\000s\000e\000t\000V\000e\000c\000t\000o\000r\000\050\000\051}{subsection.10.22.2}% 941
\BOOKMARK [1][-]{section.10.23}{\376\377\0001\0000\000.\0002\0003\000\040\000p\000a\000r\000s\000e\000c\000o\000n\000f\000i\000g\000.\000h}{chapter.10}% 942
\BOOKMARK [1][-]{section.10.24}{\376\377\0001\0000\000.\0002\0004\000\040\000R\000E\000A\000D\000M\000E\000.\000m\000d\000\040\060\325\060\241\060\244\060\353}{chapter.10}% 943
\BOOKMARK [0][-]{section*.741}{\376\377\000I\000n\000d\000e\000x}{}% 944
