This is pdfTeX, Version 3.141592653-2.6-1.40.26 (TeX Live 2024) (preloaded format=pdflatex 2025.2.18)  24 AUG 2026 16:38
entering extended mode
 restricted \write18 enabled.
 %&-line parsing enabled.
**refman
(./refman.tex
LaTeX2e <2024-11-01> patch level 2
L3 programming layer <2025-01-18>
(c:/texlive/2024/texmf-dist/tex/generic/iftex/iftex.sty
Package: iftex 2024/12/12 v1.0g TeX engine tests
)
(c:/texlive/2024/texmf-dist/tex/latex/base/book.cls
Document Class: book 2024/06/29 v1.4n Standard LaTeX document class
(c:/texlive/2024/texmf-dist/tex/latex/base/bk10.clo
File: bk10.clo 2024/06/29 v1.4n Standard LaTeX file (size option)
)
\c@part=\count196
\c@chapter=\count197
\c@section=\count198
\c@subsection=\count199
\c@subsubsection=\count266
\c@paragraph=\count267
\c@subparagraph=\count268
\c@figure=\count269
\c@table=\count270
\abovecaptionskip=\skip49
\belowcaptionskip=\skip50
\bibindent=\dimen141
)
(c:/texlive/2024/texmf-dist/tex/generic/infwarerr/infwarerr.sty
package info suppressed
) (./doxygen.sty
Package: doxygen 
(c:/texlive/2024/texmf-dist/tex/latex/base/alltt.sty
Package: alltt 2024/07/07 v2.0g defines alltt environment
)
(c:/texlive/2024/texmf-dist/tex/latex/tools/array.sty
Package: array 2024/10/17 v2.6g Tabular extension package (FMi)
\col@sep=\dimen142
\ar@mcellbox=\box52
\extrarowheight=\dimen143
\NC@list=\toks17
\extratabsurround=\skip51
\backup@length=\skip52
\ar@cellbox=\box53
)
(c:/texlive/2024/texmf-dist/tex/latex/tools/calc.sty
Package: calc 2023/07/08 v4.3 Infix arithmetic (KKT,FJ)
\calc@Acount=\count271
\calc@Bcount=\count272
\calc@Adimen=\dimen144
\calc@Bdimen=\dimen145
\calc@Askip=\skip53
\calc@Bskip=\skip54
LaTeX Info: Redefining \setlength on input line 80.
LaTeX Info: Redefining \addtolength on input line 81.
\calc@Ccount=\count273
\calc@Cskip=\skip55
)
(c:/texlive/2024/texmf-dist/tex/latex/float/float.sty
Package: float 2001/11/08 v1.3d Float enhancements (AL)
\c@float@type=\count274
\float@exts=\toks18
\float@box=\box54
\@float@everytoks=\toks19
\@floatcapt=\box55
)
(c:/texlive/2024/texmf-dist/tex/latex/base/ifthen.sty
Package: ifthen 2024/03/16 v1.1e Standard LaTeX ifthen package (DPC)
)
(c:/texlive/2024/texmf-dist/tex/latex/tools/verbatim.sty
Package: verbatim 2024-01-22 v1.5x LaTeX2e package for verbatim enhancements
\every@verbatim=\toks20
\verbatim@line=\toks21
\verbatim@in@stream=\read2
)
(c:/texlive/2024/texmf-dist/tex/latex/varwidth/varwidth.sty
Package: varwidth 2009/03/30 ver 0.92;  Variable-width minipages
\@vwid@box=\box56
\sift@deathcycles=\count275
\@vwid@loff=\dimen146
\@vwid@roff=\dimen147
)
(c:/texlive/2024/texmf-dist/tex/latex/xcolor/xcolor.sty
Package: xcolor 2024/09/29 v3.02 LaTeX color extensions (UK)

(c:/texlive/2024/texmf-dist/tex/latex/graphics-cfg/color.cfg
File: color.cfg 2016/01/02 v1.6 sample color configuration
)
Package xcolor Info: Driver file: pdftex.def on input line 274.

(c:/texlive/2024/texmf-dist/tex/latex/graphics-def/pdftex.def
File: pdftex.def 2024/04/13 v1.2c Graphics/color driver for pdftex
)
(c:/texlive/2024/texmf-dist/tex/latex/graphics/mathcolor.ltx)
Package xcolor Info: Model `cmy' substituted by `cmy0' on input line 1349.
Package xcolor Info: Model `hsb' substituted by `rgb' on input line 1353.
Package xcolor Info: Model `RGB' extended on input line 1365.
Package xcolor Info: Model `HTML' substituted by `rgb' on input line 1367.
Package xcolor Info: Model `Hsb' substituted by `hsb' on input line 1368.
Package xcolor Info: Model `tHsb' substituted by `hsb' on input line 1369.
Package xcolor Info: Model `HSB' substituted by `hsb' on input line 1370.
Package xcolor Info: Model `Gray' substituted by `gray' on input line 1371.
Package xcolor Info: Model `wave' substituted by `hsb' on input line 1372.
)
(c:/texlive/2024/texmf-dist/tex/latex/colortbl/colortbl.sty
Package: colortbl 2024/07/06 v1.0i Color table columns (DPC)
\everycr=\toks22
\minrowclearance=\skip56
\rownum=\count276
)
(c:/texlive/2024/texmf-dist/tex/latex/tools/longtable.sty
Package: longtable 2024-10-27 v4.22 Multi-page Table package (DPC)
\LTleft=\skip57
\LTright=\skip58
\LTpre=\skip59
\LTpost=\skip60
\LTchunksize=\count277
\LTcapwidth=\dimen148
\LT@head=\box57
\LT@firsthead=\box58
\LT@foot=\box59
\LT@lastfoot=\box60
\LT@gbox=\box61
\LT@cols=\count278
\LT@rows=\count279
\c@LT@tables=\count280
\c@LT@chunks=\count281
\LT@p@ftn=\toks23
)
(c:/texlive/2024/texmf-dist/tex/latex/xltabular/xltabular.sty
Package: xltabular 2024/11/13 v0.2h `xltabular' package (hv,RN)

(c:/texlive/2024/texmf-dist/tex/latex/tools/tabularx.sty
Package: tabularx 2023/12/11 v2.12a `tabularx' package (DPC)
\TX@col@width=\dimen149
\TX@old@table=\dimen150
\TX@old@col=\dimen151
\TX@target=\dimen152
\TX@delta=\dimen153
\TX@cols=\count282
\TX@ftn=\toks24
)
(c:/texlive/2024/texmf-dist/tex/latex/etoolbox/etoolbox.sty
Package: etoolbox 2025/02/11 v2.5l e-TeX tools for LaTeX (JAW)
\etb@tempcnta=\count283
)
(c:/texlive/2024/texmf-dist/tex/latex/ltablex/ltablex.sty
Package: ltablex 2014/08/13 v1.1 Modified tabularx
))
(c:/texlive/2024/texmf-dist/tex/latex/tabularray/tabularray.sty
(c:/texlive/2024/texmf-dist/tex/latex/l3kernel/expl3.sty
Package: expl3 2025-01-18 L3 programming layer (loader) 

(c:/texlive/2024/texmf-dist/tex/latex/l3backend/l3backend-pdftex.def
File: l3backend-pdftex.def 2024-05-08 L3 backend support: PDF output (pdfTeX)
\l__color_backend_stack_int=\count284
\l__pdf_internal_box=\box62
))
Package: tabularray 2024-02-16 v2024A Typeset tabulars and arrays with LaTeX3
\l__tblr_a_int=\count285
\l__tblr_c_int=\count286
\l__tblr_r_int=\count287
\l__tblr_d_dim=\dimen154
\l__tblr_h_dim=\dimen155
\l__tblr_o_dim=\dimen156
\l__tblr_p_dim=\dimen157
\l__tblr_q_dim=\dimen158
\l__tblr_r_dim=\dimen159
\l__tblr_s_dim=\dimen160
\l__tblr_t_dim=\dimen161
\l__tblr_v_dim=\dimen162
\l__tblr_w_dim=\dimen163
\l__tblr_a_box=\box63
\l__tblr_b_box=\box64
\l__tblr_c_box=\box65
\l__tblr_d_box=\box66
\g__tblr_table_count_int=\count288
\c@colnum=\count289
\c@rowcount=\count290
\c@colcount=\count291
\abovesep=\dimen164
\belowsep=\dimen165
\leftsep=\dimen166
\rightsep=\dimen167
\g_tblr_level_int=\count292
\g__tblr_data_row_key_count_int=\count293
\g__tblr_data_column_key_count_int=\count294
\g__tblr_data_cell_key_count_int=\count295
\g__tblr_array_int=\count296
\l__tblr_key_count_int=\count297
\l__tblr_key_quotient_int=\count298
\l__tblr_key_quotient_two_int=\count299
\l__tblr_key_remainder_int=\count300
\g__tblr_data_str_value_count_int=\count301
\rulewidth=\dimen168
\l__tblr_strut_dp_dim=\dimen169
\l__tblr_strut_ht_dim=\dimen170
\g__tblr_cell_wd_dim=\dimen171
\g__tblr_cell_ht_dim=\dimen172
\g__tblr_cell_head_dim=\dimen173
\g__tblr_cell_foot_dim=\dimen174
\l__column_target_dim=\dimen175
\l__tblr_caption_box=\box67
\l__tblr_caption_left_box=\box68
\l__tblr_row_head_box=\box69
\l__tblr_row_foot_box=\box70
\l__tblr_row_head_foot_dim=\dimen176
\tablewidth=\dimen177
\l__tblr_table_firsthead_box=\box71
\l__tblr_table_middlehead_box=\box72
\l__tblr_table_lasthead_box=\box73
\l__tblr_table_firstfoot_box=\box74
\l__tblr_table_middlefoot_box=\box75
\l__tblr_table_lastfoot_box=\box76
\l__tblr_remain_height_dim=\dimen178
\l__tblr_long_from_int=\count302
\l__tblr_long_to_int=\count303
\l__tblr_curr_i_int=\count304
\l__tblr_prev_i_int=\count305
\l__tblr_table_page_int=\count306
\l__tblr_table_head_box=\box77
\l__tblr_table_foot_box=\box78
\l__tblr_table_head_foot_dim=\dimen179
\l__tblr_table_head_body_foot_dim=\dimen180
\l__tblr_table_box=\box79
\l__tblr_table_hlines_box=\box80
\l__tblr_hline_box=\box81
\l__tblr_row_box=\box82
\l__tblr_col_o_wd_dim=\dimen181
\l__tblr_col_b_wd_dim=\dimen182
\l__tblr_hline_leftskip_dim=\dimen183
\l__tblr_hline_rightskip_dim=\dimen184
\l__tblr_row_ht_dim=\dimen185
\l__tblr_row_dp_dim=\dimen186
\l__tblr_row_abovesep_dim=\dimen187
\l__tblr_row_belowsep_dim=\dimen188
\l__tblr_row_vlines_box=\box83
\l__tblr_vline_box=\box84
\l__tblr_cell_box=\box85
\l__row_upper_dim=\dimen189
\l__row_lower_dim=\dimen190
\l__row_vpace_dim=\dimen191
\l__tblr_vline_aboveskip_dim=\dimen192
\l__tblr_vline_belowskip_dim=\dimen193
\l__tblr_cell_wd_dim=\dimen194
\l__tblr_cell_ht_dim=\dimen195
\l__tblr_diag_box=\box86
)
\g__doxy_nohyper_int=\count307

(c:/texlive/2024/texmf-dist/tex/latex/fancyvrb/fancyvrb.sty
Package: fancyvrb 2024/01/20 4.5c verbatim text (tvz,hv)

(c:/texlive/2024/texmf-dist/tex/latex/graphics/keyval.sty
Package: keyval 2022/05/29 v1.15 key=value parser (DPC)
\KV@toks@=\toks25
)
\FV@CodeLineNo=\count308
\FV@InFile=\read3
\FV@TabBox=\box87
\c@FancyVerbLine=\count309
\FV@StepNumber=\count310
\FV@OutFile=\write3
)
(c:/texlive/2024/texmf-dist/tex/latex/tools/multicol.sty
Package: multicol 2024/09/14 v1.9i multicolumn formatting (FMi)
\c@tracingmulticols=\count311
\mult@box=\box88
\multicol@leftmargin=\dimen196
\c@unbalance=\count312
\c@collectmore=\count313
\doublecol@number=\count314
\multicoltolerance=\count315
\multicolpretolerance=\count316
\full@width=\dimen197
\page@free=\dimen198
\premulticols=\dimen199
\postmulticols=\dimen256
\multicolsep=\skip61
\multicolbaselineskip=\skip62
\partial@page=\box89
\last@line=\box90
\mc@boxedresult=\box91
\maxbalancingoverflow=\dimen257
\mult@rightbox=\box92
\mult@grightbox=\box93
\mult@firstbox=\box94
\mult@gfirstbox=\box95
\@tempa=\box96
\@tempa=\box97
\@tempa=\box98
\@tempa=\box99
\@tempa=\box100
\@tempa=\box101
\@tempa=\box102
\@tempa=\box103
\@tempa=\box104
\@tempa=\box105
\@tempa=\box106
\@tempa=\box107
\@tempa=\box108
\@tempa=\box109
\@tempa=\box110
\@tempa=\box111
\@tempa=\box112
\@tempa=\box113
\@tempa=\box114
\@tempa=\box115
\@tempa=\box116
\@tempa=\box117
\@tempa=\box118
\@tempa=\box119
\@tempa=\box120
\@tempa=\box121
\@tempa=\box122
\@tempa=\box123
\@tempa=\box124
\@tempa=\box125
\@tempa=\box126
\@tempa=\box127
\@tempa=\box128
\@tempa=\box129
\@tempa=\box130
\@tempa=\box131
\c@minrows=\count317
\c@columnbadness=\count318
\c@finalcolumnbadness=\count319
\last@try=\dimen258
\multicolovershoot=\dimen259
\multicolundershoot=\dimen260
\mult@nat@firstbox=\box132
\colbreak@box=\box133
\mc@col@check@num=\count320
)
(c:/texlive/2024/texmf-dist/tex/latex/multirow/multirow.sty
Package: multirow 2024/11/12 v2.9 Span multiple rows of a table
\multirow@colwidth=\skip63
\multirow@cntb=\count321
\multirow@dima=\skip64
\bigstrutjot=\dimen261
)
(c:/texlive/2024/texmf-dist/tex/latex/hanging/hanging.sty
Package: hanging 2009/09/02 v1.2b hanging paragraphs and punctuation
\h@ngcommawd=\skip65
\h@ngfstopwd=\skip66
\h@ngquotewd=\skip67
\h@ngdquotewd=\skip68
\h@ngquerywd=\skip69
\h@ngexclwd=\skip70
\h@ngcolonwd=\skip71
\h@ngscolonwd=\skip72
)
(c:/texlive/2024/texmf-dist/tex/generic/iftex/ifpdf.sty
Package: ifpdf 2019/10/25 v3.4 ifpdf legacy package. Use iftex instead.
)
(c:/texlive/2024/texmf-dist/tex/latex/adjustbox/adjustbox.sty
Package: adjustbox 2025/02/21 v1.3b Adjusting TeX boxes (trim, clip, ...)

(c:/texlive/2024/texmf-dist/tex/latex/xkeyval/xkeyval.sty
Package: xkeyval 2022/06/16 v2.9 package option processing (HA)

(c:/texlive/2024/texmf-dist/tex/generic/xkeyval/xkeyval.tex
(c:/texlive/2024/texmf-dist/tex/generic/xkeyval/xkvutils.tex
\XKV@toks=\toks26
\XKV@tempa@toks=\toks27
)
\XKV@depth=\count322
File: xkeyval.tex 2014/12/03 v2.7a key=value parser (HA)
))
(c:/texlive/2024/texmf-dist/tex/latex/adjustbox/adjcalc.sty
Package: adjcalc 2012/05/16 v1.1 Provides advanced setlength with multiple back
-ends (calc, etex, pgfmath)
)
(c:/texlive/2024/texmf-dist/tex/latex/adjustbox/trimclip.sty
Package: trimclip 2025/02/21 v1.2a Trim and clip general TeX material

(c:/texlive/2024/texmf-dist/tex/latex/graphics/graphicx.sty
Package: graphicx 2021/09/16 v1.2d Enhanced LaTeX Graphics (DPC,SPQR)

(c:/texlive/2024/texmf-dist/tex/latex/graphics/graphics.sty
Package: graphics 2024/08/06 v1.4g Standard LaTeX Graphics (DPC,SPQR)

(c:/texlive/2024/texmf-dist/tex/latex/graphics/trig.sty
Package: trig 2023/12/02 v1.11 sin cos tan (DPC)
)
(c:/texlive/2024/texmf-dist/tex/latex/graphics-cfg/graphics.cfg
File: graphics.cfg 2016/06/04 v1.11 sample graphics configuration
)
Package graphics Info: Driver file: pdftex.def on input line 106.
)
\Gin@req@height=\dimen262
\Gin@req@width=\dimen263
)
(c:/texlive/2024/texmf-dist/tex/latex/collectbox/collectbox.sty
Package: collectbox 2022/10/17 v0.4c Collect macro arguments as boxes
\collectedbox=\box134
)
\tc@llx=\dimen264
\tc@lly=\dimen265
\tc@urx=\dimen266
\tc@ury=\dimen267
Package trimclip Info: Using driver 'tc-pdftex.def'.

(c:/texlive/2024/texmf-dist/tex/latex/adjustbox/tc-pdftex.def
File: tc-pdftex.def 2019/01/04 v2.2 Clipping driver for pdftex
))
\adjbox@Width=\dimen268
\adjbox@Height=\dimen269
\adjbox@Depth=\dimen270
\adjbox@Totalheight=\dimen271
\adjbox@pwidth=\dimen272
\adjbox@pheight=\dimen273
\adjbox@pdepth=\dimen274
\adjbox@ptotalheight=\dimen275

(c:/texlive/2024/texmf-dist/tex/latex/ifoddpage/ifoddpage.sty
Package: ifoddpage 2022/10/18 v1.2 Conditionals for odd/even page detection
\c@checkoddpage=\count323
))
(c:/texlive/2024/texmf-dist/tex/latex/amsfonts/amssymb.sty
Package: amssymb 2013/01/14 v3.01 AMS font symbols

(c:/texlive/2024/texmf-dist/tex/latex/amsfonts/amsfonts.sty
Package: amsfonts 2013/01/14 v3.01 Basic AMSFonts support
\@emptytoks=\toks28
\symAMSa=\mathgroup4
\symAMSb=\mathgroup5
LaTeX Font Info:    Redeclaring math symbol \hbar on input line 98.
LaTeX Font Info:    Overwriting math alphabet `\mathfrak' in version `bold'
(Font)                  U/euf/m/n --> U/euf/b/n on input line 106.
))
(c:/texlive/2024/texmf-dist/tex/latex/stackengine/stackengine.sty
Package: stackengine 2021/07/22 v4.11\ Stacking text and objects in convenient 
ways

(c:/texlive/2024/texmf-dist/tex/generic/listofitems/listofitems.sty
(c:/texlive/2024/texmf-dist/tex/generic/listofitems/listofitems.tex
\loi_cnt_foreach_nest=\count324
\loi_nestcnt=\count325
)
Package: listofitems 2024/03/09 v1.65 Grab items in lists using user-specified 
sep char (CT)
)
\c@@stackindex=\count326
\@boxshift=\skip73
\stack@tmplength=\skip74
\temp@stkl=\skip75
\@stackedboxwidth=\skip76
\@addedbox=\box135
\@anchorbox=\box136
\@insetbox=\box137
\se@backgroundbox=\box138
\stackedbox=\box139
\@centerbox=\box140
\c@ROWcellindex@=\count327
)
(c:/texlive/2024/texmf-dist/tex/latex/enumitem/enumitem.sty
Package: enumitem 2025/02/06 v3.11 Customized lists
\labelindent=\skip77
\enit@outerparindent=\dimen276
\enit@toks=\toks29
\enit@inbox=\box141
\enit@count@id=\count328
\enitdp@description=\count329
)
(c:/texlive/2024/texmf-dist/tex/generic/alphalph/alphalph.sty
Package: alphalph 2019/12/09 v2.6 Convert numbers to letters (HO)

(c:/texlive/2024/texmf-dist/tex/generic/intcalc/intcalc.sty
Package: intcalc 2019/12/15 v1.3 Expandable calculations with integers (HO)
))
(c:/texlive/2024/texmf-dist/tex/generic/ulem/ulem.sty
\UL@box=\box142
\UL@hyphenbox=\box143
\UL@skip=\skip78
\UL@hook=\toks30
\UL@height=\dimen277
\UL@pe=\count330
\UL@pixel=\dimen278
\ULC@box=\box144
Package: ulem 2019/11/18
\ULdepth=\dimen279
)
\xrefbox=\box145
\xreflength=\skip79
\CodeWidthChar=\skip80
\CodeHeightChar=\skip81
\DoxyCodeWidth=\skip82
\c@DoxyEnumeratei=\count331
\c@DoxyEnumerateii=\count332
\c@DoxyEnumerateiii=\count333
\c@DoxyEnumerateiv=\count334
\c@DoxyEnumeratev=\count335
\c@DoxyEnumeratevi=\count336
\c@DoxyEnumeratevii=\count337
\c@DoxyEnumerateviii=\count338
\c@DoxyEnumerateix=\count339
\c@DoxyEnumeratex=\count340
\c@DoxyEnumeratexi=\count341
\c@DoxyEnumeratexii=\count342
\enitdp@DoxyEnumerate=\count343
\enitdp@DoxyItemize=\count344
\c@subsubsubsection=\count345
\c@subsubsubsubsection=\count346
\c@subsubsubsubsubsection=\count347
\c@subsubsubsubsubsubsection=\count348
)
(c:/texlive/2024/texmf-dist/tex/latex/base/inputenc.sty
Package: inputenc 2024/02/08 v1.3d Input encoding file
\inpenc@prehook=\toks31
\inpenc@posthook=\toks32
)
(c:/texlive/2024/texmf-dist/tex/latex/base/makeidx.sty
Package: makeidx 2021/10/04 v1.0m Standard LaTeX package
)
(c:/texlive/2024/texmf-dist/tex/latex/base/textcomp.sty
Package: textcomp 2024/04/24 v2.1b Standard LaTeX package
)
(c:/texlive/2024/texmf-dist/tex/latex/wasysym/wasysym.sty
Package: wasysym 2020/01/19 v2.4 Wasy-2 symbol support package
\symwasy=\mathgroup6
LaTeX Font Info:    Overwriting symbol font `wasy' in version `bold'
(Font)                  U/wasy/m/n --> U/wasy/b/n on input line 93.
)
(c:/texlive/2024/texmf-dist/tex/generic/iftex/ifxetex.sty
Package: ifxetex 2019/10/25 v0.7 ifxetex legacy package. Use iftex instead.
)
(c:/texlive/2024/texmf-dist/tex/latex/cjk/texinput/CJKutf8.sty
Package: CJKutf8 2021/10/16 4.8.5

(c:/texlive/2024/texmf-dist/tex/latex/cjk/texinput/CJK.sty
Package: CJK 2021/10/16 4.8.5

(c:/texlive/2024/texmf-dist/tex/latex/cjk/texinput/mule/MULEenc.sty
Package: MULEenc 2021/10/16 4.8.5
)
(c:/texlive/2024/texmf-dist/tex/latex/cjk/texinput/CJK.enc
File: CJK.enc 2021/10/16 4.8.5
Now handling font encoding C00 ...
... no UTF-8 mapping file for font encoding C00
Now handling font encoding C05 ...
... no UTF-8 mapping file for font encoding C05
Now handling font encoding C09 ...
... no UTF-8 mapping file for font encoding C09
Now handling font encoding C10 ...
... no UTF-8 mapping file for font encoding C10
Now handling font encoding C20 ...
... no UTF-8 mapping file for font encoding C20
Now handling font encoding C19 ...
... no UTF-8 mapping file for font encoding C19
Now handling font encoding C40 ...
... no UTF-8 mapping file for font encoding C40
Now handling font encoding C42 ...
... no UTF-8 mapping file for font encoding C42
Now handling font encoding C43 ...
... no UTF-8 mapping file for font encoding C43
Now handling font encoding C50 ...
... no UTF-8 mapping file for font encoding C50
Now handling font encoding C52 ...
... no UTF-8 mapping file for font encoding C52
Now handling font encoding C49 ...
... no UTF-8 mapping file for font encoding C49
Now handling font encoding C60 ...
... no UTF-8 mapping file for font encoding C60
Now handling font encoding C61 ...
... no UTF-8 mapping file for font encoding C61
Now handling font encoding C63 ...
... no UTF-8 mapping file for font encoding C63
Now handling font encoding C64 ...
... no UTF-8 mapping file for font encoding C64
Now handling font encoding C65 ...
... no UTF-8 mapping file for font encoding C65
Now handling font encoding C70 ...
... no UTF-8 mapping file for font encoding C70
Now handling font encoding C31 ...
... no UTF-8 mapping file for font encoding C31
Now handling font encoding C32 ...
... no UTF-8 mapping file for font encoding C32
Now handling font encoding C33 ...
... no UTF-8 mapping file for font encoding C33
Now handling font encoding C34 ...
... no UTF-8 mapping file for font encoding C34
Now handling font encoding C35 ...
... no UTF-8 mapping file for font encoding C35
Now handling font encoding C36 ...
... no UTF-8 mapping file for font encoding C36
Now handling font encoding C37 ...
... no UTF-8 mapping file for font encoding C37
Now handling font encoding C80 ...
... no UTF-8 mapping file for font encoding C80
Now handling font encoding C81 ...
... no UTF-8 mapping file for font encoding C81
Now handling font encoding C01 ...
... no UTF-8 mapping file for font encoding C01
Now handling font encoding C11 ...
... no UTF-8 mapping file for font encoding C11
Now handling font encoding C21 ...
... no UTF-8 mapping file for font encoding C21
Now handling font encoding C41 ...
... no UTF-8 mapping file for font encoding C41
Now handling font encoding C62 ...
... no UTF-8 mapping file for font encoding C62
)
\CJK@indent=\box146
)
(c:/texlive/2024/texmf-dist/tex/latex/base/fontenc.sty
Package: fontenc 2021/04/29 v2.0v Standard LaTeX package
))
(c:/texlive/2024/texmf-dist/tex/latex/psnfss/helvet.sty
Package: helvet 2020/03/25 PSNFSS-v9.3 (WaS) 
)
(c:/texlive/2024/texmf-dist/tex/latex/psnfss/courier.sty
Package: courier 2020/03/25 PSNFSS-v9.3 (WaS) 
)
(c:/texlive/2024/texmf-dist/tex/latex/geometry/geometry.sty
Package: geometry 2020/01/02 v5.9 Page Geometry

(c:/texlive/2024/texmf-dist/tex/generic/iftex/ifvtex.sty
Package: ifvtex 2019/10/25 v1.7 ifvtex legacy package. Use iftex instead.
)
\Gm@cnth=\count349
\Gm@cntv=\count350
\c@Gm@tempcnt=\count351
\Gm@bindingoffset=\dimen280
\Gm@wd@mp=\dimen281
\Gm@odd@mp=\dimen282
\Gm@even@mp=\dimen283
\Gm@layoutwidth=\dimen284
\Gm@layoutheight=\dimen285
\Gm@layouthoffset=\dimen286
\Gm@layoutvoffset=\dimen287
\Gm@dimlist=\toks33
)
(c:/texlive/2024/texmf-dist/tex/latex/changepage/changepage.sty
Package: changepage 2009/10/20 v1.0c check page and change page layout
\c@cp@cntr=\count352
\cp@tempcnt=\count353
LaTeX Info: Redefining \checkoddpage on input line 59.
)
(c:/texlive/2024/texmf-dist/tex/latex/fancyhdr/fancyhdr.sty
Package: fancyhdr 2025/02/07 v5.2 Extensive control of page headers and footers

\f@nch@headwidth=\skip83
\f@nch@offset@elh=\skip84
\f@nch@offset@erh=\skip85
\f@nch@offset@olh=\skip86
\f@nch@offset@orh=\skip87
\f@nch@offset@elf=\skip88
\f@nch@offset@erf=\skip89
\f@nch@offset@olf=\skip90
\f@nch@offset@orf=\skip91
\f@nch@height=\skip92
\f@nch@footalignment=\skip93
\f@nch@widthL=\skip94
\f@nch@widthC=\skip95
\f@nch@widthR=\skip96
\@temptokenb=\toks34
)
(c:/texlive/2024/texmf-dist/tex/latex/natbib/natbib.sty
Package: natbib 2010/09/13 8.31b (PWD, AO)
\bibhang=\skip97
\bibsep=\skip98
LaTeX Info: Redefining \cite on input line 694.
\c@NAT@ctr=\count354
)
(c:/texlive/2024/texmf-dist/tex/latex/tocloft/tocloft.sty
Package: tocloft 2017/08/31 v2.3i parameterised ToC, etc., typesetting
Package tocloft Info: The document has chapter divisions on input line 51.
\cftparskip=\skip99
\cftbeforetoctitleskip=\skip100
\cftaftertoctitleskip=\skip101
\cftbeforepartskip=\skip102
\cftpartnumwidth=\skip103
\cftpartindent=\skip104
\cftbeforechapskip=\skip105
\cftchapindent=\skip106
\cftchapnumwidth=\skip107
\cftbeforesecskip=\skip108
\cftsecindent=\skip109
\cftsecnumwidth=\skip110
\cftbeforesubsecskip=\skip111
\cftsubsecindent=\skip112
\cftsubsecnumwidth=\skip113
\cftbeforesubsubsecskip=\skip114
\cftsubsubsecindent=\skip115
\cftsubsubsecnumwidth=\skip116
\cftbeforeparaskip=\skip117
\cftparaindent=\skip118
\cftparanumwidth=\skip119
\cftbeforesubparaskip=\skip120
\cftsubparaindent=\skip121
\cftsubparanumwidth=\skip122
\cftbeforeloftitleskip=\skip123
\cftafterloftitleskip=\skip124
\cftbeforefigskip=\skip125
\cftfigindent=\skip126
\cftfignumwidth=\skip127
\c@lofdepth=\count355
\c@lotdepth=\count356
\cftbeforelottitleskip=\skip128
\cftafterlottitleskip=\skip129
\cftbeforetabskip=\skip130
\cfttabindent=\skip131
\cfttabnumwidth=\skip132
)
\@indexfile=\write4
\openout4 = `refman.idx'.


Writing index file refman.idx
(c:/texlive/2024/texmf-dist/tex/latex/newunicodechar/newunicodechar.sty
Package: newunicodechar 2018/04/08 v1.2 Defining Unicode characters
)
(c:/texlive/2024/texmf-dist/tex/latex/hyperref/hyperref.sty
Package: hyperref 2024-11-05 v7.01l Hypertext links for LaTeX

(c:/texlive/2024/texmf-dist/tex/latex/kvsetkeys/kvsetkeys.sty
Package: kvsetkeys 2022-10-05 v1.19 Key value parser (HO)
)
(c:/texlive/2024/texmf-dist/tex/generic/kvdefinekeys/kvdefinekeys.sty
Package: kvdefinekeys 2019-12-19 v1.6 Define keys (HO)
)
(c:/texlive/2024/texmf-dist/tex/generic/pdfescape/pdfescape.sty
Package: pdfescape 2019/12/09 v1.15 Implements pdfTeX's escape features (HO)

(c:/texlive/2024/texmf-dist/tex/generic/ltxcmds/ltxcmds.sty
Package: ltxcmds 2023-12-04 v1.26 LaTeX kernel commands for general use (HO)
)
(c:/texlive/2024/texmf-dist/tex/generic/pdftexcmds/pdftexcmds.sty
Package: pdftexcmds 2020-06-27 v0.33 Utility functions of pdfTeX for LuaTeX (HO
)
Package pdftexcmds Info: \pdf@primitive is available.
Package pdftexcmds Info: \pdf@ifprimitive is available.
Package pdftexcmds Info: \pdfdraftmode found.
))
(c:/texlive/2024/texmf-dist/tex/latex/hycolor/hycolor.sty
Package: hycolor 2020-01-27 v1.10 Color options for hyperref/bookmark (HO)
)
(c:/texlive/2024/texmf-dist/tex/latex/hyperref/nameref.sty
Package: nameref 2023-11-26 v2.56 Cross-referencing by name of section

(c:/texlive/2024/texmf-dist/tex/latex/refcount/refcount.sty
Package: refcount 2019/12/15 v3.6 Data extraction from label references (HO)
)
(c:/texlive/2024/texmf-dist/tex/generic/gettitlestring/gettitlestring.sty
Package: gettitlestring 2019/12/15 v1.6 Cleanup title references (HO)

(c:/texlive/2024/texmf-dist/tex/latex/kvoptions/kvoptions.sty
Package: kvoptions 2022-06-15 v3.15 Key value format for package options (HO)
))
\c@section@level=\count357
)
(c:/texlive/2024/texmf-dist/tex/generic/stringenc/stringenc.sty
Package: stringenc 2019/11/29 v1.12 Convert strings between diff. encodings (HO
)
)
\@linkdim=\dimen288
\Hy@linkcounter=\count358
\Hy@pagecounter=\count359

(c:/texlive/2024/texmf-dist/tex/latex/hyperref/pd1enc.def
File: pd1enc.def 2024-11-05 v7.01l Hyperref: PDFDocEncoding definition (HO)
Now handling font encoding PD1 ...
... no UTF-8 mapping file for font encoding PD1
)
\Hy@SavedSpaceFactor=\count360

(c:/texlive/2024/texmf-dist/tex/latex/hyperref/puenc.def
File: puenc.def 2024-11-05 v7.01l Hyperref: PDF Unicode definition (HO)
Now handling font encoding PU ...
... no UTF-8 mapping file for font encoding PU
)
Package hyperref Info: Hyper figures OFF on input line 4157.
Package hyperref Info: Link nesting OFF on input line 4162.
Package hyperref Info: Hyper index ON on input line 4165.
Package hyperref Info: Plain pages OFF on input line 4172.
Package hyperref Info: Backreferencing ON on input line 4175.
Package hyperref Info: Implicit mode ON; LaTeX internals redefined.
Package hyperref Info: Bookmarks ON on input line 4424.

(c:/texlive/2024/texmf-dist/tex/latex/hyperref/backref.sty
Package: backref 2023-11-26 v1.44 Bibliographical back referencing

(c:/texlive/2024/texmf-dist/tex/latex/rerunfilecheck/rerunfilecheck.sty
Package: rerunfilecheck 2022-07-10 v1.10 Rerun checks for auxiliary files (HO)

(c:/texlive/2024/texmf-dist/tex/latex/base/atveryend-ltx.sty
Package: atveryend-ltx 2020/08/19 v1.0a Emulation of the original atveryend pac
kage
with kernel methods
)
(c:/texlive/2024/texmf-dist/tex/generic/uniquecounter/uniquecounter.sty
Package: uniquecounter 2019/12/15 v1.4 Provide unlimited unique counter (HO)

(c:/texlive/2024/texmf-dist/tex/generic/bigintcalc/bigintcalc.sty
Package: bigintcalc 2019/12/15 v1.5 Expandable calculations on big integers (HO
)
))
Package uniquecounter Info: New unique counter `rerunfilecheck' on input line 2
85.
))
\c@Hy@tempcnt=\count361

(c:/texlive/2024/texmf-dist/tex/latex/url/url.sty
\Urlmuskip=\muskip17
Package: url 2013/09/16  ver 3.4  Verb mode for urls, etc.
)
LaTeX Info: Redefining \url on input line 4763.
\XeTeXLinkMargin=\dimen289

(c:/texlive/2024/texmf-dist/tex/generic/bitset/bitset.sty
Package: bitset 2019/12/09 v1.3 Handle bit-vector datatype (HO)
)
\Fld@menulength=\count362
\Field@Width=\dimen290
\Fld@charsize=\dimen291
Package hyperref Info: Hyper figures OFF on input line 6042.
Package hyperref Info: Link nesting OFF on input line 6047.
Package hyperref Info: Hyper index ON on input line 6050.
Package hyperref Info: backreferencing ON on input line 6055.
Package hyperref Info: Link coloring OFF on input line 6062.
Package hyperref Info: Link coloring with OCG OFF on input line 6067.
Package hyperref Info: PDF/A mode OFF on input line 6072.

(c:/texlive/2024/texmf-dist/tex/latex/base/atbegshi-ltx.sty
Package: atbegshi-ltx 2021/01/10 v1.0c Emulation of the original atbegshi
package with kernel methods
)
\Hy@abspage=\count363
\c@Item=\count364
\c@Hfootnote=\count365
)
Package hyperref Info: Driver: hpdftex.

(c:/texlive/2024/texmf-dist/tex/latex/hyperref/hpdftex.def
File: hpdftex.def 2024-11-05 v7.01l Hyperref driver for pdfTeX
\Fld@listcount=\count366
\c@bookmark@seq@number=\count367
\Hy@SectionHShift=\skip133
)
Package hyperref Info: Option `colorlinks' set `true' on input line 176.
Package hyperref Info: Option `unicode' set `true' on input line 176.

(c:/texlive/2024/texmf-dist/tex/latex/caption/caption.sty
Package: caption 2023/08/05 v3.6o Customizing captions (AR)

(c:/texlive/2024/texmf-dist/tex/latex/caption/caption3.sty
Package: caption3 2023/07/31 v2.4d caption3 kernel (AR)
\caption@tempdima=\dimen292
\captionmargin=\dimen293
\caption@leftmargin=\dimen294
\caption@rightmargin=\dimen295
\caption@width=\dimen296
\caption@indent=\dimen297
\caption@parindent=\dimen298
\caption@hangindent=\dimen299
Package caption Info: Standard document class detected.
)
\c@caption@flags=\count368
\c@continuedfloat=\count369
Package caption Info: changepage package is loaded.
\caption@adjustwidth@hsize=\dimen300
\caption@adjustwidth@linewidth=\dimen301
Package caption Info: float package is loaded.
Package caption Info: hyperref package is loaded.
Package caption Info: longtable package is loaded.

(c:/texlive/2024/texmf-dist/tex/latex/caption/ltcaption.sty
Package: ltcaption 2021/01/08 v1.4c longtable captions (AR)
))
(c:/texlive/2024/texmf-dist/tex/latex/etoc/etoc.sty
Package: etoc 2023/10/29 v1.2d Completely customisable TOCs (JFB)
\Etoc@toctoks=\toks35
\c@etoc@tocid=\count370
\etoc@framed@titlebox=\box147
\etoc@framed@contentsbox=\box148
)
LaTeX Font Info:    Trying to load font information for OT1+phv on input line 1
98.

(c:/texlive/2024/texmf-dist/tex/latex/psnfss/ot1phv.fd
File: ot1phv.fd 2020/03/25 scalable font definitions for OT1/phv.
)
LaTeX Font Info:    Font shape `OT1/phv/m/n' will be
(Font)              scaled to size 8.99994pt on input line 198.
 (./refman.aux

LaTeX Warning: Label `doc-func-members' multiply defined.


LaTeX Warning: Label `doc-constructors' multiply defined.


LaTeX Warning: Label `doc-func-members' multiply defined.


LaTeX Warning: Label `doc-constructors' multiply defined.


LaTeX Warning: Label `doc-func-members' multiply defined.


LaTeX Warning: Label `doc-constructors' multiply defined.


LaTeX Warning: Label `doc-func-members' multiply defined.


LaTeX Warning: Label `doc-constructors' multiply defined.


LaTeX Warning: Label `doc-func-members' multiply defined.


LaTeX Warning: Label `doc-constructors' multiply defined.


LaTeX Warning: Label `doc-func-members' multiply defined.


LaTeX Warning: Label `doc-constructors' multiply defined.


LaTeX Warning: Label `doc-func-members' multiply defined.


LaTeX Warning: Label `doc-constructors' multiply defined.


LaTeX Warning: Label `doc-func-members' multiply defined.


LaTeX Warning: Label `doc-constructors' multiply defined.


LaTeX Warning: Label `doc-func-members' multiply defined.


LaTeX Warning: Label `doc-constructors' multiply defined.


LaTeX Warning: Label `doc-func-members' multiply defined.


LaTeX Warning: Label `doc-constructors' multiply defined.


LaTeX Warning: Label `doc-func-members' multiply defined.


LaTeX Warning: Label `doc-constructors' multiply defined.


LaTeX Warning: Label `doc-func-members' multiply defined.


LaTeX Warning: Label `doc-constructors' multiply defined.


LaTeX Warning: Label `doc-func-members' multiply defined.


LaTeX Warning: Label `doc-constructors' multiply defined.


LaTeX Warning: Label `doc-func-members' multiply defined.


LaTeX Warning: Label `doc-constructors' multiply defined.


LaTeX Warning: Label `doc-func-members' multiply defined.


LaTeX Warning: Label `doc-constructors' multiply defined.


LaTeX Warning: Label `doc-func-members' multiply defined.


LaTeX Warning: Label `doc-constructors' multiply defined.


LaTeX Warning: Label `doc-func-members' multiply defined.


LaTeX Warning: Label `doc-constructors' multiply defined.


LaTeX Warning: Label `doc-func-members' multiply defined.


LaTeX Warning: Label `doc-constructors' multiply defined.


LaTeX Warning: Label `doc-func-members' multiply defined.


LaTeX Warning: Label `doc-constructors' multiply defined.


LaTeX Warning: Label `doc-constructors' multiply defined.


LaTeX Warning: Label `doc-func-members' multiply defined.


LaTeX Warning: Label `doc-variable-members' multiply defined.


LaTeX Warning: Label `doc-constructors' multiply defined.


LaTeX Warning: Label `doc-func-members' multiply defined.


LaTeX Warning: Label `doc-variable-members' multiply defined.


LaTeX Warning: Label `doc-constructors' multiply defined.


LaTeX Warning: Label `doc-func-members' multiply defined.


LaTeX Warning: Label `doc-constructors' multiply defined.


LaTeX Warning: Label `doc-func-members' multiply defined.


LaTeX Warning: Label `doc-related-members' multiply defined.


LaTeX Warning: Label `doc-constructors' multiply defined.


LaTeX Warning: Label `doc-func-members' multiply defined.


LaTeX Warning: Label `doc-var-members' multiply defined.


LaTeX Warning: Label `doc-func-members' multiply defined.


LaTeX Warning: Label `doc-define-members' multiply defined.


LaTeX Warning: Label `doc-define-members' multiply defined.


LaTeX Warning: Label `doc-define-members' multiply defined.


LaTeX Warning: Label `doc-func-members' multiply defined.


LaTeX Warning: Label `doc-func-members' multiply defined.

)
\openout1 = `refman.aux'.

LaTeX Font Info:    Checking defaults for OML/cmm/m/it on input line 198.
LaTeX Font Info:    ... okay on input line 198.
LaTeX Font Info:    Checking defaults for OMS/cmsy/m/n on input line 198.
LaTeX Font Info:    ... okay on input line 198.
LaTeX Font Info:    Checking defaults for OT1/cmr/m/n on input line 198.
LaTeX Font Info:    ... okay on input line 198.
LaTeX Font Info:    Checking defaults for T1/cmr/m/n on input line 198.
LaTeX Font Info:    ... okay on input line 198.
LaTeX Font Info:    Checking defaults for TS1/cmr/m/n on input line 198.
LaTeX Font Info:    ... okay on input line 198.
LaTeX Font Info:    Checking defaults for OMX/cmex/m/n on input line 198.
LaTeX Font Info:    ... okay on input line 198.
LaTeX Font Info:    Checking defaults for U/cmr/m/n on input line 198.
LaTeX Font Info:    ... okay on input line 198.
LaTeX Font Info:    Checking defaults for C00/song/m/n on input line 198.
LaTeX Font Info:    ... okay on input line 198.
LaTeX Font Info:    Checking defaults for C05/song/m/n on input line 198.
LaTeX Font Info:    ... okay on input line 198.
LaTeX Font Info:    Checking defaults for C09/song/m/n on input line 198.
LaTeX Font Info:    ... okay on input line 198.
LaTeX Font Info:    Checking defaults for C10/song/m/n on input line 198.
LaTeX Font Info:    ... okay on input line 198.
LaTeX Font Info:    Checking defaults for C20/song/m/n on input line 198.
LaTeX Font Info:    ... okay on input line 198.
LaTeX Font Info:    Checking defaults for C19/song/m/n on input line 198.
LaTeX Font Info:    ... okay on input line 198.
LaTeX Font Info:    Checking defaults for C40/song/m/n on input line 198.
LaTeX Font Info:    ... okay on input line 198.
LaTeX Font Info:    Checking defaults for C42/song/m/n on input line 198.
LaTeX Font Info:    ... okay on input line 198.
LaTeX Font Info:    Checking defaults for C43/song/m/n on input line 198.
LaTeX Font Info:    ... okay on input line 198.
LaTeX Font Info:    Checking defaults for C50/song/m/n on input line 198.
LaTeX Font Info:    ... okay on input line 198.
LaTeX Font Info:    Checking defaults for C52/song/m/n on input line 198.
LaTeX Font Info:    ... okay on input line 198.
LaTeX Font Info:    Checking defaults for C49/song/m/n on input line 198.
LaTeX Font Info:    ... okay on input line 198.
LaTeX Font Info:    Checking defaults for C60/mj/m/n on input line 198.
LaTeX Font Info:    ... okay on input line 198.
LaTeX Font Info:    Checking defaults for C61/mj/m/n on input line 198.
LaTeX Font Info:    ... okay on input line 198.
LaTeX Font Info:    Checking defaults for C63/mj/m/n on input line 198.
LaTeX Font Info:    ... okay on input line 198.
LaTeX Font Info:    Checking defaults for C64/mj/m/n on input line 198.
LaTeX Font Info:    ... okay on input line 198.
LaTeX Font Info:    Checking defaults for C65/mj/m/n on input line 198.
LaTeX Font Info:    ... okay on input line 198.
LaTeX Font Info:    Checking defaults for C70/song/m/n on input line 198.
LaTeX Font Info:    ... okay on input line 198.
LaTeX Font Info:    Checking defaults for C31/song/m/n on input line 198.
LaTeX Font Info:    ... okay on input line 198.
LaTeX Font Info:    Checking defaults for C32/song/m/n on input line 198.
LaTeX Font Info:    ... okay on input line 198.
LaTeX Font Info:    Checking defaults for C33/song/m/n on input line 198.
LaTeX Font Info:    ... okay on input line 198.
LaTeX Font Info:    Checking defaults for C34/song/m/n on input line 198.
LaTeX Font Info:    ... okay on input line 198.
LaTeX Font Info:    Checking defaults for C35/song/m/n on input line 198.
LaTeX Font Info:    ... okay on input line 198.
LaTeX Font Info:    Checking defaults for C36/song/m/n on input line 198.
LaTeX Font Info:    ... okay on input line 198.
LaTeX Font Info:    Checking defaults for C37/song/m/n on input line 198.
LaTeX Font Info:    ... okay on input line 198.
LaTeX Font Info:    Checking defaults for C80/song/m/n on input line 198.
LaTeX Font Info:    ... okay on input line 198.
LaTeX Font Info:    Checking defaults for C81/song/m/n on input line 198.
LaTeX Font Info:    ... okay on input line 198.
LaTeX Font Info:    Checking defaults for C01/song/m/n on input line 198.
LaTeX Font Info:    ... okay on input line 198.
LaTeX Font Info:    Checking defaults for C11/song/m/n on input line 198.
LaTeX Font Info:    ... okay on input line 198.
LaTeX Font Info:    Checking defaults for C21/song/m/n on input line 198.
LaTeX Font Info:    ... okay on input line 198.
LaTeX Font Info:    Checking defaults for C41/song/m/n on input line 198.
LaTeX Font Info:    ... okay on input line 198.
LaTeX Font Info:    Checking defaults for C62/song/m/n on input line 198.
LaTeX Font Info:    ... okay on input line 198.
LaTeX Font Info:    Checking defaults for PD1/pdf/m/n on input line 198.
LaTeX Font Info:    ... okay on input line 198.
LaTeX Font Info:    Checking defaults for PU/pdf/m/n on input line 198.
LaTeX Font Info:    ... okay on input line 198.
 (c:/texlive/2024/texmf-dist/tex/context/base/mkii/supp-pdf.mkii
[Loading MPS to PDF converter (version 2006.09.02).]
\scratchcounter=\count371
\scratchdimen=\dimen302
\scratchbox=\box149
\nofMPsegments=\count372
\nofMParguments=\count373
\everyMPshowfont=\toks36
\MPscratchCnt=\count374
\MPscratchDim=\dimen303
\MPnumerator=\count375
\makeMPintoPDFobject=\count376
\everyMPtoPDFconversion=\toks37
) (c:/texlive/2024/texmf-dist/tex/latex/epstopdf-pkg/epstopdf-base.sty
Package: epstopdf-base 2020-01-24 v2.11 Base part for package epstopdf
Package epstopdf-base Info: Redefining graphics rule for `.eps' on input line 4
85.

(c:/texlive/2024/texmf-dist/tex/latex/latexconfig/epstopdf-sys.cfg
File: epstopdf-sys.cfg 2010/07/13 v1.3 Configuration of (r)epstopdf for TeX Liv
e
))
(c:/texlive/2024/texmf-dist/tex/latex/ninecolors/ninecolors.sty
Package: ninecolors 2022-02-13 v2022D Select colors with proper color contrast

(c:/texlive/2024/texmf-dist/tex/latex/l3packages/xparse/xparse.sty
Package: xparse 2024-08-16 L3 Experimental document command parser
))
*geometry* driver: auto-detecting
*geometry* detected driver: pdftex
*geometry* verbose mode - [ preamble ] result:
* driver: pdftex
* paper: a4paper
* layout: <same size as paper>
* layoutoffset:(h,v)=(0.0pt,0.0pt)
* modes: twoside 
* h-part:(L,W,R)=(71.13188pt, 455.24411pt, 71.13188pt)
* v-part:(T,H,B)=(71.13188pt, 702.78308pt, 71.13188pt)
* \paperwidth=597.50787pt
* \paperheight=845.04684pt
* \textwidth=455.24411pt
* \textheight=702.78308pt
* \oddsidemargin=-1.1381pt
* \evensidemargin=-1.1381pt
* \topmargin=-31.2056pt
* \headheight=12.0pt
* \headsep=18.06749pt
* \topskip=10.0pt
* \footskip=25.29494pt
* \marginparwidth=125.0pt
* \marginparsep=7.0pt
* \columnsep=10.0pt
* \skip\footins=9.0pt plus 4.0pt minus 2.0pt
* \hoffset=0.0pt
* \voffset=0.0pt
* \mag=1000
* \@twocolumnfalse
* \@twosidetrue
* \@mparswitchtrue
* \@reversemarginfalse
* (1in=72.27pt=25.4mm, 1cm=28.453pt)

Package backref Info: ** backref set up for natbib ** on input line 198.
Package hyperref Info: Link coloring ON on input line 198.
(./refman.out) (./refman.out)
\@outlinefile=\write5
\openout5 = `refman.out'.

Package caption Info: Begin \AtBeginDocument code.
Package caption Info: End \AtBeginDocument code.
\Etoc@tf=\read4

(c:/texlive/2024/texmf-dist/tex/latex/cjk/texinput/UTF8/UTF8.bdg
File: UTF8.bdg 2021/10/16 4.8.5
)
(c:/texlive/2024/texmf-dist/tex/latex/cjk/texinput/UTF8/UTF8.enc
File: UTF8.enc 2021/10/16 4.8.5
)
(c:/texlive/2024/texmf-dist/tex/latex/cjk/texinput/UTF8/UTF8.chr
File: UTF8.chr 2021/10/16 4.8.5
)
Package hyperref Info: Option `pageanchor' set `false' on input line 207.
Package hyperref Info: Option `bookmarksnumbered' set `true' on input line 207.

Package hyperref Info: Option `unicode' set `true' on input line 207.
LaTeX Font Info:    Font shape `OT1/phv/m/n' will be
(Font)              scaled to size 12.9599pt on input line 212.
LaTeX Font Info:    Trying to load font information for C70+min on input line 2
12.

(c:/texlive/2024/texmf-dist/tex/latex/cjk/contrib/wadalab/c70min.fd
File: c70min.fd 2021/10/16 4.8.5
)
(c:/texlive/2024/texmf-dist/tex/latex/cjk/contrib/wadalab/c70min.fdx
File: c70min.fdx 2021/10/16 4.8.5
)
LaTeX Font Info:    Font shape `OT1/phv/m/n' will be
(Font)              scaled to size 10.79993pt on input line 214.
LaTeX Font Info:    Font shape `OT1/phv/m/n' will be
(Font)              scaled to size 6.29996pt on input line 214.
LaTeX Font Info:    Trying to load font information for U+msa on input line 214
.

(c:/texlive/2024/texmf-dist/tex/latex/amsfonts/umsa.fd
File: umsa.fd 2013/01/14 v3.01 AMS symbols A
)
LaTeX Font Info:    Trying to load font information for U+msb on input line 214
.

(c:/texlive/2024/texmf-dist/tex/latex/amsfonts/umsb.fd
File: umsb.fd 2013/01/14 v3.01 AMS symbols B
)
LaTeX Font Info:    Trying to load font information for U+wasy on input line 21
4.

(c:/texlive/2024/texmf-dist/tex/latex/wasysym/uwasy.fd
File: uwasy.fd 2020/01/19 v2.4 Wasy-2 symbol font definitions
)

[1


{c:/texlive/2024/texmf-var/fonts/map/pdftex/updmap/pdftex.map}{c:/texlive/2024/
texmf-dist/fonts/enc/dvips/base/8r.enc}]

[2

]
\tf@toc=\write6
\openout6 = `refman.toc'.

LaTeX Font Info:    Font shape `OT1/phv/b/n' will be
(Font)              scaled to size 8.99994pt on input line 220.


LaTeX Font Warning: Font shape `C70/min/b/n' undefined
(Font)              using `C70/min/m/n' instead on input line 220.

LaTeX Font Info:    Font shape `OT1/phv/b/n' will be
(Font)              scaled to size 6.29996pt on input line 220.
LaTeX Font Info:    Trying to load font information for OT1+pcr on input line 2
20.
(c:/texlive/2024/texmf-dist/tex/latex/psnfss/ot1pcr.fd
File: ot1pcr.fd 2001/06/04 font definitions for OT1/pcr.
)
Underfull \hbox (badness 10000) in paragraph at lines 220--220
 [][] [][]\OT1/phv/m/n/10 2.4.2.1 \OT1/pcr/m/n/10 static Open[]XR& initialize(c
onst Window& window, Xr[] 
 []


Underfull \hbox (badness 10000) in paragraph at lines 220--220
 \OT1/pcr/m/n/10 Reference[]Space[]Type space[]Type = XR[][][][]REFERENCE[][][]
[]SPACE[][][][] 
 []


Underfull \hbox (badness 10000) in paragraph at lines 220--220
 [][] [][]\OT1/phv/m/n/10 2.4.4.1 \OT1/pcr/m/n/10 Gg[]Matrix get[]Projection[]M
atrix(int eye, GLfloat z[]Near = 
 []


Underfull \hbox (badness 2302) in paragraph at lines 220--220
 [][] [][]\OT1/phv/m/n/10 2.4.5.4 \OT1/pcr/m/n/10 Gg[]Vector get[]Grip[]Positio
n(int hand) const \OT1/phv/m/n/10 / \OT1/pcr/m/n/10 Gg[]Quaternion 
 []


Underfull \hbox (badness 7326) in paragraph at lines 220--220
 [][] [][]\OT1/phv/m/n/10 2.4.5.5 \OT1/pcr/m/n/10 Gg[]Vector get[]Aim[]Position
(int hand) const \OT1/phv/m/n/10 / \OT1/pcr/m/n/10 Gg[]Quaternion 
 []



[1]
Underfull \hbox (badness 10000) in paragraph at lines 220--220
 [][] [][]\OT1/phv/m/n/10 2.4.6.8 \OT1/pcr/m/n/10 void apply[]Haptic[]Vibration
(int hand, float duration[] 
 []


Overfull \hbox (27.90599pt too wide) in paragraph at lines 220--220
 \OT1/pcr/m/n/10 Seconds = 0.[]1f, float frequency = XR[][][][]FREQUENCY[][][][
]UNSPECIFIED, 
 []



[2]
LaTeX Font Info:    Font shape `OT1/phv/m/n' will be
(Font)              scaled to size 7.19995pt on input line 220.


[3]

[4]

[5]

[6]

[7]

[8]

[9]

[10]

[11]

[12]

[13]

[14]

[15]

[16]

[17]

[18]

[19]

[20]

[21]

[22]

[23]

[24

]
Package hyperref Info: Option `pageanchor' set `true' on input line 223.
 (./index.tex
Chapter 1.
LaTeX Font Info:    Font shape `OT1/phv/m/n' will be
(Font)              scaled to size 18.66588pt on input line 1.
LaTeX Font Info:    Font shape `OT1/phv/b/n' will be
(Font)              scaled to size 18.66588pt on input line 1.
LaTeX Font Info:    Font shape `OT1/phv/b/n' will be
(Font)              scaled to size 22.39185pt on input line 1.
LaTeX Font Info:    Font shape `OT1/phv/bc/n' will be
(Font)              scaled to size 8.99994pt on input line 3.

LaTeX Font Warning: Font shape `C70/min/bc/n' undefined
(Font)              using `C70/min/m/n' instead on input line 3.


Underfull \hbox (badness 10000) detected at line 3
[][][]
 []

) (./md_OPENXR.tex

[1

]


Package fancyhdr Warning: \headheight is too small (12.0pt): 
(fancyhdr)                Make it at least 12.00003pt, for example:
(fancyhdr)                \setlength{\headheight}{12.00003pt}.
(fancyhdr)                You might also make \topmargin smaller:
(fancyhdr)                \addtolength{\topmargin}{-0.00003pt}.

[2

]
Chapter 2.
LaTeX Font Info:    Font shape `OT1/phv/b/n' will be
(Font)              scaled to size 12.9599pt on input line 10.
LaTeX Font Info:    Trying to load font information for TS1+phv on input line 1
7.
(c:/texlive/2024/texmf-dist/tex/latex/psnfss/ts1phv.fd
File: ts1phv.fd 2020/03/25 scalable font definitions for TS1/phv.
)
LaTeX Font Info:    Font shape `TS1/phv/m/n' will be
(Font)              scaled to size 8.99994pt on input line 17.
LaTeX Font Info:    Font shape `OT1/phv/b/n' will be
(Font)              scaled to size 10.79993pt on input line 38.


[3]
LaTeX Font Info:    Trying to load font information for OMS+pcr on input line 7
1.
 (c:/texlive/2024/texmf-dist/tex/latex/psnfss/omspcr.fd
File: omspcr.fd 
)
LaTeX Font Info:    Font shape `OMS/pcr/m/n' in size <7> not available
(Font)              Font shape `OMS/cmsy/m/n' tried instead on input line 71.



Package fancyhdr Warning: \headheight is too small (12.0pt): 
(fancyhdr)                Make it at least 12.00003pt, for example:
(fancyhdr)                \setlength{\headheight}{12.00003pt}.
(fancyhdr)                You might also make \topmargin smaller:
(fancyhdr)                \addtolength{\topmargin}{-0.00003pt}.

[4]


Package fancyhdr Warning: \headheight is too small (12.0pt): 
(fancyhdr)                Make it at least 12.00003pt, for example:
(fancyhdr)                \setlength{\headheight}{12.00003pt}.
(fancyhdr)                You might also make \topmargin smaller:
(fancyhdr)                \addtolength{\topmargin}{-0.00003pt}.

[5]
LaTeX Font Info:    Trying to load font information for OMS+phv on input line 1
96.
 (c:/texlive/2024/texmf-dist/tex/latex/psnfss/omsphv.fd
File: omsphv.fd 
)
LaTeX Font Info:    Font shape `OMS/phv/m/n' in size <10> not available
(Font)              Font shape `OMS/cmsy/m/n' tried instead on input line 196.



Package fancyhdr Warning: \headheight is too small (12.0pt): 
(fancyhdr)                Make it at least 12.00003pt, for example:
(fancyhdr)                \setlength{\headheight}{12.00003pt}.
(fancyhdr)                You might also make \topmargin smaller:
(fancyhdr)                \addtolength{\topmargin}{-0.00003pt}.

[6]
Missing character: There is no ^ in font udmjff!
Missing character: There is no ^ in font udmjff!
Missing character: There is no ^ in font udmjff!



Package fancyhdr Warning: \headheight is too small (12.0pt): 
(fancyhdr)                Make it at least 12.00003pt, for example:
(fancyhdr)                \setlength{\headheight}{12.00003pt}.
(fancyhdr)                You might also make \topmargin smaller:
(fancyhdr)                \addtolength{\topmargin}{-0.00003pt}.

[7]
Missing character: There is no ^ in font udmjff!



Package fancyhdr Warning: \headheight is too small (12.0pt): 
(fancyhdr)                Make it at least 12.00003pt, for example:
(fancyhdr)                \setlength{\headheight}{12.00003pt}.
(fancyhdr)                You might also make \topmargin smaller:
(fancyhdr)                \addtolength{\topmargin}{-0.00003pt}.

[8]


Package fancyhdr Warning: \headheight is too small (12.0pt): 
(fancyhdr)                Make it at least 12.00003pt, for example:
(fancyhdr)                \setlength{\headheight}{12.00003pt}.
(fancyhdr)                You might also make \topmargin smaller:
(fancyhdr)                \addtolength{\topmargin}{-0.00003pt}.

[9]
> Step: init table outer spec.
> Step: parse table options.
> Step: split table.
> Step: init table inner spec.
> Step: parse table inner spec.
> Step: execute table commands.
> Step: calculate cell and line sizes.


Package tabularray Warning: Table width is too small, need 385.37102pt more!

> Step: build the whole table.
> Step: init table outer spec.
> Step: parse table options.
> Step: split table.
> Step: init table inner spec.
> Step: parse table inner spec.
> Step: execute table commands.
> Step: calculate cell and line sizes.

Underfull \hbox (badness 10000) in paragraph at lines 398--398
[]\OT1/pcr/m/n/10 Oculus[]
 []


Underfull \hbox (badness 10000) in paragraph at lines 398--398
[]\OT1/pcr/m/n/10 Open[]XR[]
 []


Underfull \hbox (badness 10000) in paragraph at lines 398--398
\OT1/pcr/m/n/10 ::initialize(window,
 []


Underfull \hbox (badness 10000) in paragraph at lines 398--398
[]\OT1/pcr/m/n/10 openxr.[]select(eye,
 []


Underfull \hbox (badness 10000) in paragraph at lines 398--398
[]\C70/min/b/n/10/62 K \C70/min/m/n/10/52 Õ \C70/min/b/n/10/30 g \OT1/pcr/m/n/1
0 gg[]
 []


Underfull \hbox (badness 10000) in paragraph at lines 398--398
[]\OT1/pcr/m/n/10 openxr.[]get[]Projection[]
 []


Underfull \hbox (badness 10000) in paragraph at lines 398--398
[]\C70/min/b/n/10/62 K \C70/min/m/n/10/52 Õ \C70/min/b/n/10/30 g \OT1/pcr/m/n/1
0 Gg[]
 []


Underfull \hbox (badness 10000) in paragraph at lines 398--398
\OT1/pcr/m/n/10 Quaternion(ori).get[]
 []


Underfull \hbox (badness 10000) in paragraph at lines 398--398
\OT1/pcr/m/n/10 Conjugate[]Matrix() $\OMS/cmsy/m/n/10 ^^C$ \OT1/pcr/m/n/10 gg[]

 []


Underfull \hbox (badness 10000) in paragraph at lines 398--398
[]\OT1/pcr/m/n/10 openxr.[]timewarp(mp) \OT1/phv/m/n/10 (\C70/min/b/n/10/7a z \
C70/min/b/n/10/30 À
 []


Underfull \hbox (badness 10000) in paragraph at lines 398--398
[]\OT1/pcr/m/n/10 openxr.[]get[]Grip[]
 []


Underfull \hbox (badness 10000) in paragraph at lines 398--398
\OT1/pcr/m/n/10 Matrix(hand)\OT1/phv/m/n/10 , \OT1/pcr/m/n/10 get[]Aim[]
 []


Underfull \hbox (badness 6252) in paragraph at lines 398--398
[]\OT1/pcr/m/n/10 get[]Trigger\OT1/phv/m/n/10 , \OT1/pcr/m/n/10 get[]Grip\OT1/p
hv/m/n/10 , \OT1/pcr/m/n/10 get[]
 []


Underfull \hbox (badness 10000) in paragraph at lines 398--398
\OT1/pcr/m/n/10 Thumbstick\OT1/phv/m/n/10 , \OT1/pcr/m/n/10 get[]Primary[]
 []


Underfull \hbox (badness 10000) in paragraph at lines 398--398
[]\OT1/pcr/m/n/10 openxr.[]apply[]Haptic[]
 []

> Step: build the whole table.

Underfull \hbox (badness 10000) in paragraph at lines 398--398
[]\OT1/pcr/m/n/10 Oculus[]
 []


Underfull \hbox (badness 10000) in paragraph at lines 398--398
[]\OT1/pcr/m/n/10 Open[]XR[]
 []


Underfull \hbox (badness 10000) in paragraph at lines 398--398
\OT1/pcr/m/n/10 ::initialize(window,
 []


Underfull \hbox (badness 10000) in paragraph at lines 398--398
[]\OT1/pcr/m/n/10 openxr.[]select(eye,
 []


Underfull \hbox (badness 10000) in paragraph at lines 398--398
[]\C70/min/b/n/10/62 K \C70/min/m/n/10/52 Õ \C70/min/b/n/10/30 g \OT1/pcr/m/n/1
0 gg[]
 []


Underfull \hbox (badness 10000) in paragraph at lines 398--398
[]\OT1/pcr/m/n/10 openxr.[]get[]Projection[]
 []


Underfull \hbox (badness 10000) in paragraph at lines 398--398
[]\C70/min/b/n/10/62 K \C70/min/m/n/10/52 Õ \C70/min/b/n/10/30 g \OT1/pcr/m/n/1
0 Gg[]
 []


Underfull \hbox (badness 10000) in paragraph at lines 398--398
\OT1/pcr/m/n/10 Quaternion(ori).get[]
 []


Underfull \hbox (badness 10000) in paragraph at lines 398--398
\OT1/pcr/m/n/10 Conjugate[]Matrix() $\OMS/cmsy/m/n/10 ^^C$ \OT1/pcr/m/n/10 gg[]

 []


Underfull \hbox (badness 10000) in paragraph at lines 398--398
[]\OT1/pcr/m/n/10 openxr.[]timewarp(mp) \OT1/phv/m/n/10 (\C70/min/b/n/10/7a z \
C70/min/b/n/10/30 À
 []


Underfull \hbox (badness 10000) in paragraph at lines 398--398
[]\OT1/pcr/m/n/10 openxr.[]get[]Grip[]
 []


Underfull \hbox (badness 10000) in paragraph at lines 398--398
\OT1/pcr/m/n/10 Matrix(hand)\OT1/phv/m/n/10 , \OT1/pcr/m/n/10 get[]Aim[]
 []


Underfull \hbox (badness 6252) in paragraph at lines 398--398
[]\OT1/pcr/m/n/10 get[]Trigger\OT1/phv/m/n/10 , \OT1/pcr/m/n/10 get[]Grip\OT1/p
hv/m/n/10 , \OT1/pcr/m/n/10 get[]
 []


Underfull \hbox (badness 10000) in paragraph at lines 398--398
\OT1/pcr/m/n/10 Thumbstick\OT1/phv/m/n/10 , \OT1/pcr/m/n/10 get[]Primary[]
 []


Underfull \hbox (badness 10000) in paragraph at lines 398--398
[]\OT1/pcr/m/n/10 openxr.[]apply[]Haptic[]
 []




Package fancyhdr Warning: \headheight is too small (12.0pt): 
(fancyhdr)                Make it at least 12.00003pt, for example:
(fancyhdr)                \setlength{\headheight}{12.00003pt}.
(fancyhdr)                You might also make \topmargin smaller:
(fancyhdr)                \addtolength{\topmargin}{-0.00003pt}.

[10]) (./md_README.tex


Package fancyhdr Warning: \headheight is too small (12.0pt): 
(fancyhdr)                Make it at least 12.00003pt, for example:
(fancyhdr)                \setlength{\headheight}{12.00003pt}.
(fancyhdr)                You might also make \topmargin smaller:
(fancyhdr)                \addtolength{\topmargin}{-0.00003pt}.

[11]


Package fancyhdr Warning: \headheight is too small (12.0pt): 
(fancyhdr)                Make it at least 12.00003pt, for example:
(fancyhdr)                \setlength{\headheight}{12.00003pt}.
(fancyhdr)                You might also make \topmargin smaller:
(fancyhdr)                \addtolength{\topmargin}{-0.00003pt}.

[12

]
Chapter 3.


[13]

[14]
Underfull \hbox (badness 10000) in paragraph at lines 171--180

 []




Package fancyhdr Warning: \headheight is too small (12.0pt): 
(fancyhdr)                Make it at least 12.00003pt, for example:
(fancyhdr)                \setlength{\headheight}{12.00003pt}.
(fancyhdr)                You might also make \topmargin smaller:
(fancyhdr)                \addtolength{\topmargin}{-0.00003pt}.

[15]
Underfull \hbox (badness 10000) in paragraph at lines 184--190

 []

)

[16]
Chapter 4.
(./namespaces.tex)

[17

]


Package fancyhdr Warning: \headheight is too small (12.0pt): 
(fancyhdr)                Make it at least 12.00003pt, for example:
(fancyhdr)                \setlength{\headheight}{12.00003pt}.
(fancyhdr)                You might also make \topmargin smaller:
(fancyhdr)                \addtolength{\topmargin}{-0.00003pt}.

[18

]
Chapter 5.
(./hierarchy.tex)

[19]


Package fancyhdr Warning: \headheight is too small (12.0pt): 
(fancyhdr)                Make it at least 12.00003pt, for example:
(fancyhdr)                \setlength{\headheight}{12.00003pt}.
(fancyhdr)                You might also make \topmargin smaller:
(fancyhdr)                \addtolength{\topmargin}{-0.00003pt}.

[20

]
Chapter 6.
(./annotated.tex)

[21]


Package fancyhdr Warning: \headheight is too small (12.0pt): 
(fancyhdr)                Make it at least 12.00003pt, for example:
(fancyhdr)                \setlength{\headheight}{12.00003pt}.
(fancyhdr)                You might also make \topmargin smaller:
(fancyhdr)                \addtolength{\topmargin}{-0.00003pt}.

[22

]
Chapter 7.
(./files.tex)

[23]


Package fancyhdr Warning: \headheight is too small (12.0pt): 
(fancyhdr)                Make it at least 12.00003pt, for example:
(fancyhdr)                \setlength{\headheight}{12.00003pt}.
(fancyhdr)                You might also make \topmargin smaller:
(fancyhdr)                \addtolength{\topmargin}{-0.00003pt}.

[24

]
Chapter 8.
(./namespacegg.tex

[25]


Package fancyhdr Warning: \headheight is too small (12.0pt): 
(fancyhdr)                Make it at least 12.00003pt, for example:
(fancyhdr)                \setlength{\headheight}{12.00003pt}.
(fancyhdr)                You might also make \topmargin smaller:
(fancyhdr)                \addtolength{\topmargin}{-0.00003pt}.

[26]
LaTeX Font Info:    Font shape `OT1/phv/m/n' will be
(Font)              scaled to size 8.09995pt on input line 252.
LaTeX Font Info:    Font shape `OT1/phv/m/it' in size <9> not available
(Font)              Font shape `OT1/phv/m/sl' tried instead on input line 252.
LaTeX Font Info:    Font shape `OT1/phv/m/sl' will be
(Font)              scaled to size 8.09995pt on input line 252.


LaTeX Font Warning: Font shape `C70/min/m/it' undefined
(Font)              using `C70/min/m/n' instead on input line 252.



LaTeX Font Info:    Font shape `OT1/phv/m/n' will be
(Font)              scaled to size 8.99994pt on input line 267.
LaTeX Font Info:    Font shape `OT1/phv/m/n' will be
(Font)              scaled to size 8.99994pt on input line 267.
LaTeX Font Info:    Font shape `OT1/phv/m/n' will be
(Font)              scaled to size 8.99994pt on input line 267.
LaTeX Font Info:    Font shape `OT1/phv/b/n' will be
(Font)              scaled to size 8.99994pt on input line 267.
LaTeX Font Info:    Font shape `OT1/phv/b/n' will be
(Font)              scaled to size 8.99994pt on input line 267.

Package fancyhdr Warning: \headheight is too small (12.0pt): 
(fancyhdr)                Make it at least 12.00003pt, for example:
(fancyhdr)                \setlength{\headheight}{12.00003pt}.
(fancyhdr)                You might also make \topmargin smaller:
(fancyhdr)                \addtolength{\topmargin}{-0.00003pt}.

LaTeX Font Info:    Font shape `OT1/phv/m/n' will be
(Font)              scaled to size 8.99994pt on input line 267.
LaTeX Font Info:    Font shape `OT1/phv/b/n' will be
(Font)              scaled to size 8.99994pt on input line 267.
LaTeX Font Info:    Font shape `OT1/phv/b/n' will be
(Font)              scaled to size 6.29996pt on input line 267.
LaTeX Font Info:    Font shape `OT1/phv/b/n' will be
(Font)              scaled to size 6.29996pt on input line 267.
[27]
> Step: init table outer spec.
> Step: parse table options.
> Step: split table.
> Step: init table inner spec.
> Step: parse table inner spec.
> Step: execute table commands.
> Step: calculate cell and line sizes.
> Step: build the whole table.
> Step: init table outer spec.
> Step: parse table options.
> Step: split table.
> Step: init table inner spec.
> Step: parse table inner spec.
> Step: execute table commands.
> Step: calculate cell and line sizes.
> Step: build the whole table.
LaTeX Font Info:    Font shape `OT1/pcr/m/it' in size <8> not available
(Font)              Font shape `OT1/pcr/m/sl' tried instead on input line 290.
> Step: init table outer spec.
> Step: parse table options.
> Step: split table.
> Step: init table inner spec.
> Step: parse table inner spec.
> Step: execute table commands.
> Step: calculate cell and line sizes.
LaTeX Font Info:    Font shape `OT1/phv/m/it' in size <10> not available
(Font)              Font shape `OT1/phv/m/sl' tried instead on input line 300.
LaTeX Font Info:    Font shape `OT1/phv/m/sl' will be
(Font)              scaled to size 8.99994pt on input line 300.
> Step: build the whole table.
> Step: init table outer spec.
> Step: parse table options.
> Step: split table.
> Step: init table inner spec.
> Step: parse table inner spec.
> Step: execute table commands.
> Step: calculate cell and line sizes.
> Step: build the whole table.

Underfull \hbox (badness 10000) detected at line 301
[][][]
 []

> Step: init table outer spec.
> Step: parse table options.
> Step: split table.
> Step: init table inner spec.
> Step: parse table inner spec.
> Step: execute table commands.
> Step: calculate cell and line sizes.
> Step: build the whole table.
> Step: init table outer spec.
> Step: parse table options.
> Step: split table.
> Step: init table inner spec.
> Step: parse table inner spec.
> Step: execute table commands.
> Step: calculate cell and line sizes.
> Step: build the whole table.

Underfull \hbox (badness 10000) detected at line 323
[][][]
 []

> Step: init table outer spec.
> Step: parse table options.
> Step: split table.
> Step: init table inner spec.
> Step: parse table inner spec.
> Step: execute table commands.
> Step: calculate cell and line sizes.
> Step: build the whole table.
> Step: init table outer spec.
> Step: parse table options.
> Step: split table.
> Step: init table inner spec.
> Step: parse table inner spec.
> Step: execute table commands.
> Step: calculate cell and line sizes.
> Step: build the whole table.



Package fancyhdr Warning: \headheight is too small (12.0pt): 
(fancyhdr)                Make it at least 12.00003pt, for example:
(fancyhdr)                \setlength{\headheight}{12.00003pt}.
(fancyhdr)                You might also make \topmargin smaller:
(fancyhdr)                \addtolength{\topmargin}{-0.00003pt}.

[28]
Underfull \hbox (badness 10000) detected at line 345
[][][]
 []


Underfull \hbox (badness 10000) detected at line 348
[][][]
 []

 <./namespacegg_a27430d60881b68061b8a8093cfac74ce_cgraph.pdf>
<namespacegg_a27430d60881b68061b8a8093cfac74ce_cgraph.pdf, id=5708, 313.17pt x 
100.375pt>
File: namespacegg_a27430d60881b68061b8a8093cfac74ce_cgraph.pdf Graphic file (ty
pe pdf)
<use namespacegg_a27430d60881b68061b8a8093cfac74ce_cgraph.pdf>
Package pdftex.def Info: namespacegg_a27430d60881b68061b8a8093cfac74ce_cgraph.p
df  used on input line 360.
(pdftex.def)             Requested size: 312.0pt x 100.00409pt.
> Step: init table outer spec.
> Step: parse table options.
> Step: split table.
> Step: init table inner spec.
> Step: parse table inner spec.
> Step: execute table commands.
> Step: calculate cell and line sizes.
> Step: build the whole table.
> Step: init table outer spec.
> Step: parse table options.
> Step: split table.
> Step: init table inner spec.
> Step: parse table inner spec.
> Step: execute table commands.
> Step: calculate cell and line sizes.
> Step: build the whole table.

Underfull \hbox (badness 10000) detected at line 376
[][][]
 []

 <./namespacegg_a78e95511358dff0e43d4c4a3606bde0a_cgraph.pdf>
<namespacegg_a78e95511358dff0e43d4c4a3606bde0a_cgraph.pdf, id=5726, 543.02875pt
 x 138.5175pt>
File: namespacegg_a78e95511358dff0e43d4c4a3606bde0a_cgraph.pdf Graphic file (ty
pe pdf)
<use namespacegg_a78e95511358dff0e43d4c4a3606bde0a_cgraph.pdf>
Package pdftex.def Info: namespacegg_a78e95511358dff0e43d4c4a3606bde0a_cgraph.p
df  used on input line 388.
(pdftex.def)             Requested size: 350.0pt x 89.28285pt.



Package fancyhdr Warning: \headheight is too small (12.0pt): 
(fancyhdr)                Make it at least 12.00003pt, for example:
(fancyhdr)                \setlength{\headheight}{12.00003pt}.
(fancyhdr)                You might also make \topmargin smaller:
(fancyhdr)                \addtolength{\topmargin}{-0.00003pt}.

[29]
> Step: init table outer spec.
> Step: parse table options.
> Step: split table.
> Step: init table inner spec.
> Step: parse table inner spec.
> Step: execute table commands.
> Step: calculate cell and line sizes.
> Step: build the whole table.
> Step: init table outer spec.
> Step: parse table options.
> Step: split table.
> Step: init table inner spec.
> Step: parse table inner spec.
> Step: execute table commands.
> Step: calculate cell and line sizes.
> Step: build the whole table.

Underfull \hbox (badness 10000) detected at line 406
[][][]
 []

 <./namespacegg_adda35bc52f044dc237a3632553ad9d9c_icgraph.pdf>
<namespacegg_adda35bc52f044dc237a3632553ad9d9c_icgraph.pdf, id=5748, 394.47375p
t x 100.375pt>
File: namespacegg_adda35bc52f044dc237a3632553ad9d9c_icgraph.pdf Graphic file (t
ype pdf)
<use namespacegg_adda35bc52f044dc237a3632553ad9d9c_icgraph.pdf>
Package pdftex.def Info: namespacegg_adda35bc52f044dc237a3632553ad9d9c_icgraph.
pdf  used on input line 418.
(pdftex.def)             Requested size: 350.0pt x 89.0593pt.
> Step: init table outer spec.
> Step: parse table options.
> Step: split table.
> Step: init table inner spec.
> Step: parse table inner spec.
> Step: execute table commands.
> Step: calculate cell and line sizes.
> Step: build the whole table.
> Step: init table outer spec.
> Step: parse table options.
> Step: split table.
> Step: init table inner spec.
> Step: parse table inner spec.
> Step: execute table commands.
> Step: calculate cell and line sizes.
> Step: build the whole table.
 <./namespacegg_a2cd46afb53daa13fa8bb2de14baf4e7b_cgraph.pdf>
<namespacegg_a2cd46afb53daa13fa8bb2de14baf4e7b_cgraph.pdf, id=5759, 547.04375pt
 x 100.375pt>
File: namespacegg_a2cd46afb53daa13fa8bb2de14baf4e7b_cgraph.pdf Graphic file (ty
pe pdf)
<use namespacegg_a2cd46afb53daa13fa8bb2de14baf4e7b_cgraph.pdf>
Package pdftex.def Info: namespacegg_a2cd46afb53daa13fa8bb2de14baf4e7b_cgraph.p
df  used on input line 455.
(pdftex.def)             Requested size: 350.0pt x 64.22139pt.


LaTeX Font Info:    Font shape `OT1/phv/m/n' will be
(Font)              scaled to size 8.99994pt on input line 458.
LaTeX Font Info:    Font shape `OT1/phv/m/n' will be
(Font)              scaled to size 8.99994pt on input line 458.
LaTeX Font Info:    Font shape `OT1/phv/m/n' will be
(Font)              scaled to size 8.99994pt on input line 458.
LaTeX Font Info:    Font shape `OT1/phv/b/n' will be
(Font)              scaled to size 8.99994pt on input line 458.
LaTeX Font Info:    Font shape `OT1/phv/b/n' will be
(Font)              scaled to size 8.99994pt on input line 458.

Package fancyhdr Warning: \headheight is too small (12.0pt): 
(fancyhdr)                Make it at least 12.00003pt, for example:
(fancyhdr)                \setlength{\headheight}{12.00003pt}.
(fancyhdr)                You might also make \topmargin smaller:
(fancyhdr)                \addtolength{\topmargin}{-0.00003pt}.

LaTeX Font Info:    Font shape `OT1/phv/m/n' will be
(Font)              scaled to size 8.99994pt on input line 458.
LaTeX Font Info:    Font shape `OT1/phv/b/n' will be
(Font)              scaled to size 8.99994pt on input line 458.
LaTeX Font Info:    Font shape `OT1/phv/b/n' will be
(Font)              scaled to size 6.29996pt on input line 458.
LaTeX Font Info:    Font shape `OT1/phv/b/n' will be
(Font)              scaled to size 6.29996pt on input line 458.
[30] <./namespacegg_a2cd46afb53daa13fa8bb2de14baf4e7b_icgraph.pdf>
<namespacegg_a2cd46afb53daa13fa8bb2de14baf4e7b_icgraph.pdf, id=5779, 494.84875p
t x 200.75pt>
File: namespacegg_a2cd46afb53daa13fa8bb2de14baf4e7b_icgraph.pdf Graphic file (t
ype pdf)
<use namespacegg_a2cd46afb53daa13fa8bb2de14baf4e7b_icgraph.pdf>
Package pdftex.def Info: namespacegg_a2cd46afb53daa13fa8bb2de14baf4e7b_icgraph.
pdf  used on input line 463.
(pdftex.def)             Requested size: 350.0pt x 141.98824pt.
> Step: init table outer spec.
> Step: parse table options.
> Step: split table.
> Step: init table inner spec.
> Step: parse table inner spec.
> Step: execute table commands.
> Step: calculate cell and line sizes.
> Step: build the whole table.
> Step: init table outer spec.
> Step: parse table options.
> Step: split table.
> Step: init table inner spec.
> Step: parse table inner spec.
> Step: execute table commands.
> Step: calculate cell and line sizes.
> Step: build the whole table.

Underfull \hbox (badness 10000) detected at line 493
[][][]
 []

 <./namespacegg_a047058f8d45e31ce77232ef66796e6b0_icgraph.pdf>
<namespacegg_a047058f8d45e31ce77232ef66796e6b0_icgraph.pdf, id=5789, 639.38875p
t x 214.8025pt>
File: namespacegg_a047058f8d45e31ce77232ef66796e6b0_icgraph.pdf Graphic file (t
ype pdf)
<use namespacegg_a047058f8d45e31ce77232ef66796e6b0_icgraph.pdf>
Package pdftex.def Info: namespacegg_a047058f8d45e31ce77232ef66796e6b0_icgraph.
pdf  used on input line 505.
(pdftex.def)             Requested size: 350.0pt x 117.58453pt.



Package fancyhdr Warning: \headheight is too small (12.0pt): 
(fancyhdr)                Make it at least 12.00003pt, for example:
(fancyhdr)                \setlength{\headheight}{12.00003pt}.
(fancyhdr)                You might also make \topmargin smaller:
(fancyhdr)                \addtolength{\topmargin}{-0.00003pt}.

[31]
LaTeX Font Info:    Font shape `OT1/phv/b/n' will be
(Font)              scaled to size 7.19995pt on input line 510.
> Step: init table outer spec.
> Step: parse table options.
> Step: split table.
> Step: init table inner spec.
> Step: parse table inner spec.
> Step: execute table commands.
> Step: calculate cell and line sizes.
> Step: build the whole table.
> Step: init table outer spec.
> Step: parse table options.
> Step: split table.
> Step: init table inner spec.
> Step: parse table inner spec.
> Step: execute table commands.
> Step: calculate cell and line sizes.
> Step: build the whole table.

Underfull \hbox (badness 10000) detected at line 523
[][][]
 []


Underfull \hbox (badness 10000) detected at line 526
[][][]
 []

 <./namespacegg_a3e4152d613985419556992a591628dc2_cgraph.pdf>
<namespacegg_a3e4152d613985419556992a591628dc2_cgraph.pdf, id=5823, 255.95625pt
 x 100.375pt>
File: namespacegg_a3e4152d613985419556992a591628dc2_cgraph.pdf Graphic file (ty
pe pdf)
<use namespacegg_a3e4152d613985419556992a591628dc2_cgraph.pdf>
Package pdftex.def Info: namespacegg_a3e4152d613985419556992a591628dc2_cgraph.p
df  used on input line 538.
(pdftex.def)             Requested size: 255.0pt x 99.9995pt.
> Step: init table outer spec.
> Step: parse table options.
> Step: split table.
> Step: init table inner spec.
> Step: parse table inner spec.
> Step: execute table commands.
> Step: calculate cell and line sizes.
> Step: build the whole table.
> Step: init table outer spec.
> Step: parse table options.
> Step: split table.
> Step: init table inner spec.
> Step: parse table inner spec.
> Step: execute table commands.
> Step: calculate cell and line sizes.
> Step: build the whole table.



Package fancyhdr Warning: \headheight is too small (12.0pt): 
(fancyhdr)                Make it at least 12.00003pt, for example:
(fancyhdr)                \setlength{\headheight}{12.00003pt}.
(fancyhdr)                You might also make \topmargin smaller:
(fancyhdr)                \addtolength{\topmargin}{-0.00003pt}.

[32] <./namespacegg_a3bc5278bea931898a436bc4cd611a108_icgraph.pdf>
<namespacegg_a3bc5278bea931898a436bc4cd611a108_icgraph.pdf, id=5843, 255.95625p
t x 100.375pt>
File: namespacegg_a3bc5278bea931898a436bc4cd611a108_icgraph.pdf Graphic file (t
ype pdf)
<use namespacegg_a3bc5278bea931898a436bc4cd611a108_icgraph.pdf>
Package pdftex.def Info: namespacegg_a3bc5278bea931898a436bc4cd611a108_icgraph.
pdf  used on input line 567.
(pdftex.def)             Requested size: 255.0pt x 99.9995pt.
> Step: init table outer spec.
> Step: parse table options.
> Step: split table.
> Step: init table inner spec.
> Step: parse table inner spec.
> Step: execute table commands.
> Step: calculate cell and line sizes.
> Step: build the whole table.
> Step: init table outer spec.
> Step: parse table options.
> Step: split table.
> Step: init table inner spec.
> Step: parse table inner spec.
> Step: execute table commands.
> Step: calculate cell and line sizes.
> Step: build the whole table.

Underfull \hbox (badness 10000) detected at line 585
[][][]
 []

 <./namespacegg_aa3a225df6ac13de39d971cb22ee8f46e_cgraph.pdf>
<namespacegg_aa3a225df6ac13de39d971cb22ee8f46e_cgraph.pdf, id=5868, 505.89pt x 
100.375pt>
File: namespacegg_aa3a225df6ac13de39d971cb22ee8f46e_cgraph.pdf Graphic file (ty
pe pdf)
<use namespacegg_aa3a225df6ac13de39d971cb22ee8f46e_cgraph.pdf>
Package pdftex.def Info: namespacegg_aa3a225df6ac13de39d971cb22ee8f46e_cgraph.p
df  used on input line 597.
(pdftex.def)             Requested size: 350.0pt x 69.44566pt.
> Step: init table outer spec.
> Step: parse table options.
> Step: split table.
> Step: init table inner spec.
> Step: parse table inner spec.
> Step: execute table commands.
> Step: calculate cell and line sizes.
> Step: build the whole table.
> Step: init table outer spec.
> Step: parse table options.
> Step: split table.
> Step: init table inner spec.
> Step: parse table inner spec.
> Step: execute table commands.
> Step: calculate cell and line sizes.
> Step: build the whole table.



Package fancyhdr Warning: \headheight is too small (12.0pt): 
(fancyhdr)                Make it at least 12.00003pt, for example:
(fancyhdr)                \setlength{\headheight}{12.00003pt}.
(fancyhdr)                You might also make \topmargin smaller:
(fancyhdr)                \addtolength{\topmargin}{-0.00003pt}.

[33]
Underfull \hbox (badness 10000) detected at line 615
[][][]
 []

 <./namespacegg_a1c20fea9c5d29d82ceabb41c12b2a831_cgraph.pdf>
<namespacegg_a1c20fea9c5d29d82ceabb41c12b2a831_cgraph.pdf, id=5889, 382.42876pt
 x 100.375pt>
File: namespacegg_a1c20fea9c5d29d82ceabb41c12b2a831_cgraph.pdf Graphic file (ty
pe pdf)
<use namespacegg_a1c20fea9c5d29d82ceabb41c12b2a831_cgraph.pdf>
Package pdftex.def Info: namespacegg_a1c20fea9c5d29d82ceabb41c12b2a831_cgraph.p
df  used on input line 627.
(pdftex.def)             Requested size: 350.0pt x 91.86824pt.
 <./namespacegg_a1c20fea9c5d29d82ceabb41c12b2a831_icgraph.pdf>
<namespacegg_a1c20fea9c5d29d82ceabb41c12b2a831_icgraph.pdf, id=5898, 325.215pt 
x 138.5175pt>
File: namespacegg_a1c20fea9c5d29d82ceabb41c12b2a831_icgraph.pdf Graphic file (t
ype pdf)
<use namespacegg_a1c20fea9c5d29d82ceabb41c12b2a831_icgraph.pdf>
Package pdftex.def Info: namespacegg_a1c20fea9c5d29d82ceabb41c12b2a831_icgraph.
pdf  used on input line 635.
(pdftex.def)             Requested size: 324.0pt x 138.00987pt.
> Step: init table outer spec.
> Step: parse table options.
> Step: split table.
> Step: init table inner spec.
> Step: parse table inner spec.
> Step: execute table commands.
> Step: calculate cell and line sizes.
> Step: build the whole table.
> Step: init table outer spec.
> Step: parse table options.
> Step: split table.
> Step: init table inner spec.
> Step: parse table inner spec.
> Step: execute table commands.
> Step: calculate cell and line sizes.
> Step: build the whole table.

Underfull \hbox (badness 10000) detected at line 653
[][][]
 []

 <./namespacegg_ababa9df1e37a168855d97d4db90b990b_cgraph.pdf>
<namespacegg_ababa9df1e37a168855d97d4db90b990b_cgraph.pdf, id=5924, 505.89pt x 
100.375pt>
File: namespacegg_ababa9df1e37a168855d97d4db90b990b_cgraph.pdf Graphic file (ty
pe pdf)
<use namespacegg_ababa9df1e37a168855d97d4db90b990b_cgraph.pdf>
Package pdftex.def Info: namespacegg_ababa9df1e37a168855d97d4db90b990b_cgraph.p
df  used on input line 665.
(pdftex.def)             Requested size: 350.0pt x 69.44566pt.



Package fancyhdr Warning: \headheight is too small (12.0pt): 
(fancyhdr)                Make it at least 12.00003pt, for example:
(fancyhdr)                \setlength{\headheight}{12.00003pt}.
(fancyhdr)                You might also make \topmargin smaller:
(fancyhdr)                \addtolength{\topmargin}{-0.00003pt}.

[34]
> Step: init table outer spec.
> Step: parse table options.
> Step: split table.
> Step: init table inner spec.
> Step: parse table inner spec.
> Step: execute table commands.
> Step: calculate cell and line sizes.
> Step: build the whole table.
> Step: init table outer spec.
> Step: parse table options.
> Step: split table.
> Step: init table inner spec.
> Step: parse table inner spec.
> Step: execute table commands.
> Step: calculate cell and line sizes.
> Step: build the whole table.

Underfull \hbox (badness 10000) detected at line 683
[][][]
 []

 <./namespacegg_a9d84278231c4a950b533d6d90c510ec6_cgraph.pdf>
<namespacegg_a9d84278231c4a950b533d6d90c510ec6_cgraph.pdf, id=5944, 382.42876pt
 x 100.375pt>
File: namespacegg_a9d84278231c4a950b533d6d90c510ec6_cgraph.pdf Graphic file (ty
pe pdf)
<use namespacegg_a9d84278231c4a950b533d6d90c510ec6_cgraph.pdf>
Package pdftex.def Info: namespacegg_a9d84278231c4a950b533d6d90c510ec6_cgraph.p
df  used on input line 695.
(pdftex.def)             Requested size: 350.0pt x 91.86824pt.
 <./namespacegg_a9d84278231c4a950b533d6d90c510ec6_icgraph.pdf>
<namespacegg_a9d84278231c4a950b533d6d90c510ec6_icgraph.pdf, id=5952, 325.215pt 
x 138.5175pt>
File: namespacegg_a9d84278231c4a950b533d6d90c510ec6_icgraph.pdf Graphic file (t
ype pdf)
<use namespacegg_a9d84278231c4a950b533d6d90c510ec6_icgraph.pdf>
Package pdftex.def Info: namespacegg_a9d84278231c4a950b533d6d90c510ec6_icgraph.
pdf  used on input line 703.
(pdftex.def)             Requested size: 324.0pt x 138.00987pt.



Package fancyhdr Warning: \headheight is too small (12.0pt): 
(fancyhdr)                Make it at least 12.00003pt, for example:
(fancyhdr)                \setlength{\headheight}{12.00003pt}.
(fancyhdr)                You might also make \topmargin smaller:
(fancyhdr)                \addtolength{\topmargin}{-0.00003pt}.

[35]
> Step: init table outer spec.
> Step: parse table options.
> Step: split table.
> Step: init table inner spec.
> Step: parse table inner spec.
> Step: execute table commands.
> Step: calculate cell and line sizes.
> Step: build the whole table.
> Step: init table outer spec.
> Step: parse table options.
> Step: split table.
> Step: init table inner spec.
> Step: parse table inner spec.
> Step: execute table commands.
> Step: calculate cell and line sizes.
> Step: build the whole table.

Underfull \hbox (badness 10000) detected at line 721
[][][]
 []

 <./namespacegg_a884a700a6f3d5367f0d7a7fb43bd61e0_cgraph.pdf>
<namespacegg_a884a700a6f3d5367f0d7a7fb43bd61e0_cgraph.pdf, id=5989, 244.915pt x
 100.375pt>
File: namespacegg_a884a700a6f3d5367f0d7a7fb43bd61e0_cgraph.pdf Graphic file (ty
pe pdf)
<use namespacegg_a884a700a6f3d5367f0d7a7fb43bd61e0_cgraph.pdf>
Package pdftex.def Info: namespacegg_a884a700a6f3d5367f0d7a7fb43bd61e0_cgraph.p
df  used on input line 733.
(pdftex.def)             Requested size: 244.0pt x 100.00255pt.
> Step: init table outer spec.
> Step: parse table options.
> Step: split table.
> Step: init table inner spec.
> Step: parse table inner spec.
> Step: execute table commands.
> Step: calculate cell and line sizes.
> Step: build the whole table.
> Step: init table outer spec.
> Step: parse table options.
> Step: split table.
> Step: init table inner spec.
> Step: parse table inner spec.
> Step: execute table commands.
> Step: calculate cell and line sizes.
> Step: build the whole table.

Underfull \hbox (badness 10000) detected at line 751
[][][]
 []

 <./namespacegg_a4e49aff9138ef05a803f1ee703d0f67f_icgraph.pdf>
<namespacegg_a4e49aff9138ef05a803f1ee703d0f67f_icgraph.pdf, id=5999, 886.31125p
t x 329.23pt>
File: namespacegg_a4e49aff9138ef05a803f1ee703d0f67f_icgraph.pdf Graphic file (t
ype pdf)
<use namespacegg_a4e49aff9138ef05a803f1ee703d0f67f_icgraph.pdf>
Package pdftex.def Info: namespacegg_a4e49aff9138ef05a803f1ee703d0f67f_icgraph.
pdf  used on input line 763.
(pdftex.def)             Requested size: 350.0pt x 130.01176pt.



Package fancyhdr Warning: \headheight is too small (12.0pt): 
(fancyhdr)                Make it at least 12.00003pt, for example:
(fancyhdr)                \setlength{\headheight}{12.00003pt}.
(fancyhdr)                You might also make \topmargin smaller:
(fancyhdr)                \addtolength{\topmargin}{-0.00003pt}.

[36]
> Step: init table outer spec.
> Step: parse table options.
> Step: split table.
> Step: init table inner spec.
> Step: parse table inner spec.
> Step: execute table commands.
> Step: calculate cell and line sizes.
> Step: build the whole table.
> Step: init table outer spec.
> Step: parse table options.
> Step: split table.
> Step: init table inner spec.
> Step: parse table inner spec.
> Step: execute table commands.
> Step: calculate cell and line sizes.
> Step: build the whole table.

Underfull \hbox (badness 10000) detected at line 781
[][][]
 []

 <./namespacegg_a1f4640ffabc40dc38457d4b33ab21b87_cgraph.pdf>
<namespacegg_a1f4640ffabc40dc38457d4b33ab21b87_cgraph.pdf, id=6033, 244.915pt x
 100.375pt>
File: namespacegg_a1f4640ffabc40dc38457d4b33ab21b87_cgraph.pdf Graphic file (ty
pe pdf)
<use namespacegg_a1f4640ffabc40dc38457d4b33ab21b87_cgraph.pdf>
Package pdftex.def Info: namespacegg_a1f4640ffabc40dc38457d4b33ab21b87_cgraph.p
df  used on input line 793.
(pdftex.def)             Requested size: 244.0pt x 100.00255pt.
> Step: init table outer spec.
> Step: parse table options.
> Step: split table.
> Step: init table inner spec.
> Step: parse table inner spec.
> Step: execute table commands.
> Step: calculate cell and line sizes.
> Step: build the whole table.
> Step: init table outer spec.
> Step: parse table options.
> Step: split table.
> Step: init table inner spec.
> Step: parse table inner spec.
> Step: execute table commands.
> Step: calculate cell and line sizes.
> Step: build the whole table.



Package fancyhdr Warning: \headheight is too small (12.0pt): 
(fancyhdr)                Make it at least 12.00003pt, for example:
(fancyhdr)                \setlength{\headheight}{12.00003pt}.
(fancyhdr)                You might also make \topmargin smaller:
(fancyhdr)                \addtolength{\topmargin}{-0.00003pt}.

[37]
Underfull \hbox (badness 10000) detected at line 811
[][][]
 []

 <./namespacegg_a34aa472e3f12dd5a976c090da6c1bc51_icgraph.pdf>
<namespacegg_a34aa472e3f12dd5a976c090da6c1bc51_icgraph.pdf, id=6055, 1047.915pt
 x 443.6575pt>
File: namespacegg_a34aa472e3f12dd5a976c090da6c1bc51_icgraph.pdf Graphic file (t
ype pdf)
<use namespacegg_a34aa472e3f12dd5a976c090da6c1bc51_icgraph.pdf>
Package pdftex.def Info: namespacegg_a34aa472e3f12dd5a976c090da6c1bc51_icgraph.
pdf  used on input line 823.
(pdftex.def)             Requested size: 350.0pt x 148.1743pt.
> Step: init table outer spec.
> Step: parse table options.
> Step: split table.
> Step: init table inner spec.
> Step: parse table inner spec.
> Step: execute table commands.
> Step: calculate cell and line sizes.
> Step: build the whole table.
> Step: init table outer spec.
> Step: parse table options.
> Step: split table.
> Step: init table inner spec.
> Step: parse table inner spec.
> Step: execute table commands.
> Step: calculate cell and line sizes.
> Step: build the whole table.

Underfull \hbox (badness 10000) detected at line 845
[][][]
 []


Underfull \hbox (badness 10000) detected at line 848
[][][]
 []

 <./namespacegg_afe1fcb205a0f34a31eda2d2eb4012084_cgraph.pdf>
<namespacegg_afe1fcb205a0f34a31eda2d2eb4012084_cgraph.pdf, id=6068, 531.9875pt 
x 100.375pt>
File: namespacegg_afe1fcb205a0f34a31eda2d2eb4012084_cgraph.pdf Graphic file (ty
pe pdf)
<use namespacegg_afe1fcb205a0f34a31eda2d2eb4012084_cgraph.pdf>
Package pdftex.def Info: namespacegg_afe1fcb205a0f34a31eda2d2eb4012084_cgraph.p
df  used on input line 860.
(pdftex.def)             Requested size: 350.0pt x 66.0394pt.


LaTeX Font Info:    Font shape `OT1/phv/m/n' will be
(Font)              scaled to size 8.99994pt on input line 863.
LaTeX Font Info:    Font shape `OT1/phv/m/n' will be
(Font)              scaled to size 8.99994pt on input line 863.
LaTeX Font Info:    Font shape `OT1/phv/m/n' will be
(Font)              scaled to size 8.99994pt on input line 863.
LaTeX Font Info:    Font shape `OT1/phv/b/n' will be
(Font)              scaled to size 8.99994pt on input line 863.
LaTeX Font Info:    Font shape `OT1/phv/b/n' will be
(Font)              scaled to size 8.99994pt on input line 863.

Package fancyhdr Warning: \headheight is too small (12.0pt): 
(fancyhdr)                Make it at least 12.00003pt, for example:
(fancyhdr)                \setlength{\headheight}{12.00003pt}.
(fancyhdr)                You might also make \topmargin smaller:
(fancyhdr)                \addtolength{\topmargin}{-0.00003pt}.

LaTeX Font Info:    Font shape `OT1/phv/m/n' will be
(Font)              scaled to size 8.99994pt on input line 863.
LaTeX Font Info:    Font shape `OT1/phv/b/n' will be
(Font)              scaled to size 8.99994pt on input line 863.
LaTeX Font Info:    Font shape `OT1/phv/b/n' will be
(Font)              scaled to size 6.29996pt on input line 863.
LaTeX Font Info:    Font shape `OT1/phv/b/n' will be
(Font)              scaled to size 6.29996pt on input line 863.
[38] <./namespacegg_afe1fcb205a0f34a31eda2d2eb4012084_icgraph.pdf>
<namespacegg_afe1fcb205a0f34a31eda2d2eb4012084_icgraph.pdf, id=6084, 340.27126p
t x 100.375pt>
File: namespacegg_afe1fcb205a0f34a31eda2d2eb4012084_icgraph.pdf Graphic file (t
ype pdf)
<use namespacegg_afe1fcb205a0f34a31eda2d2eb4012084_icgraph.pdf>
Package pdftex.def Info: namespacegg_afe1fcb205a0f34a31eda2d2eb4012084_icgraph.
pdf  used on input line 868.
(pdftex.def)             Requested size: 339.0pt x 100.00562pt.
> Step: init table outer spec.
> Step: parse table options.
> Step: split table.
> Step: init table inner spec.
> Step: parse table inner spec.
> Step: execute table commands.
> Step: calculate cell and line sizes.
> Step: build the whole table.
> Step: init table outer spec.
> Step: parse table options.
> Step: split table.
> Step: init table inner spec.
> Step: parse table inner spec.
> Step: execute table commands.
> Step: calculate cell and line sizes.
> Step: build the whole table.

Underfull \hbox (badness 10000) detected at line 886
[][][]
 []


Underfull \hbox (badness 10000) detected at line 889
[][][]
 []

 <./namespacegg_a6b3f7b9af6577d60e0a6702fa7c1b3f7_cgraph.pdf>
<namespacegg_a6b3f7b9af6577d60e0a6702fa7c1b3f7_cgraph.pdf, id=6097, 325.215pt x
 100.375pt>
File: namespacegg_a6b3f7b9af6577d60e0a6702fa7c1b3f7_cgraph.pdf Graphic file (ty
pe pdf)
<use namespacegg_a6b3f7b9af6577d60e0a6702fa7c1b3f7_cgraph.pdf>
Package pdftex.def Info: namespacegg_a6b3f7b9af6577d60e0a6702fa7c1b3f7_cgraph.p
df  used on input line 901.
(pdftex.def)             Requested size: 324.0pt x 100.00716pt.



Package fancyhdr Warning: \headheight is too small (12.0pt): 
(fancyhdr)                Make it at least 12.00003pt, for example:
(fancyhdr)                \setlength{\headheight}{12.00003pt}.
(fancyhdr)                You might also make \topmargin smaller:
(fancyhdr)                \addtolength{\topmargin}{-0.00003pt}.

[39]
> Step: init table outer spec.
> Step: parse table options.
> Step: split table.
> Step: init table inner spec.
> Step: parse table inner spec.
> Step: execute table commands.
> Step: calculate cell and line sizes.
> Step: build the whole table.
> Step: init table outer spec.
> Step: parse table options.
> Step: split table.
> Step: init table inner spec.
> Step: parse table inner spec.
> Step: execute table commands.
> Step: calculate cell and line sizes.
> Step: build the whole table.

Underfull \hbox (badness 10000) detected at line 921
[][][]
 []


Underfull \hbox (badness 10000) detected at line 924
[][][]
 []

 <./namespacegg_a04c512ca7268233b59fc61573dedcf80_cgraph.pdf>
<namespacegg_a04c512ca7268233b59fc61573dedcf80_cgraph.pdf, id=6119, 683.55376pt
 x 100.375pt>
File: namespacegg_a04c512ca7268233b59fc61573dedcf80_cgraph.pdf Graphic file (ty
pe pdf)
<use namespacegg_a04c512ca7268233b59fc61573dedcf80_cgraph.pdf>
Package pdftex.def Info: namespacegg_a04c512ca7268233b59fc61573dedcf80_cgraph.p
df  used on input line 936.
(pdftex.def)             Requested size: 350.0pt x 51.3958pt.
> Step: init table outer spec.
> Step: parse table options.
> Step: split table.
> Step: init table inner spec.
> Step: parse table inner spec.
> Step: execute table commands.
> Step: calculate cell and line sizes.
> Step: build the whole table.
> Step: init table outer spec.
> Step: parse table options.
> Step: split table.
> Step: init table inner spec.
> Step: parse table inner spec.
> Step: execute table commands.
> Step: calculate cell and line sizes.
> Step: build the whole table.



Package fancyhdr Warning: \headheight is too small (12.0pt): 
(fancyhdr)                Make it at least 12.00003pt, for example:
(fancyhdr)                \setlength{\headheight}{12.00003pt}.
(fancyhdr)                You might also make \topmargin smaller:
(fancyhdr)                \addtolength{\topmargin}{-0.00003pt}.

[40]


Package fancyhdr Warning: \headheight is too small (12.0pt): 
(fancyhdr)                Make it at least 12.00003pt, for example:
(fancyhdr)                \setlength{\headheight}{12.00003pt}.
(fancyhdr)                You might also make \topmargin smaller:
(fancyhdr)                \addtolength{\topmargin}{-0.00003pt}.

[41]
Underfull \hbox (badness 10000) detected at line 956
[][][]
 []

> Step: init table outer spec.
> Step: parse table options.
> Step: split table.
> Step: init table inner spec.
> Step: parse table inner spec.
> Step: execute table commands.
> Step: calculate cell and line sizes.
> Step: build the whole table.
> Step: init table outer spec.
> Step: parse table options.
> Step: split table.
> Step: init table inner spec.
> Step: parse table inner spec.
> Step: execute table commands.
> Step: calculate cell and line sizes.
> Step: build the whole table.

Underfull \hbox (badness 10000) detected at line 976
[][][]
 []

 <./namespacegg_aa4da45ac0eaceae1ab1717c749b8d059_cgraph.pdf>
<namespacegg_aa4da45ac0eaceae1ab1717c749b8d059_cgraph.pdf, id=6157, 903.375pt x
 194.7275pt>
File: namespacegg_aa4da45ac0eaceae1ab1717c749b8d059_cgraph.pdf Graphic file (ty
pe pdf)
<use namespacegg_aa4da45ac0eaceae1ab1717c749b8d059_cgraph.pdf>
Package pdftex.def Info: namespacegg_aa4da45ac0eaceae1ab1717c749b8d059_cgraph.p
df  used on input line 988.
(pdftex.def)             Requested size: 350.0pt x 75.44423pt.
> Step: init table outer spec.
> Step: parse table options.
> Step: split table.
> Step: init table inner spec.
> Step: parse table inner spec.
> Step: execute table commands.
> Step: calculate cell and line sizes.
> Step: build the whole table.
> Step: init table outer spec.
> Step: parse table options.
> Step: split table.
> Step: init table inner spec.
> Step: parse table inner spec.
> Step: execute table commands.
> Step: calculate cell and line sizes.
> Step: build the whole table.

Underfull \hbox (badness 10000) detected at line 1004
[][][]
 []

 <./namespacegg_a3ac6682d2eb32fa126445a1df1e934b6_cgraph.pdf>
<namespacegg_a3ac6682d2eb32fa126445a1df1e934b6_cgraph.pdf, id=6168, 903.375pt x
 194.7275pt>
File: namespacegg_a3ac6682d2eb32fa126445a1df1e934b6_cgraph.pdf Graphic file (ty
pe pdf)
<use namespacegg_a3ac6682d2eb32fa126445a1df1e934b6_cgraph.pdf>
Package pdftex.def Info: namespacegg_a3ac6682d2eb32fa126445a1df1e934b6_cgraph.p
df  used on input line 1016.
(pdftex.def)             Requested size: 350.0pt x 75.44423pt.



Package fancyhdr Warning: \headheight is too small (12.0pt): 
(fancyhdr)                Make it at least 12.00003pt, for example:
(fancyhdr)                \setlength{\headheight}{12.00003pt}.
(fancyhdr)                You might also make \topmargin smaller:
(fancyhdr)                \addtolength{\topmargin}{-0.00003pt}.

[42]
> Step: init table outer spec.
> Step: parse table options.
> Step: split table.
> Step: init table inner spec.
> Step: parse table inner spec.
> Step: execute table commands.
> Step: calculate cell and line sizes.
> Step: build the whole table.
> Step: init table outer spec.
> Step: parse table options.
> Step: split table.
> Step: init table inner spec.
> Step: parse table inner spec.
> Step: execute table commands.
> Step: calculate cell and line sizes.
> Step: build the whole table.

Underfull \hbox (badness 10000) detected at line 1036
[][][]
 []

 <./namespacegg_aacfb5aa2cd001a0ad0fc8c7831576860_cgraph.pdf>
<namespacegg_aacfb5aa2cd001a0ad0fc8c7831576860_cgraph.pdf, id=6190, 753.81625pt
 x 194.7275pt>
File: namespacegg_aacfb5aa2cd001a0ad0fc8c7831576860_cgraph.pdf Graphic file (ty
pe pdf)
<use namespacegg_aacfb5aa2cd001a0ad0fc8c7831576860_cgraph.pdf>
Package pdftex.def Info: namespacegg_aacfb5aa2cd001a0ad0fc8c7831576860_cgraph.p
df  used on input line 1048.
(pdftex.def)             Requested size: 350.0pt x 90.41066pt.
 <./namespacegg_aacfb5aa2cd001a0ad0fc8c7831576860_icgraph.pdf>
<namespacegg_aacfb5aa2cd001a0ad0fc8c7831576860_icgraph.pdf, id=6198, 343.2825pt
 x 138.5175pt>
File: namespacegg_aacfb5aa2cd001a0ad0fc8c7831576860_icgraph.pdf Graphic file (t
ype pdf)
<use namespacegg_aacfb5aa2cd001a0ad0fc8c7831576860_icgraph.pdf>
Package pdftex.def Info: namespacegg_aacfb5aa2cd001a0ad0fc8c7831576860_icgraph.
pdf  used on input line 1056.
(pdftex.def)             Requested size: 342.0pt x 137.99931pt.



Package fancyhdr Warning: \headheight is too small (12.0pt): 
(fancyhdr)                Make it at least 12.00003pt, for example:
(fancyhdr)                \setlength{\headheight}{12.00003pt}.
(fancyhdr)                You might also make \topmargin smaller:
(fancyhdr)                \addtolength{\topmargin}{-0.00003pt}.

[43]
LaTeX Font Info:    Font shape `OT1/pcr/m/it' in size <7> not available
(Font)              Font shape `OT1/pcr/m/sl' tried instead on input line 1063.

> Step: init table outer spec.
> Step: parse table options.
> Step: split table.
> Step: init table inner spec.
> Step: parse table inner spec.
> Step: execute table commands.
> Step: calculate cell and line sizes.
LaTeX Font Info:    Font shape `OT1/phv/m/it' in size <7> not available
(Font)              Font shape `OT1/phv/m/sl' tried instead on input line 1081.

LaTeX Font Info:    Font shape `OT1/phv/m/sl' will be
(Font)              scaled to size 6.29996pt on input line 1081.
> Step: build the whole table.
> Step: init table outer spec.
> Step: parse table options.
> Step: split table.
> Step: init table inner spec.
> Step: parse table inner spec.
> Step: execute table commands.
> Step: calculate cell and line sizes.
> Step: build the whole table.

Underfull \hbox (badness 10000) detected at line 1082
[][][]
 []

 <./namespacegg_a6045dfb6776b306492ac593db94be7ab_cgraph.pdf>
<namespacegg_a6045dfb6776b306492ac593db94be7ab_cgraph.pdf, id=6219, 328.22626pt
 x 100.375pt>
File: namespacegg_a6045dfb6776b306492ac593db94be7ab_cgraph.pdf Graphic file (ty
pe pdf)
<use namespacegg_a6045dfb6776b306492ac593db94be7ab_cgraph.pdf>
Package pdftex.def Info: namespacegg_a6045dfb6776b306492ac593db94be7ab_cgraph.p
df  used on input line 1094.
(pdftex.def)             Requested size: 327.0pt x 100.00102pt.


LaTeX Font Info:    Font shape `OT1/phv/m/n' will be
(Font)              scaled to size 8.99994pt on input line 1103.
LaTeX Font Info:    Font shape `OT1/phv/m/n' will be
(Font)              scaled to size 8.99994pt on input line 1103.
LaTeX Font Info:    Font shape `OT1/phv/m/n' will be
(Font)              scaled to size 8.99994pt on input line 1103.
LaTeX Font Info:    Font shape `OT1/phv/b/n' will be
(Font)              scaled to size 8.99994pt on input line 1103.
LaTeX Font Info:    Font shape `OT1/phv/b/n' will be
(Font)              scaled to size 8.99994pt on input line 1103.

Package fancyhdr Warning: \headheight is too small (12.0pt): 
(fancyhdr)                Make it at least 12.00003pt, for example:
(fancyhdr)                \setlength{\headheight}{12.00003pt}.
(fancyhdr)                You might also make \topmargin smaller:
(fancyhdr)                \addtolength{\topmargin}{-0.00003pt}.

LaTeX Font Info:    Font shape `OT1/phv/m/n' will be
(Font)              scaled to size 8.99994pt on input line 1103.
LaTeX Font Info:    Font shape `OT1/phv/b/n' will be
(Font)              scaled to size 8.99994pt on input line 1103.
LaTeX Font Info:    Font shape `OT1/phv/b/n' will be
(Font)              scaled to size 6.29996pt on input line 1103.
LaTeX Font Info:    Font shape `OT1/phv/b/n' will be
(Font)              scaled to size 6.29996pt on input line 1103.
[44]
Underfull \hbox (badness 10000) detected at line 1105
[][][]
 []

 <./namespacegg_afca3af3d6f73db24e8309a0f83592356_cgraph.pdf>
<namespacegg_afca3af3d6f73db24e8309a0f83592356_cgraph.pdf, id=6239, 321.2pt x 1
00.375pt>
File: namespacegg_afca3af3d6f73db24e8309a0f83592356_cgraph.pdf Graphic file (ty
pe pdf)
<use namespacegg_afca3af3d6f73db24e8309a0f83592356_cgraph.pdf>
Package pdftex.def Info: namespacegg_afca3af3d6f73db24e8309a0f83592356_cgraph.p
df  used on input line 1117.
(pdftex.def)             Requested size: 320.0pt x 100.00255pt.

Underfull \hbox (badness 10000) detected at line 1128
[][][]
 []

 <./namespacegg_af887bffaeaee67620ed2f7e020cb6a6a_cgraph.pdf>
<namespacegg_af887bffaeaee67620ed2f7e020cb6a6a_cgraph.pdf, id=6250, 584.1825pt 
x 100.375pt>
File: namespacegg_af887bffaeaee67620ed2f7e020cb6a6a_cgraph.pdf Graphic file (ty
pe pdf)
<use namespacegg_af887bffaeaee67620ed2f7e020cb6a6a_cgraph.pdf>
Package pdftex.def Info: namespacegg_af887bffaeaee67620ed2f7e020cb6a6a_cgraph.p
df  used on input line 1140.
(pdftex.def)             Requested size: 350.0pt x 60.13968pt.

Underfull \hbox (badness 10000) detected at line 1151
[][][]
 []

 <./namespacegg_af7ab5857e56acfcf3e806f587f3737a0_icgraph.pdf>
<namespacegg_af7ab5857e56acfcf3e806f587f3737a0_icgraph.pdf, id=6260, 508.90125p
t x 367.3725pt>
File: namespacegg_af7ab5857e56acfcf3e806f587f3737a0_icgraph.pdf Graphic file (t
ype pdf)
<use namespacegg_af7ab5857e56acfcf3e806f587f3737a0_icgraph.pdf>
Package pdftex.def Info: namespacegg_af7ab5857e56acfcf3e806f587f3737a0_icgraph.
pdf  used on input line 1163.
(pdftex.def)             Requested size: 350.0pt x 252.67447pt.



Package fancyhdr Warning: \headheight is too small (12.0pt): 
(fancyhdr)                Make it at least 12.00003pt, for example:
(fancyhdr)                \setlength{\headheight}{12.00003pt}.
(fancyhdr)                You might also make \topmargin smaller:
(fancyhdr)                \addtolength{\topmargin}{-0.00003pt}.

[45]
> Step: init table outer spec.
> Step: parse table options.
> Step: split table.
> Step: init table inner spec.
> Step: parse table inner spec.
> Step: execute table commands.
> Step: calculate cell and line sizes.
> Step: build the whole table.
> Step: init table outer spec.
> Step: parse table options.
> Step: split table.
> Step: init table inner spec.
> Step: parse table inner spec.
> Step: execute table commands.
> Step: calculate cell and line sizes.
> Step: build the whole table.

Underfull \hbox (badness 10000) detected at line 1179
[][][]
 []

 <./namespacegg_af3d4cc9af9b0b96137c762b0400d6c3b_cgraph.pdf>
<namespacegg_af3d4cc9af9b0b96137c762b0400d6c3b_cgraph.pdf, id=6281, 444.66125pt
 x 138.5175pt>
File: namespacegg_af3d4cc9af9b0b96137c762b0400d6c3b_cgraph.pdf Graphic file (ty
pe pdf)
<use namespacegg_af3d4cc9af9b0b96137c762b0400d6c3b_cgraph.pdf>
Package pdftex.def Info: namespacegg_af3d4cc9af9b0b96137c762b0400d6c3b_cgraph.p
df  used on input line 1191.
(pdftex.def)             Requested size: 350.0pt x 109.03026pt.



Package fancyhdr Warning: \headheight is too small (12.0pt): 
(fancyhdr)                Make it at least 12.00003pt, for example:
(fancyhdr)                \setlength{\headheight}{12.00003pt}.
(fancyhdr)                You might also make \topmargin smaller:
(fancyhdr)                \addtolength{\topmargin}{-0.00003pt}.

[46]
> Step: init table outer spec.
> Step: parse table options.
> Step: split table.
> Step: init table inner spec.
> Step: parse table inner spec.
> Step: execute table commands.
> Step: calculate cell and line sizes.
> Step: build the whole table.
> Step: init table outer spec.
> Step: parse table options.
> Step: split table.
> Step: init table inner spec.
> Step: parse table inner spec.
> Step: execute table commands.
> Step: calculate cell and line sizes.
> Step: build the whole table.

Underfull \hbox (badness 10000) detected at line 1207
[][][]
 []

 <./namespacegg_ac834686c8605553fbe7c2709c685ba4e_cgraph.pdf>
<namespacegg_ac834686c8605553fbe7c2709c685ba4e_cgraph.pdf, id=6310, 682.55pt x 
176.66pt>
File: namespacegg_ac834686c8605553fbe7c2709c685ba4e_cgraph.pdf Graphic file (ty
pe pdf)
<use namespacegg_ac834686c8605553fbe7c2709c685ba4e_cgraph.pdf>
Package pdftex.def Info: namespacegg_ac834686c8605553fbe7c2709c685ba4e_cgraph.p
df  used on input line 1219.
(pdftex.def)             Requested size: 350.0pt x 90.5887pt.
> Step: init table outer spec.
> Step: parse table options.
> Step: split table.
> Step: init table inner spec.
> Step: parse table inner spec.
> Step: execute table commands.
> Step: calculate cell and line sizes.
> Step: build the whole table.
> Step: init table outer spec.
> Step: parse table options.
> Step: split table.
> Step: init table inner spec.
> Step: parse table inner spec.
> Step: execute table commands.
> Step: calculate cell and line sizes.
> Step: build the whole table.

Underfull \hbox (badness 10000) detected at line 1235
[][][]
 []

 <./namespacegg_a01ccb3648bdfe2d689034136304a7ac5_cgraph.pdf>
<namespacegg_a01ccb3648bdfe2d689034136304a7ac5_cgraph.pdf, id=6328, 372.39125pt
 x 100.375pt>
File: namespacegg_a01ccb3648bdfe2d689034136304a7ac5_cgraph.pdf Graphic file (ty
pe pdf)
<use namespacegg_a01ccb3648bdfe2d689034136304a7ac5_cgraph.pdf>
Package pdftex.def Info: namespacegg_a01ccb3648bdfe2d689034136304a7ac5_cgraph.p
df  used on input line 1247.
(pdftex.def)             Requested size: 350.0pt x 94.3433pt.



Package fancyhdr Warning: \headheight is too small (12.0pt): 
(fancyhdr)                Make it at least 12.00003pt, for example:
(fancyhdr)                \setlength{\headheight}{12.00003pt}.
(fancyhdr)                You might also make \topmargin smaller:
(fancyhdr)                \addtolength{\topmargin}{-0.00003pt}.

[47]
> Step: init table outer spec.
> Step: parse table options.
> Step: split table.
> Step: init table inner spec.
> Step: parse table inner spec.
> Step: execute table commands.
> Step: calculate cell and line sizes.
> Step: build the whole table.
> Step: init table outer spec.
> Step: parse table options.
> Step: split table.
> Step: init table inner spec.
> Step: parse table inner spec.
> Step: execute table commands.
> Step: calculate cell and line sizes.
> Step: build the whole table.

Underfull \hbox (badness 10000) detected at line 1263
[][][]
 []

 <./namespacegg_a837850150a8293353ade7900452955b2_cgraph.pdf>
<namespacegg_a837850150a8293353ade7900452955b2_cgraph.pdf, id=6350, 258.9675pt 
x 100.375pt>
File: namespacegg_a837850150a8293353ade7900452955b2_cgraph.pdf Graphic file (ty
pe pdf)
<use namespacegg_a837850150a8293353ade7900452955b2_cgraph.pdf>
Package pdftex.def Info: namespacegg_a837850150a8293353ade7900452955b2_cgraph.p
df  used on input line 1275.
(pdftex.def)             Requested size: 258.0pt x 100.01021pt.
 <./namespacegg_a837850150a8293353ade7900452955b2_icgraph.pdf>
<namespacegg_a837850150a8293353ade7900452955b2_icgraph.pdf, id=6358, 764.8575pt
 x 329.23pt>
File: namespacegg_a837850150a8293353ade7900452955b2_icgraph.pdf Graphic file (t
ype pdf)
<use namespacegg_a837850150a8293353ade7900452955b2_icgraph.pdf>
Package pdftex.def Info: namespacegg_a837850150a8293353ade7900452955b2_icgraph.
pdf  used on input line 1283.
(pdftex.def)             Requested size: 350.0pt x 150.6539pt.
> Step: init table outer spec.
> Step: parse table options.
> Step: split table.
> Step: init table inner spec.
> Step: parse table inner spec.
> Step: execute table commands.
> Step: calculate cell and line sizes.
> Step: build the whole table.
> Step: init table outer spec.
> Step: parse table options.
> Step: split table.
> Step: init table inner spec.
> Step: parse table inner spec.
> Step: execute table commands.
> Step: calculate cell and line sizes.
> Step: build the whole table.



Package fancyhdr Warning: \headheight is too small (12.0pt): 
(fancyhdr)                Make it at least 12.00003pt, for example:
(fancyhdr)                \setlength{\headheight}{12.00003pt}.
(fancyhdr)                You might also make \topmargin smaller:
(fancyhdr)                \addtolength{\topmargin}{-0.00003pt}.

[48]
Underfull \hbox (badness 10000) detected at line 1299
[][][]
 []

 <./namespacegg_a2c5a85961402558c05dc869a1329f12d_cgraph.pdf>
<namespacegg_a2c5a85961402558c05dc869a1329f12d_cgraph.pdf, id=6386, 372.39125pt
 x 100.375pt>
File: namespacegg_a2c5a85961402558c05dc869a1329f12d_cgraph.pdf Graphic file (ty
pe pdf)
<use namespacegg_a2c5a85961402558c05dc869a1329f12d_cgraph.pdf>
Package pdftex.def Info: namespacegg_a2c5a85961402558c05dc869a1329f12d_cgraph.p
df  used on input line 1311.
(pdftex.def)             Requested size: 350.0pt x 94.3433pt.
> Step: init table outer spec.
> Step: parse table options.
> Step: split table.
> Step: init table inner spec.
> Step: parse table inner spec.
> Step: execute table commands.
> Step: calculate cell and line sizes.
> Step: build the whole table.
> Step: init table outer spec.
> Step: parse table options.
> Step: split table.
> Step: init table inner spec.
> Step: parse table inner spec.
> Step: execute table commands.
> Step: calculate cell and line sizes.
> Step: build the whole table.

Underfull \hbox (badness 10000) detected at line 1327
[][][]
 []

 <./namespacegg_a2f383a711d58b805ebaf26bc004986ab_cgraph.pdf>
<namespacegg_a2f383a711d58b805ebaf26bc004986ab_cgraph.pdf, id=6396, 258.9675pt 
x 100.375pt>
File: namespacegg_a2f383a711d58b805ebaf26bc004986ab_cgraph.pdf Graphic file (ty
pe pdf)
<use namespacegg_a2f383a711d58b805ebaf26bc004986ab_cgraph.pdf>
Package pdftex.def Info: namespacegg_a2f383a711d58b805ebaf26bc004986ab_cgraph.p
df  used on input line 1339.
(pdftex.def)             Requested size: 258.0pt x 100.01021pt.
 <./namespacegg_a2f383a711d58b805ebaf26bc004986ab_icgraph.pdf>
<namespacegg_a2f383a711d58b805ebaf26bc004986ab_icgraph.pdf, id=6404, 862.22125p
t x 329.23pt>
File: namespacegg_a2f383a711d58b805ebaf26bc004986ab_icgraph.pdf Graphic file (t
ype pdf)
<use namespacegg_a2f383a711d58b805ebaf26bc004986ab_icgraph.pdf>
Package pdftex.def Info: namespacegg_a2f383a711d58b805ebaf26bc004986ab_icgraph.
pdf  used on input line 1347.
(pdftex.def)             Requested size: 350.0pt x 133.63882pt.



Package fancyhdr Warning: \headheight is too small (12.0pt): 
(fancyhdr)                Make it at least 12.00003pt, for example:
(fancyhdr)                \setlength{\headheight}{12.00003pt}.
(fancyhdr)                You might also make \topmargin smaller:
(fancyhdr)                \addtolength{\topmargin}{-0.00003pt}.

[49]
> Step: init table outer spec.
> Step: parse table options.
> Step: split table.
> Step: init table inner spec.
> Step: parse table inner spec.
> Step: execute table commands.
> Step: calculate cell and line sizes.
> Step: build the whole table.
> Step: init table outer spec.
> Step: parse table options.
> Step: split table.
> Step: init table inner spec.
> Step: parse table inner spec.
> Step: execute table commands.
> Step: calculate cell and line sizes.
> Step: build the whole table.

Underfull \hbox (badness 10000) detected at line 1363
[][][]
 []

 <./namespacegg_abca7443a911bd290af4be190f1835cf0_cgraph.pdf>
<namespacegg_abca7443a911bd290af4be190f1835cf0_cgraph.pdf, id=6425, 394.47375pt
 x 100.375pt>
File: namespacegg_abca7443a911bd290af4be190f1835cf0_cgraph.pdf Graphic file (ty
pe pdf)
<use namespacegg_abca7443a911bd290af4be190f1835cf0_cgraph.pdf>
Package pdftex.def Info: namespacegg_abca7443a911bd290af4be190f1835cf0_cgraph.p
df  used on input line 1375.
(pdftex.def)             Requested size: 350.0pt x 89.0593pt.
> Step: init table outer spec.
> Step: parse table options.
> Step: split table.
> Step: init table inner spec.
> Step: parse table inner spec.
> Step: execute table commands.
> Step: calculate cell and line sizes.
> Step: build the whole table.
> Step: init table outer spec.
> Step: parse table options.
> Step: split table.
> Step: init table inner spec.
> Step: parse table inner spec.
> Step: execute table commands.
> Step: calculate cell and line sizes.
> Step: build the whole table.

Underfull \hbox (badness 10000) detected at line 1399
[][][]
 []

 <./namespacegg_a53453ed6229bbd109c279a3765648d01_cgraph.pdf>
<namespacegg_a53453ed6229bbd109c279a3765648d01_cgraph.pdf, id=6435, 675.52374pt
 x 176.66pt>
File: namespacegg_a53453ed6229bbd109c279a3765648d01_cgraph.pdf Graphic file (ty
pe pdf)
<use namespacegg_a53453ed6229bbd109c279a3765648d01_cgraph.pdf>
Package pdftex.def Info: namespacegg_a53453ed6229bbd109c279a3765648d01_cgraph.p
df  used on input line 1411.
(pdftex.def)             Requested size: 350.0pt x 91.53217pt.



Package fancyhdr Warning: \headheight is too small (12.0pt): 
(fancyhdr)                Make it at least 12.00003pt, for example:
(fancyhdr)                \setlength{\headheight}{12.00003pt}.
(fancyhdr)                You might also make \topmargin smaller:
(fancyhdr)                \addtolength{\topmargin}{-0.00003pt}.

[50]
> Step: init table outer spec.
> Step: parse table options.
> Step: split table.
> Step: init table inner spec.
> Step: parse table inner spec.
> Step: execute table commands.
> Step: calculate cell and line sizes.


Package tabularray Warning: Table width is too small, need 14.2377pt more!

> Step: build the whole table.
> Step: init table outer spec.
> Step: parse table options.
> Step: split table.
> Step: init table inner spec.
> Step: parse table inner spec.
> Step: execute table commands.
> Step: calculate cell and line sizes.
> Step: build the whole table.

Underfull \hbox (badness 10000) detected at line 1435
[][][]
 []

 <./namespacegg_abb72b124c601db7888fa70aa2d6f584f_cgraph.pdf>
<namespacegg_abb72b124c601db7888fa70aa2d6f584f_cgraph.pdf, id=6455, 413.545pt x
 138.5175pt>
File: namespacegg_abb72b124c601db7888fa70aa2d6f584f_cgraph.pdf Graphic file (ty
pe pdf)
<use namespacegg_abb72b124c601db7888fa70aa2d6f584f_cgraph.pdf>
Package pdftex.def Info: namespacegg_abb72b124c601db7888fa70aa2d6f584f_cgraph.p
df  used on input line 1447.
(pdftex.def)             Requested size: 350.0pt x 117.23526pt.



Package fancyhdr Warning: \headheight is too small (12.0pt): 
(fancyhdr)                Make it at least 12.00003pt, for example:
(fancyhdr)                \setlength{\headheight}{12.00003pt}.
(fancyhdr)                You might also make \topmargin smaller:
(fancyhdr)                \addtolength{\topmargin}{-0.00003pt}.

[51]
> Step: init table outer spec.
> Step: parse table options.
> Step: split table.
> Step: init table inner spec.
> Step: parse table inner spec.
> Step: execute table commands.
> Step: calculate cell and line sizes.
> Step: build the whole table.
> Step: init table outer spec.
> Step: parse table options.
> Step: split table.
> Step: init table inner spec.
> Step: parse table inner spec.
> Step: execute table commands.
> Step: calculate cell and line sizes.
> Step: build the whole table.

Underfull \hbox (badness 10000) detected at line 1467
[][][]
 []

 <./namespacegg_a9f177dd70c52afa2a155cc94ce429cfa_cgraph.pdf>
<namespacegg_a9f177dd70c52afa2a155cc94ce429cfa_cgraph.pdf, id=6475, 446.66875pt
 x 100.375pt>
File: namespacegg_a9f177dd70c52afa2a155cc94ce429cfa_cgraph.pdf Graphic file (ty
pe pdf)
<use namespacegg_a9f177dd70c52afa2a155cc94ce429cfa_cgraph.pdf>
Package pdftex.def Info: namespacegg_a9f177dd70c52afa2a155cc94ce429cfa_cgraph.p
df  used on input line 1479.
(pdftex.def)             Requested size: 350.0pt x 78.65363pt.
> Step: init table outer spec.
> Step: parse table options.
> Step: split table.
> Step: init table inner spec.
> Step: parse table inner spec.
> Step: execute table commands.
> Step: calculate cell and line sizes.
> Step: build the whole table.
> Step: init table outer spec.
> Step: parse table options.
> Step: split table.
> Step: init table inner spec.
> Step: parse table inner spec.
> Step: execute table commands.
> Step: calculate cell and line sizes.
> Step: build the whole table.

Underfull \hbox (badness 10000) detected at line 1503
[][][]
 []

 <./namespacegg_acbe6e5044fcf43f001242937e14b6b43_cgraph.pdf>
<namespacegg_acbe6e5044fcf43f001242937e14b6b43_cgraph.pdf, id=6485, 315.1775pt 
x 100.375pt>
File: namespacegg_acbe6e5044fcf43f001242937e14b6b43_cgraph.pdf Graphic file (ty
pe pdf)
<use namespacegg_acbe6e5044fcf43f001242937e14b6b43_cgraph.pdf>
Package pdftex.def Info: namespacegg_acbe6e5044fcf43f001242937e14b6b43_cgraph.p
df  used on input line 1515.
(pdftex.def)             Requested size: 314.0pt x 100.00562pt.


LaTeX Font Info:    Font shape `OT1/phv/m/n' will be
(Font)              scaled to size 8.99994pt on input line 1518.
LaTeX Font Info:    Font shape `OT1/phv/m/n' will be
(Font)              scaled to size 8.99994pt on input line 1518.
LaTeX Font Info:    Font shape `OT1/phv/m/n' will be
(Font)              scaled to size 8.99994pt on input line 1518.
LaTeX Font Info:    Font shape `OT1/phv/b/n' will be
(Font)              scaled to size 8.99994pt on input line 1518.
LaTeX Font Info:    Font shape `OT1/phv/b/n' will be
(Font)              scaled to size 8.99994pt on input line 1518.

Package fancyhdr Warning: \headheight is too small (12.0pt): 
(fancyhdr)                Make it at least 12.00003pt, for example:
(fancyhdr)                \setlength{\headheight}{12.00003pt}.
(fancyhdr)                You might also make \topmargin smaller:
(fancyhdr)                \addtolength{\topmargin}{-0.00003pt}.

LaTeX Font Info:    Font shape `OT1/phv/m/n' will be
(Font)              scaled to size 8.99994pt on input line 1518.
LaTeX Font Info:    Font shape `OT1/phv/b/n' will be
(Font)              scaled to size 8.99994pt on input line 1518.
LaTeX Font Info:    Font shape `OT1/phv/b/n' will be
(Font)              scaled to size 6.29996pt on input line 1518.
LaTeX Font Info:    Font shape `OT1/phv/b/n' will be
(Font)              scaled to size 6.29996pt on input line 1518.
[52] <./namespacegg_acbe6e5044fcf43f001242937e14b6b43_icgraph.pdf>
<namespacegg_acbe6e5044fcf43f001242937e14b6b43_icgraph.pdf, id=6503, 499.8675pt
 x 214.8025pt>
File: namespacegg_acbe6e5044fcf43f001242937e14b6b43_icgraph.pdf Graphic file (t
ype pdf)
<use namespacegg_acbe6e5044fcf43f001242937e14b6b43_icgraph.pdf>
Package pdftex.def Info: namespacegg_acbe6e5044fcf43f001242937e14b6b43_icgraph.
pdf  used on input line 1523.
(pdftex.def)             Requested size: 350.0pt x 150.4066pt.
> Step: init table outer spec.
> Step: parse table options.
> Step: split table.
> Step: init table inner spec.
> Step: parse table inner spec.
> Step: execute table commands.
> Step: calculate cell and line sizes.


Package tabularray Warning: Table width is too small, need 1.55318pt more!

> Step: build the whole table.
> Step: init table outer spec.
> Step: parse table options.
> Step: split table.
> Step: init table inner spec.
> Step: parse table inner spec.
> Step: execute table commands.
> Step: calculate cell and line sizes.
> Step: build the whole table.

Underfull \hbox (badness 10000) detected at line 1547
[][][]
 []

 <./namespacegg_a8d6d4d94876d09aebddf88ef7e8387d8_icgraph.pdf>
<namespacegg_a8d6d4d94876d09aebddf88ef7e8387d8_icgraph.pdf, id=6522, 380.42125p
t x 176.66pt>
File: namespacegg_a8d6d4d94876d09aebddf88ef7e8387d8_icgraph.pdf Graphic file (t
ype pdf)
<use namespacegg_a8d6d4d94876d09aebddf88ef7e8387d8_icgraph.pdf>
Package pdftex.def Info: namespacegg_a8d6d4d94876d09aebddf88ef7e8387d8_icgraph.
pdf  used on input line 1559.
(pdftex.def)             Requested size: 350.0pt x 162.53725pt.



Package fancyhdr Warning: \headheight is too small (12.0pt): 
(fancyhdr)                Make it at least 12.00003pt, for example:
(fancyhdr)                \setlength{\headheight}{12.00003pt}.
(fancyhdr)                You might also make \topmargin smaller:
(fancyhdr)                \addtolength{\topmargin}{-0.00003pt}.

[53]
> Step: init table outer spec.
> Step: parse table options.
> Step: split table.
> Step: init table inner spec.
> Step: parse table inner spec.
> Step: execute table commands.
> Step: calculate cell and line sizes.


Package tabularray Warning: Table width is too small, need 1.55318pt more!

> Step: build the whole table.
> Step: init table outer spec.
> Step: parse table options.
> Step: split table.
> Step: init table inner spec.
> Step: parse table inner spec.
> Step: execute table commands.
> Step: calculate cell and line sizes.
> Step: build the whole table.

Underfull \hbox (badness 10000) detected at line 1585
[][][]
 []




Package fancyhdr Warning: \headheight is too small (12.0pt): 
(fancyhdr)                Make it at least 12.00003pt, for example:
(fancyhdr)                \setlength{\headheight}{12.00003pt}.
(fancyhdr)                You might also make \topmargin smaller:
(fancyhdr)                \addtolength{\topmargin}{-0.00003pt}.

[54]
> Step: init table outer spec.
> Step: parse table options.
> Step: split table.
> Step: init table inner spec.
> Step: parse table inner spec.
> Step: execute table commands.
> Step: calculate cell and line sizes.
> Step: build the whole table.
> Step: init table outer spec.
> Step: parse table options.
> Step: split table.
> Step: init table inner spec.
> Step: parse table inner spec.
> Step: execute table commands.
> Step: calculate cell and line sizes.
> Step: build the whole table.

Underfull \hbox (badness 10000) detected at line 1619
[][][]
 []

 <./namespacegg_ab4085c8da7546d15a8e25dc2f11e79f6_icgraph.pdf>
<namespacegg_ab4085c8da7546d15a8e25dc2f11e79f6_icgraph.pdf, id=6554, 506.89375p
t x 233.87375pt>
File: namespacegg_ab4085c8da7546d15a8e25dc2f11e79f6_icgraph.pdf Graphic file (t
ype pdf)
<use namespacegg_ab4085c8da7546d15a8e25dc2f11e79f6_icgraph.pdf>
Package pdftex.def Info: namespacegg_ab4085c8da7546d15a8e25dc2f11e79f6_icgraph.
pdf  used on input line 1631.
(pdftex.def)             Requested size: 350.0pt x 161.48723pt.
> Step: init table outer spec.
> Step: parse table options.
> Step: split table.
> Step: init table inner spec.
> Step: parse table inner spec.
> Step: execute table commands.
> Step: calculate cell and line sizes.
> Step: build the whole table.
> Step: init table outer spec.
> Step: parse table options.
> Step: split table.
> Step: init table inner spec.
> Step: parse table inner spec.
> Step: execute table commands.
> Step: calculate cell and line sizes.
> Step: build the whole table.



Package fancyhdr Warning: \headheight is too small (12.0pt): 
(fancyhdr)                Make it at least 12.00003pt, for example:
(fancyhdr)                \setlength{\headheight}{12.00003pt}.
(fancyhdr)                You might also make \topmargin smaller:
(fancyhdr)                \addtolength{\topmargin}{-0.00003pt}.

[55]
Underfull \hbox (badness 10000) detected at line 1651
[][][]
 []

 <./namespacegg_a8daeffd9150b585dd699dfe9307c9527_cgraph.pdf>
<namespacegg_a8daeffd9150b585dd699dfe9307c9527_cgraph.pdf, id=6596, 315.1775pt 
x 100.375pt>
File: namespacegg_a8daeffd9150b585dd699dfe9307c9527_cgraph.pdf Graphic file (ty
pe pdf)
<use namespacegg_a8daeffd9150b585dd699dfe9307c9527_cgraph.pdf>
Package pdftex.def Info: namespacegg_a8daeffd9150b585dd699dfe9307c9527_cgraph.p
df  used on input line 1663.
(pdftex.def)             Requested size: 314.0pt x 100.00562pt.
> Step: init table outer spec.
> Step: parse table options.
> Step: split table.
> Step: init table inner spec.
> Step: parse table inner spec.
> Step: execute table commands.
> Step: calculate cell and line sizes.
> Step: build the whole table.
> Step: init table outer spec.
> Step: parse table options.
> Step: split table.
> Step: init table inner spec.
> Step: parse table inner spec.
> Step: execute table commands.
> Step: calculate cell and line sizes.
> Step: build the whole table.

Underfull \hbox (badness 10000) detected at line 1683
[][][]
 []

 <./namespacegg_ac1cdaece765c03e31eed78d124bf7313_cgraph.pdf>
<namespacegg_ac1cdaece765c03e31eed78d124bf7313_cgraph.pdf, id=6607, 315.1775pt 
x 100.375pt>
File: namespacegg_ac1cdaece765c03e31eed78d124bf7313_cgraph.pdf Graphic file (ty
pe pdf)
<use namespacegg_ac1cdaece765c03e31eed78d124bf7313_cgraph.pdf>
Package pdftex.def Info: namespacegg_ac1cdaece765c03e31eed78d124bf7313_cgraph.p
df  used on input line 1695.
(pdftex.def)             Requested size: 314.0pt x 100.00562pt.



Package fancyhdr Warning: \headheight is too small (12.0pt): 
(fancyhdr)                Make it at least 12.00003pt, for example:
(fancyhdr)                \setlength{\headheight}{12.00003pt}.
(fancyhdr)                You might also make \topmargin smaller:
(fancyhdr)                \addtolength{\topmargin}{-0.00003pt}.

[56]
> Step: init table outer spec.
> Step: parse table options.
> Step: split table.
> Step: init table inner spec.
> Step: parse table inner spec.
> Step: execute table commands.
> Step: calculate cell and line sizes.
> Step: build the whole table.
> Step: init table outer spec.
> Step: parse table options.
> Step: split table.
> Step: init table inner spec.
> Step: parse table inner spec.
> Step: execute table commands.
> Step: calculate cell and line sizes.
> Step: build the whole table.

Underfull \hbox (badness 10000) detected at line 1727
[][][]
 []

 <./namespacegg_a2924895ad284e08b08a2cfd115c5a7bf_cgraph.pdf>
<namespacegg_a2924895ad284e08b08a2cfd115c5a7bf_cgraph.pdf, id=6628, 315.1775pt 
x 100.375pt>
File: namespacegg_a2924895ad284e08b08a2cfd115c5a7bf_cgraph.pdf Graphic file (ty
pe pdf)
<use namespacegg_a2924895ad284e08b08a2cfd115c5a7bf_cgraph.pdf>
Package pdftex.def Info: namespacegg_a2924895ad284e08b08a2cfd115c5a7bf_cgraph.p
df  used on input line 1739.
(pdftex.def)             Requested size: 314.0pt x 100.00562pt.
 <./namespacegg_a2924895ad284e08b08a2cfd115c5a7bf_icgraph.pdf>
<namespacegg_a2924895ad284e08b08a2cfd115c5a7bf_icgraph.pdf, id=6636, 335.2525pt
 x 100.375pt>
File: namespacegg_a2924895ad284e08b08a2cfd115c5a7bf_icgraph.pdf Graphic file (t
ype pdf)
<use namespacegg_a2924895ad284e08b08a2cfd115c5a7bf_icgraph.pdf>
Package pdftex.def Info: namespacegg_a2924895ad284e08b08a2cfd115c5a7bf_icgraph.
pdf  used on input line 1747.
(pdftex.def)             Requested size: 334.0pt x 99.9995pt.


LaTeX Font Info:    Font shape `OT1/phv/m/n' will be
(Font)              scaled to size 8.99994pt on input line 1756.
LaTeX Font Info:    Font shape `OT1/phv/m/n' will be
(Font)              scaled to size 8.99994pt on input line 1756.
LaTeX Font Info:    Font shape `OT1/phv/m/n' will be
(Font)              scaled to size 8.99994pt on input line 1756.
LaTeX Font Info:    Font shape `OT1/phv/b/n' will be
(Font)              scaled to size 8.99994pt on input line 1756.
LaTeX Font Info:    Font shape `OT1/phv/b/n' will be
(Font)              scaled to size 8.99994pt on input line 1756.

Package fancyhdr Warning: \headheight is too small (12.0pt): 
(fancyhdr)                Make it at least 12.00003pt, for example:
(fancyhdr)                \setlength{\headheight}{12.00003pt}.
(fancyhdr)                You might also make \topmargin smaller:
(fancyhdr)                \addtolength{\topmargin}{-0.00003pt}.

LaTeX Font Info:    Font shape `OT1/phv/m/n' will be
(Font)              scaled to size 8.99994pt on input line 1756.
LaTeX Font Info:    Font shape `OT1/phv/b/n' will be
(Font)              scaled to size 8.99994pt on input line 1756.
LaTeX Font Info:    Font shape `OT1/phv/b/n' will be
(Font)              scaled to size 6.29996pt on input line 1756.
LaTeX Font Info:    Font shape `OT1/phv/b/n' will be
(Font)              scaled to size 6.29996pt on input line 1756.
[57]
> Step: init table outer spec.
> Step: parse table options.
> Step: split table.
> Step: init table inner spec.
> Step: parse table inner spec.
> Step: execute table commands.
> Step: calculate cell and line sizes.
> Step: build the whole table.
> Step: init table outer spec.
> Step: parse table options.
> Step: split table.
> Step: init table inner spec.
> Step: parse table inner spec.
> Step: execute table commands.
> Step: calculate cell and line sizes.
> Step: build the whole table.

Underfull \hbox (badness 10000) detected at line 1763
[][][]
 []

 <./namespacegg_a53f2c3e5f7d5b444b27b7e5e1d849e98_cgraph.pdf>
<namespacegg_a53f2c3e5f7d5b444b27b7e5e1d849e98_cgraph.pdf, id=6663, 727.71875pt
 x 138.5175pt>
File: namespacegg_a53f2c3e5f7d5b444b27b7e5e1d849e98_cgraph.pdf Graphic file (ty
pe pdf)
<use namespacegg_a53f2c3e5f7d5b444b27b7e5e1d849e98_cgraph.pdf>
Package pdftex.def Info: namespacegg_a53f2c3e5f7d5b444b27b7e5e1d849e98_cgraph.p
df  used on input line 1775.
(pdftex.def)             Requested size: 350.0pt x 66.62291pt.
> Step: init table outer spec.
> Step: parse table options.
> Step: split table.
> Step: init table inner spec.
> Step: parse table inner spec.
> Step: execute table commands.
> Step: calculate cell and line sizes.
> Step: build the whole table.
> Step: init table outer spec.
> Step: parse table options.
> Step: split table.
> Step: init table inner spec.
> Step: parse table inner spec.
> Step: execute table commands.
> Step: calculate cell and line sizes.
> Step: build the whole table.

Underfull \hbox (badness 10000) detected at line 1791
[][][]
 []

 <./namespacegg_abda2bc7b53d21f5a64e00377888dc25f_cgraph.pdf>
<namespacegg_abda2bc7b53d21f5a64e00377888dc25f_cgraph.pdf, id=6674, 573.14125pt
 x 100.375pt>
File: namespacegg_abda2bc7b53d21f5a64e00377888dc25f_cgraph.pdf Graphic file (ty
pe pdf)
<use namespacegg_abda2bc7b53d21f5a64e00377888dc25f_cgraph.pdf>
Package pdftex.def Info: namespacegg_abda2bc7b53d21f5a64e00377888dc25f_cgraph.p
df  used on input line 1803.
(pdftex.def)             Requested size: 350.0pt x 61.29604pt.
 <./namespacegg_abda2bc7b53d21f5a64e00377888dc25f_icgraph.pdf>
<namespacegg_abda2bc7b53d21f5a64e00377888dc25f_icgraph.pdf, id=6682, 352.31625p
t x 100.375pt>
File: namespacegg_abda2bc7b53d21f5a64e00377888dc25f_icgraph.pdf Graphic file (t
ype pdf)
<use namespacegg_abda2bc7b53d21f5a64e00377888dc25f_icgraph.pdf>
Package pdftex.def Info: namespacegg_abda2bc7b53d21f5a64e00377888dc25f_icgraph.
pdf  used on input line 1811.
(pdftex.def)             Requested size: 350.0pt x 99.71461pt.



Package fancyhdr Warning: \headheight is too small (12.0pt): 
(fancyhdr)                Make it at least 12.00003pt, for example:
(fancyhdr)                \setlength{\headheight}{12.00003pt}.
(fancyhdr)                You might also make \topmargin smaller:
(fancyhdr)                \addtolength{\topmargin}{-0.00003pt}.

[58]
> Step: init table outer spec.
> Step: parse table options.
> Step: split table.
> Step: init table inner spec.
> Step: parse table inner spec.
> Step: execute table commands.
> Step: calculate cell and line sizes.
> Step: build the whole table.
> Step: init table outer spec.
> Step: parse table options.
> Step: split table.
> Step: init table inner spec.
> Step: parse table inner spec.
> Step: execute table commands.
> Step: calculate cell and line sizes.
> Step: build the whole table.

Underfull \hbox (badness 10000) detected at line 1827
[][][]
 []

 <./namespacegg_aca5935d7314e7ba3f7d8043b56e04931_cgraph.pdf>
<namespacegg_aca5935d7314e7ba3f7d8043b56e04931_cgraph.pdf, id=6711, 518.93875pt
 x 100.375pt>
File: namespacegg_aca5935d7314e7ba3f7d8043b56e04931_cgraph.pdf Graphic file (ty
pe pdf)
<use namespacegg_aca5935d7314e7ba3f7d8043b56e04931_cgraph.pdf>
Package pdftex.def Info: namespacegg_aca5935d7314e7ba3f7d8043b56e04931_cgraph.p
df  used on input line 1839.
(pdftex.def)             Requested size: 350.0pt x 67.70117pt.
> Step: init table outer spec.
> Step: parse table options.
> Step: split table.
> Step: init table inner spec.
> Step: parse table inner spec.
> Step: execute table commands.
> Step: calculate cell and line sizes.
> Step: build the whole table.
> Step: init table outer spec.
> Step: parse table options.
> Step: split table.
> Step: init table inner spec.
> Step: parse table inner spec.
> Step: execute table commands.
> Step: calculate cell and line sizes.
> Step: build the whole table.

Underfull \hbox (badness 10000) detected at line 1855
[][][]
 []

 <./namespacegg_a350b2d7c3e52ba2fe973c9aff0ba76c3_cgraph.pdf>
<namespacegg_a350b2d7c3e52ba2fe973c9aff0ba76c3_cgraph.pdf, id=6724, 463.7325pt 
x 138.5175pt>
File: namespacegg_a350b2d7c3e52ba2fe973c9aff0ba76c3_cgraph.pdf Graphic file (ty
pe pdf)
<use namespacegg_a350b2d7c3e52ba2fe973c9aff0ba76c3_cgraph.pdf>
Package pdftex.def Info: namespacegg_a350b2d7c3e52ba2fe973c9aff0ba76c3_cgraph.p
df  used on input line 1867.
(pdftex.def)             Requested size: 350.0pt x 104.5473pt.
> Step: init table outer spec.
> Step: parse table options.
> Step: split table.
> Step: init table inner spec.
> Step: parse table inner spec.
> Step: execute table commands.
> Step: calculate cell and line sizes.
> Step: build the whole table.
> Step: init table outer spec.
> Step: parse table options.
> Step: split table.
> Step: init table inner spec.
> Step: parse table inner spec.
> Step: execute table commands.
> Step: calculate cell and line sizes.
> Step: build the whole table.



Package fancyhdr Warning: \headheight is too small (12.0pt): 
(fancyhdr)                Make it at least 12.00003pt, for example:
(fancyhdr)                \setlength{\headheight}{12.00003pt}.
(fancyhdr)                You might also make \topmargin smaller:
(fancyhdr)                \addtolength{\topmargin}{-0.00003pt}.

[59]
Underfull \hbox (badness 10000) detected at line 1883
[][][]
 []

 <./namespacegg_aab31210c17598a7d14ecb3c9f461040c_cgraph.pdf>
<namespacegg_aab31210c17598a7d14ecb3c9f461040c_cgraph.pdf, id=6754, 886.31125pt
 x 138.5175pt>
File: namespacegg_aab31210c17598a7d14ecb3c9f461040c_cgraph.pdf Graphic file (ty
pe pdf)
<use namespacegg_aab31210c17598a7d14ecb3c9f461040c_cgraph.pdf>
Package pdftex.def Info: namespacegg_aab31210c17598a7d14ecb3c9f461040c_cgraph.p
df  used on input line 1895.
(pdftex.def)             Requested size: 350.0pt x 54.70006pt.
> Step: init table outer spec.
> Step: parse table options.
> Step: split table.
> Step: init table inner spec.
> Step: parse table inner spec.
> Step: execute table commands.
> Step: calculate cell and line sizes.
> Step: build the whole table.
> Step: init table outer spec.
> Step: parse table options.
> Step: split table.
> Step: init table inner spec.
> Step: parse table inner spec.
> Step: execute table commands.
> Step: calculate cell and line sizes.
> Step: build the whole table.

Underfull \hbox (badness 10000) detected at line 1911
[][][]
 []


Underfull \hbox (badness 10000) detected at line 1914
[][][]
 []

 <./namespacegg_a010fafe70a15a0aaa10ca2cceab23305_cgraph.pdf>
<namespacegg_a010fafe70a15a0aaa10ca2cceab23305_cgraph.pdf, id=6773, 516.93124pt
 x 100.375pt>
File: namespacegg_a010fafe70a15a0aaa10ca2cceab23305_cgraph.pdf Graphic file (ty
pe pdf)
<use namespacegg_a010fafe70a15a0aaa10ca2cceab23305_cgraph.pdf>
Package pdftex.def Info: namespacegg_a010fafe70a15a0aaa10ca2cceab23305_cgraph.p
df  used on input line 1926.
(pdftex.def)             Requested size: 350.0pt x 67.96307pt.
> Step: init table outer spec.
> Step: parse table options.
> Step: split table.
> Step: init table inner spec.
> Step: parse table inner spec.
> Step: execute table commands.
> Step: calculate cell and line sizes.
> Step: build the whole table.
> Step: init table outer spec.
> Step: parse table options.
> Step: split table.
> Step: init table inner spec.
> Step: parse table inner spec.
> Step: execute table commands.
> Step: calculate cell and line sizes.
> Step: build the whole table.



Package fancyhdr Warning: \headheight is too small (12.0pt): 
(fancyhdr)                Make it at least 12.00003pt, for example:
(fancyhdr)                \setlength{\headheight}{12.00003pt}.
(fancyhdr)                You might also make \topmargin smaller:
(fancyhdr)                \addtolength{\topmargin}{-0.00003pt}.

[60] <./namespacegg_accd75f02070ef57b1da0dccdec3fdd66_cgraph.pdf>
<namespacegg_accd75f02070ef57b1da0dccdec3fdd66_cgraph.pdf, id=6795, 387.4475pt 
x 100.375pt>
File: namespacegg_accd75f02070ef57b1da0dccdec3fdd66_cgraph.pdf Graphic file (ty
pe pdf)
<use namespacegg_accd75f02070ef57b1da0dccdec3fdd66_cgraph.pdf>
Package pdftex.def Info: namespacegg_accd75f02070ef57b1da0dccdec3fdd66_cgraph.p
df  used on input line 1953.
(pdftex.def)             Requested size: 350.0pt x 90.67513pt.
 <./namespacegg_accd75f02070ef57b1da0dccdec3fdd66_icgraph.pdf>
<namespacegg_accd75f02070ef57b1da0dccdec3fdd66_icgraph.pdf, id=6803, 633.36626p
t x 337.26pt>
File: namespacegg_accd75f02070ef57b1da0dccdec3fdd66_icgraph.pdf Graphic file (t
ype pdf)
<use namespacegg_accd75f02070ef57b1da0dccdec3fdd66_icgraph.pdf>
Package pdftex.def Info: namespacegg_accd75f02070ef57b1da0dccdec3fdd66_icgraph.
pdf  used on input line 1961.
(pdftex.def)             Requested size: 350.0pt x 186.37357pt.
> Step: init table outer spec.
> Step: parse table options.
> Step: split table.
> Step: init table inner spec.
> Step: parse table inner spec.
> Step: execute table commands.
> Step: calculate cell and line sizes.
> Step: build the whole table.
> Step: init table outer spec.
> Step: parse table options.
> Step: split table.
> Step: init table inner spec.
> Step: parse table inner spec.
> Step: execute table commands.
> Step: calculate cell and line sizes.
> Step: build the whole table.

Underfull \hbox (badness 10000) detected at line 1977
[][][]
 []

 <./namespacegg_a1d602aa5fe6f7037d0180852e26811a2_cgraph.pdf>
<namespacegg_a1d602aa5fe6f7037d0180852e26811a2_cgraph.pdf, id=6821, 516.93124pt
 x 100.375pt>
File: namespacegg_a1d602aa5fe6f7037d0180852e26811a2_cgraph.pdf Graphic file (ty
pe pdf)
<use namespacegg_a1d602aa5fe6f7037d0180852e26811a2_cgraph.pdf>
Package pdftex.def Info: namespacegg_a1d602aa5fe6f7037d0180852e26811a2_cgraph.p
df  used on input line 1989.
(pdftex.def)             Requested size: 350.0pt x 67.96307pt.



Package fancyhdr Warning: \headheight is too small (12.0pt): 
(fancyhdr)                Make it at least 12.00003pt, for example:
(fancyhdr)                \setlength{\headheight}{12.00003pt}.
(fancyhdr)                You might also make \topmargin smaller:
(fancyhdr)                \addtolength{\topmargin}{-0.00003pt}.

[61]
> Step: init table outer spec.
> Step: parse table options.
> Step: split table.
> Step: init table inner spec.
> Step: parse table inner spec.
> Step: execute table commands.
> Step: calculate cell and line sizes.
> Step: build the whole table.
> Step: init table outer spec.
> Step: parse table options.
> Step: split table.
> Step: init table inner spec.
> Step: parse table inner spec.
> Step: execute table commands.
> Step: calculate cell and line sizes.
> Step: build the whole table.
 <./namespacegg_af6a03a10f9a4d01016db6dceb0cc338d_cgraph.pdf>
<namespacegg_af6a03a10f9a4d01016db6dceb0cc338d_cgraph.pdf, id=6840, 387.4475pt 
x 100.375pt>
File: namespacegg_af6a03a10f9a4d01016db6dceb0cc338d_cgraph.pdf Graphic file (ty
pe pdf)
<use namespacegg_af6a03a10f9a4d01016db6dceb0cc338d_cgraph.pdf>
Package pdftex.def Info: namespacegg_af6a03a10f9a4d01016db6dceb0cc338d_cgraph.p
df  used on input line 2014.
(pdftex.def)             Requested size: 350.0pt x 90.67513pt.
> Step: init table outer spec.
> Step: parse table options.
> Step: split table.
> Step: init table inner spec.
> Step: parse table inner spec.
> Step: execute table commands.
> Step: calculate cell and line sizes.
> Step: build the whole table.
> Step: init table outer spec.
> Step: parse table options.
> Step: split table.
> Step: init table inner spec.
> Step: parse table inner spec.
> Step: execute table commands.
> Step: calculate cell and line sizes.
> Step: build the whole table.

Underfull \hbox (badness 10000) detected at line 2030
[][][]
 []

 <./namespacegg_a873c34e94fe830ecf23c12a747b3c8ce_cgraph.pdf>
<namespacegg_a873c34e94fe830ecf23c12a747b3c8ce_cgraph.pdf, id=6860, 516.93124pt
 x 100.375pt>
File: namespacegg_a873c34e94fe830ecf23c12a747b3c8ce_cgraph.pdf Graphic file (ty
pe pdf)
<use namespacegg_a873c34e94fe830ecf23c12a747b3c8ce_cgraph.pdf>
Package pdftex.def Info: namespacegg_a873c34e94fe830ecf23c12a747b3c8ce_cgraph.p
df  used on input line 2042.
(pdftex.def)             Requested size: 350.0pt x 67.96307pt.



Package fancyhdr Warning: \headheight is too small (12.0pt): 
(fancyhdr)                Make it at least 12.00003pt, for example:
(fancyhdr)                \setlength{\headheight}{12.00003pt}.
(fancyhdr)                You might also make \topmargin smaller:
(fancyhdr)                \addtolength{\topmargin}{-0.00003pt}.

[62]
> Step: init table outer spec.
> Step: parse table options.
> Step: split table.
> Step: init table inner spec.
> Step: parse table inner spec.
> Step: execute table commands.
> Step: calculate cell and line sizes.
> Step: build the whole table.
> Step: init table outer spec.
> Step: parse table options.
> Step: split table.
> Step: init table inner spec.
> Step: parse table inner spec.
> Step: execute table commands.
> Step: calculate cell and line sizes.
> Step: build the whole table.
 <./namespacegg_a53de42a63451f28a4dc644143285b581_cgraph.pdf>
<namespacegg_a53de42a63451f28a4dc644143285b581_cgraph.pdf, id=6881, 387.4475pt 
x 100.375pt>
File: namespacegg_a53de42a63451f28a4dc644143285b581_cgraph.pdf Graphic file (ty
pe pdf)
<use namespacegg_a53de42a63451f28a4dc644143285b581_cgraph.pdf>
Package pdftex.def Info: namespacegg_a53de42a63451f28a4dc644143285b581_cgraph.p
df  used on input line 2069.
(pdftex.def)             Requested size: 350.0pt x 90.67513pt.
 <./namespacegg_a53de42a63451f28a4dc644143285b581_icgraph.pdf>
<namespacegg_a53de42a63451f28a4dc644143285b581_icgraph.pdf, id=6889, 720.6925pt
 x 233.87375pt>
File: namespacegg_a53de42a63451f28a4dc644143285b581_icgraph.pdf Graphic file (t
ype pdf)
<use namespacegg_a53de42a63451f28a4dc644143285b581_icgraph.pdf>
Package pdftex.def Info: namespacegg_a53de42a63451f28a4dc644143285b581_icgraph.
pdf  used on input line 2077.
(pdftex.def)             Requested size: 350.0pt x 113.57849pt.
> Step: init table outer spec.
> Step: parse table options.
> Step: split table.
> Step: init table inner spec.
> Step: parse table inner spec.
> Step: execute table commands.
> Step: calculate cell and line sizes.
> Step: build the whole table.
> Step: init table outer spec.
> Step: parse table options.
> Step: split table.
> Step: init table inner spec.
> Step: parse table inner spec.
> Step: execute table commands.
> Step: calculate cell and line sizes.
> Step: build the whole table.



Package fancyhdr Warning: \headheight is too small (12.0pt): 
(fancyhdr)                Make it at least 12.00003pt, for example:
(fancyhdr)                \setlength{\headheight}{12.00003pt}.
(fancyhdr)                You might also make \topmargin smaller:
(fancyhdr)                \addtolength{\topmargin}{-0.00003pt}.

[63] <./namespacegg_ab8f809ed8f45e79d9054534d2f86f370_cgraph.pdf>
<namespacegg_ab8f809ed8f45e79d9054534d2f86f370_cgraph.pdf, id=6912, 516.93124pt
 x 100.375pt>
File: namespacegg_ab8f809ed8f45e79d9054534d2f86f370_cgraph.pdf Graphic file (ty
pe pdf)
<use namespacegg_ab8f809ed8f45e79d9054534d2f86f370_cgraph.pdf>
Package pdftex.def Info: namespacegg_ab8f809ed8f45e79d9054534d2f86f370_cgraph.p
df  used on input line 2102.
(pdftex.def)             Requested size: 350.0pt x 67.96307pt.
> Step: init table outer spec.
> Step: parse table options.
> Step: split table.
> Step: init table inner spec.
> Step: parse table inner spec.
> Step: execute table commands.
> Step: calculate cell and line sizes.
> Step: build the whole table.
> Step: init table outer spec.
> Step: parse table options.
> Step: split table.
> Step: init table inner spec.
> Step: parse table inner spec.
> Step: execute table commands.
> Step: calculate cell and line sizes.
> Step: build the whole table.
 <./namespacegg_ab2f149e2a719574c966ff6ad0fdc17cf_cgraph.pdf>
<namespacegg_ab2f149e2a719574c966ff6ad0fdc17cf_cgraph.pdf, id=6922, 387.4475pt 
x 100.375pt>
File: namespacegg_ab2f149e2a719574c966ff6ad0fdc17cf_cgraph.pdf Graphic file (ty
pe pdf)
<use namespacegg_ab2f149e2a719574c966ff6ad0fdc17cf_cgraph.pdf>
Package pdftex.def Info: namespacegg_ab2f149e2a719574c966ff6ad0fdc17cf_cgraph.p
df  used on input line 2127.
(pdftex.def)             Requested size: 350.0pt x 90.67513pt.
> Step: init table outer spec.
> Step: parse table options.
> Step: split table.
> Step: init table inner spec.
> Step: parse table inner spec.
> Step: execute table commands.
> Step: calculate cell and line sizes.
> Step: build the whole table.
> Step: init table outer spec.
> Step: parse table options.
> Step: split table.
> Step: init table inner spec.
> Step: parse table inner spec.
> Step: execute table commands.
> Step: calculate cell and line sizes.
> Step: build the whole table.



Package fancyhdr Warning: \headheight is too small (12.0pt): 
(fancyhdr)                Make it at least 12.00003pt, for example:
(fancyhdr)                \setlength{\headheight}{12.00003pt}.
(fancyhdr)                You might also make \topmargin smaller:
(fancyhdr)                \addtolength{\topmargin}{-0.00003pt}.

[64]
Underfull \hbox (badness 10000) detected at line 2153
[][][]
 []

 <./namespacegg_ab0d21209e3184a0e423ec8c902a5d4d6_cgraph.pdf>
<namespacegg_ab0d21209e3184a0e423ec8c902a5d4d6_cgraph.pdf, id=6945, 351.3125pt 
x 100.375pt>
File: namespacegg_ab0d21209e3184a0e423ec8c902a5d4d6_cgraph.pdf Graphic file (ty
pe pdf)
<use namespacegg_ab0d21209e3184a0e423ec8c902a5d4d6_cgraph.pdf>
Package pdftex.def Info: namespacegg_ab0d21209e3184a0e423ec8c902a5d4d6_cgraph.p
df  used on input line 2165.
(pdftex.def)             Requested size: 350.0pt x 100.00716pt.
> Step: init table outer spec.
> Step: parse table options.
> Step: split table.
> Step: init table inner spec.
> Step: parse table inner spec.
> Step: execute table commands.
> Step: calculate cell and line sizes.
> Step: build the whole table.
> Step: init table outer spec.
> Step: parse table options.
> Step: split table.
> Step: init table inner spec.
> Step: parse table inner spec.
> Step: execute table commands.
> Step: calculate cell and line sizes.
> Step: build the whole table.

Underfull \hbox (badness 10000) detected at line 2187
[][][]
 []

 <./namespacegg_a7dcbaa73755efd46f1f19b0b3a39b473_cgraph.pdf>
<namespacegg_a7dcbaa73755efd46f1f19b0b3a39b473_cgraph.pdf, id=6956, 360.34625pt
 x 100.375pt>
File: namespacegg_a7dcbaa73755efd46f1f19b0b3a39b473_cgraph.pdf Graphic file (ty
pe pdf)
<use namespacegg_a7dcbaa73755efd46f1f19b0b3a39b473_cgraph.pdf>
Package pdftex.def Info: namespacegg_a7dcbaa73755efd46f1f19b0b3a39b473_cgraph.p
df  used on input line 2199.
(pdftex.def)             Requested size: 350.0pt x 97.49226pt.
 <./namespacegg_a7dcbaa73755efd46f1f19b0b3a39b473_icgraph.pdf>
<namespacegg_a7dcbaa73755efd46f1f19b0b3a39b473_icgraph.pdf, id=6964, 358.33875p
t x 100.375pt>
File: namespacegg_a7dcbaa73755efd46f1f19b0b3a39b473_icgraph.pdf Graphic file (t
ype pdf)
<use namespacegg_a7dcbaa73755efd46f1f19b0b3a39b473_icgraph.pdf>
Package pdftex.def Info: namespacegg_a7dcbaa73755efd46f1f19b0b3a39b473_icgraph.
pdf  used on input line 2207.
(pdftex.def)             Requested size: 350.0pt x 98.04518pt.



Package fancyhdr Warning: \headheight is too small (12.0pt): 
(fancyhdr)                Make it at least 12.00003pt, for example:
(fancyhdr)                \setlength{\headheight}{12.00003pt}.
(fancyhdr)                You might also make \topmargin smaller:
(fancyhdr)                \addtolength{\topmargin}{-0.00003pt}.

[65]
> Step: init table outer spec.
> Step: parse table options.
> Step: split table.
> Step: init table inner spec.
> Step: parse table inner spec.
> Step: execute table commands.
> Step: calculate cell and line sizes.
> Step: build the whole table.
> Step: init table outer spec.
> Step: parse table options.
> Step: split table.
> Step: init table inner spec.
> Step: parse table inner spec.
> Step: execute table commands.
> Step: calculate cell and line sizes.
> Step: build the whole table.

Underfull \hbox (badness 10000) detected at line 2231
[][][]
 []

> Step: init table outer spec.
> Step: parse table options.
> Step: split table.
> Step: init table inner spec.
> Step: parse table inner spec.
> Step: execute table commands.
> Step: calculate cell and line sizes.
> Step: build the whole table.
> Step: init table outer spec.
> Step: parse table options.
> Step: split table.
> Step: init table inner spec.
> Step: parse table inner spec.
> Step: execute table commands.
> Step: calculate cell and line sizes.
> Step: build the whole table.



Package fancyhdr Warning: \headheight is too small (12.0pt): 
(fancyhdr)                Make it at least 12.00003pt, for example:
(fancyhdr)                \setlength{\headheight}{12.00003pt}.
(fancyhdr)                You might also make \topmargin smaller:
(fancyhdr)                \addtolength{\topmargin}{-0.00003pt}.

[66]
Underfull \hbox (badness 10000) detected at line 2259
[][][]
 []

> Step: init table outer spec.
> Step: parse table options.
> Step: split table.
> Step: init table inner spec.
> Step: parse table inner spec.
> Step: execute table commands.
> Step: calculate cell and line sizes.
> Step: build the whole table.
> Step: init table outer spec.
> Step: parse table options.
> Step: split table.
> Step: init table inner spec.
> Step: parse table inner spec.
> Step: execute table commands.
> Step: calculate cell and line sizes.
> Step: build the whole table.

Underfull \hbox (badness 10000) detected at line 2279
[][][]
 []

 <./namespacegg_aaebe1f427ad451c6768aaee18da84c66_cgraph.pdf>
<namespacegg_aaebe1f427ad451c6768aaee18da84c66_cgraph.pdf, id=7006, 373.395pt x
 100.375pt>
File: namespacegg_aaebe1f427ad451c6768aaee18da84c66_cgraph.pdf Graphic file (ty
pe pdf)
<use namespacegg_aaebe1f427ad451c6768aaee18da84c66_cgraph.pdf>
Package pdftex.def Info: namespacegg_aaebe1f427ad451c6768aaee18da84c66_cgraph.p
df  used on input line 2291.
(pdftex.def)             Requested size: 350.0pt x 94.09059pt.
> Step: init table outer spec.
> Step: parse table options.
> Step: split table.
> Step: init table inner spec.
> Step: parse table inner spec.
> Step: execute table commands.
> Step: calculate cell and line sizes.
> Step: build the whole table.
> Step: init table outer spec.
> Step: parse table options.
> Step: split table.
> Step: init table inner spec.
> Step: parse table inner spec.
> Step: execute table commands.
> Step: calculate cell and line sizes.
> Step: build the whole table.

Underfull \hbox (badness 10000) detected at line 2307
[][][]
 []

 <./namespacegg_a01f9b60e48e923f40f5a183a3e54d94e_cgraph.pdf>
<namespacegg_a01f9b60e48e923f40f5a183a3e54d94e_cgraph.pdf, id=7019, 395.4775pt 
x 138.5175pt>
File: namespacegg_a01f9b60e48e923f40f5a183a3e54d94e_cgraph.pdf Graphic file (ty
pe pdf)
<use namespacegg_a01f9b60e48e923f40f5a183a3e54d94e_cgraph.pdf>
Package pdftex.def Info: namespacegg_a01f9b60e48e923f40f5a183a3e54d94e_cgraph.p
df  used on input line 2319.
(pdftex.def)             Requested size: 350.0pt x 122.59114pt.



Package fancyhdr Warning: \headheight is too small (12.0pt): 
(fancyhdr)                Make it at least 12.00003pt, for example:
(fancyhdr)                \setlength{\headheight}{12.00003pt}.
(fancyhdr)                You might also make \topmargin smaller:
(fancyhdr)                \addtolength{\topmargin}{-0.00003pt}.

[67]
> Step: init table outer spec.
> Step: parse table options.
> Step: split table.
> Step: init table inner spec.
> Step: parse table inner spec.
> Step: execute table commands.
> Step: calculate cell and line sizes.


Package tabularray Warning: Table width is too small, need 71.52226pt more!

> Step: build the whole table.
> Step: init table outer spec.
> Step: parse table options.
> Step: split table.
> Step: init table inner spec.
> Step: parse table inner spec.
> Step: execute table commands.
> Step: calculate cell and line sizes.
> Step: build the whole table.

Underfull \hbox (badness 10000) detected at line 2343
[][][]
 []

 <./namespacegg_acce00f35f4b755cda72ec9f61b726c8f_cgraph.pdf>
<namespacegg_acce00f35f4b755cda72ec9f61b726c8f_cgraph.pdf, id=7039, 283.0575pt 
x 100.375pt>
File: namespacegg_acce00f35f4b755cda72ec9f61b726c8f_cgraph.pdf Graphic file (ty
pe pdf)
<use namespacegg_acce00f35f4b755cda72ec9f61b726c8f_cgraph.pdf>
Package pdftex.def Info: namespacegg_acce00f35f4b755cda72ec9f61b726c8f_cgraph.p
df  used on input line 2355.
(pdftex.def)             Requested size: 282.0pt x 100.00868pt.
 <./namespacegg_acce00f35f4b755cda72ec9f61b726c8f_icgraph.pdf>
<namespacegg_acce00f35f4b755cda72ec9f61b726c8f_icgraph.pdf, id=7047, 319.1925pt
 x 238.8925pt>
File: namespacegg_acce00f35f4b755cda72ec9f61b726c8f_icgraph.pdf Graphic file (t
ype pdf)
<use namespacegg_acce00f35f4b755cda72ec9f61b726c8f_icgraph.pdf>
Package pdftex.def Info: namespacegg_acce00f35f4b755cda72ec9f61b726c8f_icgraph.
pdf  used on input line 2363.
(pdftex.def)             Requested size: 318.0pt x 238.00247pt.



Package fancyhdr Warning: \headheight is too small (12.0pt): 
(fancyhdr)                Make it at least 12.00003pt, for example:
(fancyhdr)                \setlength{\headheight}{12.00003pt}.
(fancyhdr)                You might also make \topmargin smaller:
(fancyhdr)                \addtolength{\topmargin}{-0.00003pt}.

[68]
> Step: init table outer spec.
> Step: parse table options.
> Step: split table.
> Step: init table inner spec.
> Step: parse table inner spec.
> Step: execute table commands.
> Step: calculate cell and line sizes.
> Step: build the whole table.
> Step: init table outer spec.
> Step: parse table options.
> Step: split table.
> Step: init table inner spec.
> Step: parse table inner spec.
> Step: execute table commands.
> Step: calculate cell and line sizes.
> Step: build the whole table.

Underfull \hbox (badness 10000) detected at line 2381
[][][]
 []

> Step: init table outer spec.
> Step: parse table options.
> Step: split table.
> Step: init table inner spec.
> Step: parse table inner spec.
> Step: execute table commands.
> Step: calculate cell and line sizes.
> Step: build the whole table.
> Step: init table outer spec.
> Step: parse table options.
> Step: split table.
> Step: init table inner spec.
> Step: parse table inner spec.
> Step: execute table commands.
> Step: calculate cell and line sizes.
> Step: build the whole table.

Underfull \hbox (badness 10000) detected at line 2401
[][][]
 []

 <./namespacegg_a9ef4c60ab8a1afaf9ec8f4b44b83dbee_cgraph.pdf>
<namespacegg_a9ef4c60ab8a1afaf9ec8f4b44b83dbee_cgraph.pdf, id=7079, 315.1775pt 
x 100.375pt>
File: namespacegg_a9ef4c60ab8a1afaf9ec8f4b44b83dbee_cgraph.pdf Graphic file (ty
pe pdf)
<use namespacegg_a9ef4c60ab8a1afaf9ec8f4b44b83dbee_cgraph.pdf>
Package pdftex.def Info: namespacegg_a9ef4c60ab8a1afaf9ec8f4b44b83dbee_cgraph.p
df  used on input line 2413.
(pdftex.def)             Requested size: 314.0pt x 100.00562pt.



Package fancyhdr Warning: \headheight is too small (12.0pt): 
(fancyhdr)                Make it at least 12.00003pt, for example:
(fancyhdr)                \setlength{\headheight}{12.00003pt}.
(fancyhdr)                You might also make \topmargin smaller:
(fancyhdr)                \addtolength{\topmargin}{-0.00003pt}.

[69]
> Step: init table outer spec.
> Step: parse table options.
> Step: split table.
> Step: init table inner spec.
> Step: parse table inner spec.
> Step: execute table commands.
> Step: calculate cell and line sizes.
> Step: build the whole table.
> Step: init table outer spec.
> Step: parse table options.
> Step: split table.
> Step: init table inner spec.
> Step: parse table inner spec.
> Step: execute table commands.
> Step: calculate cell and line sizes.
> Step: build the whole table.

Underfull \hbox (badness 10000) detected at line 2431
[][][]
 []

 <./namespacegg_a753b36dbd5df5ba68b073ece2632bf53_cgraph.pdf>
<namespacegg_a753b36dbd5df5ba68b073ece2632bf53_cgraph.pdf, id=7107, 315.1775pt 
x 100.375pt>
File: namespacegg_a753b36dbd5df5ba68b073ece2632bf53_cgraph.pdf Graphic file (ty
pe pdf)
<use namespacegg_a753b36dbd5df5ba68b073ece2632bf53_cgraph.pdf>
Package pdftex.def Info: namespacegg_a753b36dbd5df5ba68b073ece2632bf53_cgraph.p
df  used on input line 2443.
(pdftex.def)             Requested size: 314.0pt x 100.00562pt.
> Step: init table outer spec.
> Step: parse table options.
> Step: split table.
> Step: init table inner spec.
> Step: parse table inner spec.
> Step: execute table commands.
> Step: calculate cell and line sizes.
> Step: build the whole table.
> Step: init table outer spec.
> Step: parse table options.
> Step: split table.
> Step: init table inner spec.
> Step: parse table inner spec.
> Step: execute table commands.
> Step: calculate cell and line sizes.
> Step: build the whole table.



Package fancyhdr Warning: \headheight is too small (12.0pt): 
(fancyhdr)                Make it at least 12.00003pt, for example:
(fancyhdr)                \setlength{\headheight}{12.00003pt}.
(fancyhdr)                You might also make \topmargin smaller:
(fancyhdr)                \addtolength{\topmargin}{-0.00003pt}.

[70]
Underfull \hbox (badness 10000) detected at line 2459
[][][]
 []

 <./namespacegg_a642ba614e059326830b70210d4f31b4f_cgraph.pdf>
<namespacegg_a642ba614e059326830b70210d4f31b4f_cgraph.pdf, id=7129, 315.1775pt 
x 100.375pt>
File: namespacegg_a642ba614e059326830b70210d4f31b4f_cgraph.pdf Graphic file (ty
pe pdf)
<use namespacegg_a642ba614e059326830b70210d4f31b4f_cgraph.pdf>
Package pdftex.def Info: namespacegg_a642ba614e059326830b70210d4f31b4f_cgraph.p
df  used on input line 2471.
(pdftex.def)             Requested size: 314.0pt x 100.00562pt.
> Step: init table outer spec.
> Step: parse table options.
> Step: split table.
> Step: init table inner spec.
> Step: parse table inner spec.
> Step: execute table commands.
> Step: calculate cell and line sizes.
> Step: build the whole table.
> Step: init table outer spec.
> Step: parse table options.
> Step: split table.
> Step: init table inner spec.
> Step: parse table inner spec.
> Step: execute table commands.
> Step: calculate cell and line sizes.
> Step: build the whole table.

Underfull \hbox (badness 10000) detected at line 2489
[][][]
 []

 <./namespacegg_adb4636af6589498fd33cda7617df62f7_cgraph.pdf>
<namespacegg_adb4636af6589498fd33cda7617df62f7_cgraph.pdf, id=7140, 315.1775pt 
x 100.375pt>
File: namespacegg_adb4636af6589498fd33cda7617df62f7_cgraph.pdf Graphic file (ty
pe pdf)
<use namespacegg_adb4636af6589498fd33cda7617df62f7_cgraph.pdf>
Package pdftex.def Info: namespacegg_adb4636af6589498fd33cda7617df62f7_cgraph.p
df  used on input line 2501.
(pdftex.def)             Requested size: 314.0pt x 100.00562pt.
> Step: init table outer spec.
> Step: parse table options.
> Step: split table.
> Step: init table inner spec.
> Step: parse table inner spec.
> Step: execute table commands.
> Step: calculate cell and line sizes.
> Step: build the whole table.
> Step: init table outer spec.
> Step: parse table options.
> Step: split table.
> Step: init table inner spec.
> Step: parse table inner spec.
> Step: execute table commands.
> Step: calculate cell and line sizes.
> Step: build the whole table.



Package fancyhdr Warning: \headheight is too small (12.0pt): 
(fancyhdr)                Make it at least 12.00003pt, for example:
(fancyhdr)                \setlength{\headheight}{12.00003pt}.
(fancyhdr)                You might also make \topmargin smaller:
(fancyhdr)                \addtolength{\topmargin}{-0.00003pt}.

[71]
Underfull \hbox (badness 10000) detected at line 2523
[][][]
 []

 <./namespacegg_a36b3a41ab6b33b6f0198e2b762263987_cgraph.pdf>
<namespacegg_a36b3a41ab6b33b6f0198e2b762263987_cgraph.pdf, id=7162, 315.1775pt 
x 100.375pt>
File: namespacegg_a36b3a41ab6b33b6f0198e2b762263987_cgraph.pdf Graphic file (ty
pe pdf)
<use namespacegg_a36b3a41ab6b33b6f0198e2b762263987_cgraph.pdf>
Package pdftex.def Info: namespacegg_a36b3a41ab6b33b6f0198e2b762263987_cgraph.p
df  used on input line 2535.
(pdftex.def)             Requested size: 314.0pt x 100.00562pt.
> Step: init table outer spec.
> Step: parse table options.
> Step: split table.
> Step: init table inner spec.
> Step: parse table inner spec.
> Step: execute table commands.
> Step: calculate cell and line sizes.
> Step: build the whole table.
> Step: init table outer spec.
> Step: parse table options.
> Step: split table.
> Step: init table inner spec.
> Step: parse table inner spec.
> Step: execute table commands.
> Step: calculate cell and line sizes.
> Step: build the whole table.

Underfull \hbox (badness 10000) detected at line 2551
[][][]
 []

 <./namespacegg_a0c5e5c6a1d6926d8911cc74865cc0fbb_cgraph.pdf>
<namespacegg_a0c5e5c6a1d6926d8911cc74865cc0fbb_cgraph.pdf, id=7173, 733.74126pt
 x 100.375pt>
File: namespacegg_a0c5e5c6a1d6926d8911cc74865cc0fbb_cgraph.pdf Graphic file (ty
pe pdf)
<use namespacegg_a0c5e5c6a1d6926d8911cc74865cc0fbb_cgraph.pdf>
Package pdftex.def Info: namespacegg_a0c5e5c6a1d6926d8911cc74865cc0fbb_cgraph.p
df  used on input line 2563.
(pdftex.def)             Requested size: 350.0pt x 47.88078pt.



Package fancyhdr Warning: \headheight is too small (12.0pt): 
(fancyhdr)                Make it at least 12.00003pt, for example:
(fancyhdr)                \setlength{\headheight}{12.00003pt}.
(fancyhdr)                You might also make \topmargin smaller:
(fancyhdr)                \addtolength{\topmargin}{-0.00003pt}.

[72]
> Step: init table outer spec.
> Step: parse table options.
> Step: split table.
> Step: init table inner spec.
> Step: parse table inner spec.
> Step: execute table commands.
> Step: calculate cell and line sizes.
> Step: build the whole table.
> Step: init table outer spec.
> Step: parse table options.
> Step: split table.
> Step: init table inner spec.
> Step: parse table inner spec.
> Step: execute table commands.
> Step: calculate cell and line sizes.
> Step: build the whole table.

Underfull \hbox (badness 10000) detected at line 2581
[][][]
 []

 <./namespacegg_a4e721a0a9a903540b11921447ecac772_cgraph.pdf>
<namespacegg_a4e721a0a9a903540b11921447ecac772_cgraph.pdf, id=7195, 733.74126pt
 x 100.375pt>
File: namespacegg_a4e721a0a9a903540b11921447ecac772_cgraph.pdf Graphic file (ty
pe pdf)
<use namespacegg_a4e721a0a9a903540b11921447ecac772_cgraph.pdf>
Package pdftex.def Info: namespacegg_a4e721a0a9a903540b11921447ecac772_cgraph.p
df  used on input line 2593.
(pdftex.def)             Requested size: 350.0pt x 47.88078pt.
> Step: init table outer spec.
> Step: parse table options.
> Step: split table.
> Step: init table inner spec.
> Step: parse table inner spec.
> Step: execute table commands.
> Step: calculate cell and line sizes.
> Step: build the whole table.
> Step: init table outer spec.
> Step: parse table options.
> Step: split table.
> Step: init table inner spec.
> Step: parse table inner spec.
> Step: execute table commands.
> Step: calculate cell and line sizes.
> Step: build the whole table.

Underfull \hbox (badness 10000) detected at line 2615
[][][]
 []

 <./namespacegg_a65baca1998bd9ea2b31a3fc1648d53dd_cgraph.pdf>
<namespacegg_a65baca1998bd9ea2b31a3fc1648d53dd_cgraph.pdf, id=7206, 578.16pt x 
100.375pt>
File: namespacegg_a65baca1998bd9ea2b31a3fc1648d53dd_cgraph.pdf Graphic file (ty
pe pdf)
<use namespacegg_a65baca1998bd9ea2b31a3fc1648d53dd_cgraph.pdf>
Package pdftex.def Info: namespacegg_a65baca1998bd9ea2b31a3fc1648d53dd_cgraph.p
df  used on input line 2627.
(pdftex.def)             Requested size: 350.0pt x 60.76305pt.
 <./namespacegg_a65baca1998bd9ea2b31a3fc1648d53dd_icgraph.pdf>
<namespacegg_a65baca1998bd9ea2b31a3fc1648d53dd_icgraph.pdf, id=7214, 500.87125p
t x 176.66pt>
File: namespacegg_a65baca1998bd9ea2b31a3fc1648d53dd_icgraph.pdf Graphic file (t
ype pdf)
<use namespacegg_a65baca1998bd9ea2b31a3fc1648d53dd_icgraph.pdf>
Package pdftex.def Info: namespacegg_a65baca1998bd9ea2b31a3fc1648d53dd_icgraph.
pdf  used on input line 2635.
(pdftex.def)             Requested size: 350.0pt x 123.45088pt.



Package fancyhdr Warning: \headheight is too small (12.0pt): 
(fancyhdr)                Make it at least 12.00003pt, for example:
(fancyhdr)                \setlength{\headheight}{12.00003pt}.
(fancyhdr)                You might also make \topmargin smaller:
(fancyhdr)                \addtolength{\topmargin}{-0.00003pt}.

[73]
> Step: init table outer spec.
> Step: parse table options.
> Step: split table.
> Step: init table inner spec.
> Step: parse table inner spec.
> Step: execute table commands.
> Step: calculate cell and line sizes.
> Step: build the whole table.
> Step: init table outer spec.
> Step: parse table options.
> Step: split table.
> Step: init table inner spec.
> Step: parse table inner spec.
> Step: execute table commands.
> Step: calculate cell and line sizes.
> Step: build the whole table.

Underfull \hbox (badness 10000) detected at line 2651
[][][]
 []

 <./namespacegg_acaf06b5bfe66fc430155ae3d4410d854_cgraph.pdf>
<namespacegg_acaf06b5bfe66fc430155ae3d4410d854_cgraph.pdf, id=7237, 328.22626pt
 x 100.375pt>
File: namespacegg_acaf06b5bfe66fc430155ae3d4410d854_cgraph.pdf Graphic file (ty
pe pdf)
<use namespacegg_acaf06b5bfe66fc430155ae3d4410d854_cgraph.pdf>
Package pdftex.def Info: namespacegg_acaf06b5bfe66fc430155ae3d4410d854_cgraph.p
df  used on input line 2663.
(pdftex.def)             Requested size: 327.0pt x 100.00102pt.
> Step: init table outer spec.
> Step: parse table options.
> Step: split table.
> Step: init table inner spec.
> Step: parse table inner spec.
> Step: execute table commands.
> Step: calculate cell and line sizes.
> Step: build the whole table.
> Step: init table outer spec.
> Step: parse table options.
> Step: split table.
> Step: init table inner spec.
> Step: parse table inner spec.
> Step: execute table commands.
> Step: calculate cell and line sizes.
> Step: build the whole table.

Underfull \hbox (badness 10000) detected at line 2679
[][][]
 []

 <./namespacegg_aca81032319d49c6a3565c40928413360_cgraph.pdf>
<namespacegg_aca81032319d49c6a3565c40928413360_cgraph.pdf, id=7248, 328.22626pt
 x 100.375pt>
File: namespacegg_aca81032319d49c6a3565c40928413360_cgraph.pdf Graphic file (ty
pe pdf)
<use namespacegg_aca81032319d49c6a3565c40928413360_cgraph.pdf>
Package pdftex.def Info: namespacegg_aca81032319d49c6a3565c40928413360_cgraph.p
df  used on input line 2691.
(pdftex.def)             Requested size: 327.0pt x 100.00102pt.



Package fancyhdr Warning: \headheight is too small (12.0pt): 
(fancyhdr)                Make it at least 12.00003pt, for example:
(fancyhdr)                \setlength{\headheight}{12.00003pt}.
(fancyhdr)                You might also make \topmargin smaller:
(fancyhdr)                \addtolength{\topmargin}{-0.00003pt}.

[74]
> Step: init table outer spec.
> Step: parse table options.
> Step: split table.
> Step: init table inner spec.
> Step: parse table inner spec.
> Step: execute table commands.
> Step: calculate cell and line sizes.
> Step: build the whole table.
> Step: init table outer spec.
> Step: parse table options.
> Step: split table.
> Step: init table inner spec.
> Step: parse table inner spec.
> Step: execute table commands.
> Step: calculate cell and line sizes.
> Step: build the whole table.

Underfull \hbox (badness 10000) detected at line 2707
[][][]
 []

 <./namespacegg_a15b8b49e0ab9fe3bde8eee67bcdb7e81_cgraph.pdf>
<namespacegg_a15b8b49e0ab9fe3bde8eee67bcdb7e81_cgraph.pdf, id=7269, 327.2225pt 
x 100.375pt>
File: namespacegg_a15b8b49e0ab9fe3bde8eee67bcdb7e81_cgraph.pdf Graphic file (ty
pe pdf)
<use namespacegg_a15b8b49e0ab9fe3bde8eee67bcdb7e81_cgraph.pdf>
Package pdftex.def Info: namespacegg_a15b8b49e0ab9fe3bde8eee67bcdb7e81_cgraph.p
df  used on input line 2719.
(pdftex.def)             Requested size: 326.0pt x 99.9995pt.
> Step: init table outer spec.
> Step: parse table options.
> Step: split table.
> Step: init table inner spec.
> Step: parse table inner spec.
> Step: execute table commands.
> Step: calculate cell and line sizes.
> Step: build the whole table.
> Step: init table outer spec.
> Step: parse table options.
> Step: split table.
> Step: init table inner spec.
> Step: parse table inner spec.
> Step: execute table commands.
> Step: calculate cell and line sizes.
> Step: build the whole table.



Package fancyhdr Warning: \headheight is too small (12.0pt): 
(fancyhdr)                Make it at least 12.00003pt, for example:
(fancyhdr)                \setlength{\headheight}{12.00003pt}.
(fancyhdr)                You might also make \topmargin smaller:
(fancyhdr)                \addtolength{\topmargin}{-0.00003pt}.

[75]
Underfull \hbox (badness 10000) detected at line 2735
[][][]
 []

 <./namespacegg_a6dc1ef6d0e78a6694ae8aca973b1b9ae_cgraph.pdf>
<namespacegg_a6dc1ef6d0e78a6694ae8aca973b1b9ae_cgraph.pdf, id=7290, 396.48125pt
 x 100.375pt>
File: namespacegg_a6dc1ef6d0e78a6694ae8aca973b1b9ae_cgraph.pdf Graphic file (ty
pe pdf)
<use namespacegg_a6dc1ef6d0e78a6694ae8aca973b1b9ae_cgraph.pdf>
Package pdftex.def Info: namespacegg_a6dc1ef6d0e78a6694ae8aca973b1b9ae_cgraph.p
df  used on input line 2747.
(pdftex.def)             Requested size: 350.0pt x 88.60901pt.
> Step: init table outer spec.
> Step: parse table options.
> Step: split table.
> Step: init table inner spec.
> Step: parse table inner spec.
> Step: execute table commands.
> Step: calculate cell and line sizes.
> Step: build the whole table.
> Step: init table outer spec.
> Step: parse table options.
> Step: split table.
> Step: init table inner spec.
> Step: parse table inner spec.
> Step: execute table commands.
> Step: calculate cell and line sizes.
> Step: build the whole table.

Underfull \hbox (badness 10000) detected at line 2763
[][][]
 []

 <./namespacegg_a236701485bbc8278654781a810bf2880_cgraph.pdf>
<namespacegg_a236701485bbc8278654781a810bf2880_cgraph.pdf, id=7300, 399.4925pt 
x 100.375pt>
File: namespacegg_a236701485bbc8278654781a810bf2880_cgraph.pdf Graphic file (ty
pe pdf)
<use namespacegg_a236701485bbc8278654781a810bf2880_cgraph.pdf>
Package pdftex.def Info: namespacegg_a236701485bbc8278654781a810bf2880_cgraph.p
df  used on input line 2775.
(pdftex.def)             Requested size: 350.0pt x 87.94429pt.
> Step: init table outer spec.
> Step: parse table options.
> Step: split table.
> Step: init table inner spec.
> Step: parse table inner spec.
> Step: execute table commands.
> Step: calculate cell and line sizes.
> Step: build the whole table.
> Step: init table outer spec.
> Step: parse table options.
> Step: split table.
> Step: init table inner spec.
> Step: parse table inner spec.
> Step: execute table commands.
> Step: calculate cell and line sizes.
> Step: build the whole table.



Package fancyhdr Warning: \headheight is too small (12.0pt): 
(fancyhdr)                Make it at least 12.00003pt, for example:
(fancyhdr)                \setlength{\headheight}{12.00003pt}.
(fancyhdr)                You might also make \topmargin smaller:
(fancyhdr)                \addtolength{\topmargin}{-0.00003pt}.

[76]
Underfull \hbox (badness 10000) detected at line 2799
[][][]
 []

 <./namespacegg_ae450600cc658bd7d6b0f7ecb62156fe8_cgraph.pdf>
<namespacegg_ae450600cc658bd7d6b0f7ecb62156fe8_cgraph.pdf, id=7321, 271.0125pt 
x 100.375pt>
File: namespacegg_ae450600cc658bd7d6b0f7ecb62156fe8_cgraph.pdf Graphic file (ty
pe pdf)
<use namespacegg_ae450600cc658bd7d6b0f7ecb62156fe8_cgraph.pdf>
Package pdftex.def Info: namespacegg_ae450600cc658bd7d6b0f7ecb62156fe8_cgraph.p
df  used on input line 2811.
(pdftex.def)             Requested size: 270.0pt x 100.00409pt.
 <./namespacegg_ae450600cc658bd7d6b0f7ecb62156fe8_icgraph.pdf>
<namespacegg_ae450600cc658bd7d6b0f7ecb62156fe8_icgraph.pdf, id=7329, 291.0875pt
 x 138.5175pt>
File: namespacegg_ae450600cc658bd7d6b0f7ecb62156fe8_icgraph.pdf Graphic file (t
ype pdf)
<use namespacegg_ae450600cc658bd7d6b0f7ecb62156fe8_icgraph.pdf>
Package pdftex.def Info: namespacegg_ae450600cc658bd7d6b0f7ecb62156fe8_icgraph.
pdf  used on input line 2819.
(pdftex.def)             Requested size: 290.0pt x 138.00987pt.
> Step: init table outer spec.
> Step: parse table options.
> Step: split table.
> Step: init table inner spec.
> Step: parse table inner spec.
> Step: execute table commands.
> Step: calculate cell and line sizes.
> Step: build the whole table.
> Step: init table outer spec.
> Step: parse table options.
> Step: split table.
> Step: init table inner spec.
> Step: parse table inner spec.
> Step: execute table commands.
> Step: calculate cell and line sizes.
> Step: build the whole table.

Underfull \hbox (badness 10000) detected at line 2835
[][][]
 []

 <./namespacegg_ab12cdc8afc2f0d47c66dfcf87f110356_cgraph.pdf>
<namespacegg_ab12cdc8afc2f0d47c66dfcf87f110356_cgraph.pdf, id=7347, 306.14375pt
 x 100.375pt>
File: namespacegg_ab12cdc8afc2f0d47c66dfcf87f110356_cgraph.pdf Graphic file (ty
pe pdf)
<use namespacegg_ab12cdc8afc2f0d47c66dfcf87f110356_cgraph.pdf>
Package pdftex.def Info: namespacegg_ab12cdc8afc2f0d47c66dfcf87f110356_cgraph.p
df  used on input line 2847.
(pdftex.def)             Requested size: 305.0pt x 100.00562pt.



Package fancyhdr Warning: \headheight is too small (12.0pt): 
(fancyhdr)                Make it at least 12.00003pt, for example:
(fancyhdr)                \setlength{\headheight}{12.00003pt}.
(fancyhdr)                You might also make \topmargin smaller:
(fancyhdr)                \addtolength{\topmargin}{-0.00003pt}.

[77]
> Step: init table outer spec.
> Step: parse table options.
> Step: split table.
> Step: init table inner spec.
> Step: parse table inner spec.
> Step: execute table commands.
> Step: calculate cell and line sizes.
> Step: build the whole table.
> Step: init table outer spec.
> Step: parse table options.
> Step: split table.
> Step: init table inner spec.
> Step: parse table inner spec.
> Step: execute table commands.
> Step: calculate cell and line sizes.
> Step: build the whole table.

Underfull \hbox (badness 10000) detected at line 2863
[][][]
 []

 <./namespacegg_ad55cce9930ee50df35028ffa90b4eac6_cgraph.pdf>
<namespacegg_ad55cce9930ee50df35028ffa90b4eac6_cgraph.pdf, id=7369, 306.14375pt
 x 100.375pt>
File: namespacegg_ad55cce9930ee50df35028ffa90b4eac6_cgraph.pdf Graphic file (ty
pe pdf)
<use namespacegg_ad55cce9930ee50df35028ffa90b4eac6_cgraph.pdf>
Package pdftex.def Info: namespacegg_ad55cce9930ee50df35028ffa90b4eac6_cgraph.p
df  used on input line 2875.
(pdftex.def)             Requested size: 305.0pt x 100.00562pt.
> Step: init table outer spec.
> Step: parse table options.
> Step: split table.
> Step: init table inner spec.
> Step: parse table inner spec.
> Step: execute table commands.
> Step: calculate cell and line sizes.
> Step: build the whole table.
> Step: init table outer spec.
> Step: parse table options.
> Step: split table.
> Step: init table inner spec.
> Step: parse table inner spec.
> Step: execute table commands.
> Step: calculate cell and line sizes.
> Step: build the whole table.



Package fancyhdr Warning: \headheight is too small (12.0pt): 
(fancyhdr)                Make it at least 12.00003pt, for example:
(fancyhdr)                \setlength{\headheight}{12.00003pt}.
(fancyhdr)                You might also make \topmargin smaller:
(fancyhdr)                \addtolength{\topmargin}{-0.00003pt}.

[78]
Underfull \hbox (badness 10000) detected at line 2897
[][][]
 []

 <./namespacegg_a0335a1458ae067bb59bc657dd7523c39_cgraph.pdf>
<namespacegg_a0335a1458ae067bb59bc657dd7523c39_cgraph.pdf, id=7391, 306.14375pt
 x 100.375pt>
File: namespacegg_a0335a1458ae067bb59bc657dd7523c39_cgraph.pdf Graphic file (ty
pe pdf)
<use namespacegg_a0335a1458ae067bb59bc657dd7523c39_cgraph.pdf>
Package pdftex.def Info: namespacegg_a0335a1458ae067bb59bc657dd7523c39_cgraph.p
df  used on input line 2909.
(pdftex.def)             Requested size: 305.0pt x 100.00562pt.
> Step: init table outer spec.
> Step: parse table options.
> Step: split table.
> Step: init table inner spec.
> Step: parse table inner spec.
> Step: execute table commands.
> Step: calculate cell and line sizes.
> Step: build the whole table.
> Step: init table outer spec.
> Step: parse table options.
> Step: split table.
> Step: init table inner spec.
> Step: parse table inner spec.
> Step: execute table commands.
> Step: calculate cell and line sizes.
> Step: build the whole table.

Underfull \hbox (badness 10000) detected at line 2929
[][][]
 []

 <./namespacegg_af14e01e111b4a4b141c268038e69809e_cgraph.pdf>
<namespacegg_af14e01e111b4a4b141c268038e69809e_cgraph.pdf, id=7416, 619.31375pt
 x 100.375pt>
File: namespacegg_af14e01e111b4a4b141c268038e69809e_cgraph.pdf Graphic file (ty
pe pdf)
<use namespacegg_af14e01e111b4a4b141c268038e69809e_cgraph.pdf>
Package pdftex.def Info: namespacegg_af14e01e111b4a4b141c268038e69809e_cgraph.p
df  used on input line 2941.
(pdftex.def)             Requested size: 350.0pt x 56.72882pt.


LaTeX Font Info:    Font shape `OT1/phv/m/n' will be
(Font)              scaled to size 8.99994pt on input line 2950.
LaTeX Font Info:    Font shape `OT1/phv/m/n' will be
(Font)              scaled to size 8.99994pt on input line 2950.
LaTeX Font Info:    Font shape `OT1/phv/m/n' will be
(Font)              scaled to size 8.99994pt on input line 2950.
LaTeX Font Info:    Font shape `OT1/phv/b/n' will be
(Font)              scaled to size 8.99994pt on input line 2950.
LaTeX Font Info:    Font shape `OT1/phv/b/n' will be
(Font)              scaled to size 8.99994pt on input line 2950.

Package fancyhdr Warning: \headheight is too small (12.0pt): 
(fancyhdr)                Make it at least 12.00003pt, for example:
(fancyhdr)                \setlength{\headheight}{12.00003pt}.
(fancyhdr)                You might also make \topmargin smaller:
(fancyhdr)                \addtolength{\topmargin}{-0.00003pt}.

LaTeX Font Info:    Font shape `OT1/phv/m/n' will be
(Font)              scaled to size 8.99994pt on input line 2950.
LaTeX Font Info:    Font shape `OT1/phv/b/n' will be
(Font)              scaled to size 8.99994pt on input line 2950.
LaTeX Font Info:    Font shape `OT1/phv/b/n' will be
(Font)              scaled to size 6.29996pt on input line 2950.
LaTeX Font Info:    Font shape `OT1/phv/b/n' will be
(Font)              scaled to size 6.29996pt on input line 2950.
[79]
> Step: init table outer spec.
> Step: parse table options.
> Step: split table.
> Step: init table inner spec.
> Step: parse table inner spec.
> Step: execute table commands.
> Step: calculate cell and line sizes.
> Step: build the whole table.
> Step: init table outer spec.
> Step: parse table options.
> Step: split table.
> Step: init table inner spec.
> Step: parse table inner spec.
> Step: execute table commands.
> Step: calculate cell and line sizes.
> Step: build the whole table.

Underfull \hbox (badness 10000) detected at line 2961
[][][]
 []

 <./namespacegg_a0df14e92a8460428403c7f82d32cf19b_cgraph.pdf>
<namespacegg_a0df14e92a8460428403c7f82d32cf19b_cgraph.pdf, id=7444, 619.31375pt
 x 100.375pt>
File: namespacegg_a0df14e92a8460428403c7f82d32cf19b_cgraph.pdf Graphic file (ty
pe pdf)
<use namespacegg_a0df14e92a8460428403c7f82d32cf19b_cgraph.pdf>
Package pdftex.def Info: namespacegg_a0df14e92a8460428403c7f82d32cf19b_cgraph.p
df  used on input line 2973.
(pdftex.def)             Requested size: 350.0pt x 56.72882pt.
> Step: init table outer spec.
> Step: parse table options.
> Step: split table.
> Step: init table inner spec.
> Step: parse table inner spec.
> Step: execute table commands.
> Step: calculate cell and line sizes.
> Step: build the whole table.
> Step: init table outer spec.
> Step: parse table options.
> Step: split table.
> Step: init table inner spec.
> Step: parse table inner spec.
> Step: execute table commands.
> Step: calculate cell and line sizes.
> Step: build the whole table.

Underfull \hbox (badness 10000) detected at line 2993
[][][]
 []

 <./namespacegg_a6485d9c8b7bda82d43bc8cc59158f1ba_cgraph.pdf>
<namespacegg_a6485d9c8b7bda82d43bc8cc59158f1ba_cgraph.pdf, id=7462, 619.31375pt
 x 100.375pt>
File: namespacegg_a6485d9c8b7bda82d43bc8cc59158f1ba_cgraph.pdf Graphic file (ty
pe pdf)
<use namespacegg_a6485d9c8b7bda82d43bc8cc59158f1ba_cgraph.pdf>
Package pdftex.def Info: namespacegg_a6485d9c8b7bda82d43bc8cc59158f1ba_cgraph.p
df  used on input line 3005.
(pdftex.def)             Requested size: 350.0pt x 56.72882pt.



Package fancyhdr Warning: \headheight is too small (12.0pt): 
(fancyhdr)                Make it at least 12.00003pt, for example:
(fancyhdr)                \setlength{\headheight}{12.00003pt}.
(fancyhdr)                You might also make \topmargin smaller:
(fancyhdr)                \addtolength{\topmargin}{-0.00003pt}.

[80]
> Step: init table outer spec.
> Step: parse table options.
> Step: split table.
> Step: init table inner spec.
> Step: parse table inner spec.
> Step: execute table commands.
> Step: calculate cell and line sizes.
> Step: build the whole table.
> Step: init table outer spec.
> Step: parse table options.
> Step: split table.
> Step: init table inner spec.
> Step: parse table inner spec.
> Step: execute table commands.
> Step: calculate cell and line sizes.
> Step: build the whole table.

Underfull \hbox (badness 10000) detected at line 3025
[][][]
 []

 <./namespacegg_a191d7b15d7374dfc6fa5243e3b667537_cgraph.pdf>
<namespacegg_a191d7b15d7374dfc6fa5243e3b667537_cgraph.pdf, id=7484, 516.93124pt
 x 100.375pt>
File: namespacegg_a191d7b15d7374dfc6fa5243e3b667537_cgraph.pdf Graphic file (ty
pe pdf)
<use namespacegg_a191d7b15d7374dfc6fa5243e3b667537_cgraph.pdf>
Package pdftex.def Info: namespacegg_a191d7b15d7374dfc6fa5243e3b667537_cgraph.p
df  used on input line 3037.
(pdftex.def)             Requested size: 350.0pt x 67.96307pt.
 <./namespacegg_a191d7b15d7374dfc6fa5243e3b667537_icgraph.pdf>
<namespacegg_a191d7b15d7374dfc6fa5243e3b667537_icgraph.pdf, id=7493, 247.92625p
t x 176.66pt>
File: namespacegg_a191d7b15d7374dfc6fa5243e3b667537_icgraph.pdf Graphic file (t
ype pdf)
<use namespacegg_a191d7b15d7374dfc6fa5243e3b667537_icgraph.pdf>
Package pdftex.def Info: namespacegg_a191d7b15d7374dfc6fa5243e3b667537_icgraph.
pdf  used on input line 3045.
(pdftex.def)             Requested size: 247.0pt x 176.00183pt.
> Step: init table outer spec.
> Step: parse table options.
> Step: split table.
> Step: init table inner spec.
> Step: parse table inner spec.
> Step: execute table commands.
> Step: calculate cell and line sizes.
> Step: build the whole table.
> Step: init table outer spec.
> Step: parse table options.
> Step: split table.
> Step: init table inner spec.
> Step: parse table inner spec.
> Step: execute table commands.
> Step: calculate cell and line sizes.
> Step: build the whole table.



Package fancyhdr Warning: \headheight is too small (12.0pt): 
(fancyhdr)                Make it at least 12.00003pt, for example:
(fancyhdr)                \setlength{\headheight}{12.00003pt}.
(fancyhdr)                You might also make \topmargin smaller:
(fancyhdr)                \addtolength{\topmargin}{-0.00003pt}.

[81]
Underfull \hbox (badness 10000) detected at line 3061
[][][]
 []

 <./namespacegg_affd8bb35ddcc19b1dec8e059b2ae6061_cgraph.pdf>
<namespacegg_affd8bb35ddcc19b1dec8e059b2ae6061_cgraph.pdf, id=7521, 337.26pt x 
100.375pt>
File: namespacegg_affd8bb35ddcc19b1dec8e059b2ae6061_cgraph.pdf Graphic file (ty
pe pdf)
<use namespacegg_affd8bb35ddcc19b1dec8e059b2ae6061_cgraph.pdf>
Package pdftex.def Info: namespacegg_affd8bb35ddcc19b1dec8e059b2ae6061_cgraph.p
df  used on input line 3073.
(pdftex.def)             Requested size: 336.0pt x 100.00255pt.
> Step: init table outer spec.
> Step: parse table options.
> Step: split table.
> Step: init table inner spec.
> Step: parse table inner spec.
> Step: execute table commands.
> Step: calculate cell and line sizes.
> Step: build the whole table.
> Step: init table outer spec.
> Step: parse table options.
> Step: split table.
> Step: init table inner spec.
> Step: parse table inner spec.
> Step: execute table commands.
> Step: calculate cell and line sizes.
> Step: build the whole table.

Underfull \hbox (badness 10000) detected at line 3089
[][][]
 []

 <./namespacegg_ac0ac085839830ea37ad906e7b7b84241_cgraph.pdf>
<namespacegg_ac0ac085839830ea37ad906e7b7b84241_cgraph.pdf, id=7532, 337.26pt x 
100.375pt>
File: namespacegg_ac0ac085839830ea37ad906e7b7b84241_cgraph.pdf Graphic file (ty
pe pdf)
<use namespacegg_ac0ac085839830ea37ad906e7b7b84241_cgraph.pdf>
Package pdftex.def Info: namespacegg_ac0ac085839830ea37ad906e7b7b84241_cgraph.p
df  used on input line 3101.
(pdftex.def)             Requested size: 336.0pt x 100.00255pt.
> Step: init table outer spec.
> Step: parse table options.
> Step: split table.
> Step: init table inner spec.
> Step: parse table inner spec.
> Step: execute table commands.
> Step: calculate cell and line sizes.
> Step: build the whole table.
> Step: init table outer spec.
> Step: parse table options.
> Step: split table.
> Step: init table inner spec.
> Step: parse table inner spec.
> Step: execute table commands.
> Step: calculate cell and line sizes.
> Step: build the whole table.



Package fancyhdr Warning: \headheight is too small (12.0pt): 
(fancyhdr)                Make it at least 12.00003pt, for example:
(fancyhdr)                \setlength{\headheight}{12.00003pt}.
(fancyhdr)                You might also make \topmargin smaller:
(fancyhdr)                \addtolength{\topmargin}{-0.00003pt}.

[82]


Package fancyhdr Warning: \headheight is too small (12.0pt): 
(fancyhdr)                Make it at least 12.00003pt, for example:
(fancyhdr)                \setlength{\headheight}{12.00003pt}.
(fancyhdr)                You might also make \topmargin smaller:
(fancyhdr)                \addtolength{\topmargin}{-0.00003pt}.

[83]
Underfull \hbox (badness 10000) detected at line 3123
[][][]
 []

 <./namespacegg_a1c44cf87582b032f9eeac980ed17f73b_cgraph.pdf>
<namespacegg_a1c44cf87582b032f9eeac980ed17f73b_cgraph.pdf, id=7559, 337.26pt x 
100.375pt>
File: namespacegg_a1c44cf87582b032f9eeac980ed17f73b_cgraph.pdf Graphic file (ty
pe pdf)
<use namespacegg_a1c44cf87582b032f9eeac980ed17f73b_cgraph.pdf>
Package pdftex.def Info: namespacegg_a1c44cf87582b032f9eeac980ed17f73b_cgraph.p
df  used on input line 3135.
(pdftex.def)             Requested size: 336.0pt x 100.00255pt.
> Step: init table outer spec.
> Step: parse table options.
> Step: split table.
> Step: init table inner spec.
> Step: parse table inner spec.
> Step: execute table commands.
> Step: calculate cell and line sizes.
> Step: build the whole table.
> Step: init table outer spec.
> Step: parse table options.
> Step: split table.
> Step: init table inner spec.
> Step: parse table inner spec.
> Step: execute table commands.
> Step: calculate cell and line sizes.
> Step: build the whole table.

Underfull \hbox (badness 10000) detected at line 3151
[][][]
 []

 <./namespacegg_a883c792de89aa42cacf270381b5d31da_cgraph.pdf>
<namespacegg_a883c792de89aa42cacf270381b5d31da_cgraph.pdf, id=7571, 505.89pt x 
138.5175pt>
File: namespacegg_a883c792de89aa42cacf270381b5d31da_cgraph.pdf Graphic file (ty
pe pdf)
<use namespacegg_a883c792de89aa42cacf270381b5d31da_cgraph.pdf>
Package pdftex.def Info: namespacegg_a883c792de89aa42cacf270381b5d31da_cgraph.p
df  used on input line 3163.
(pdftex.def)             Requested size: 350.0pt x 95.83502pt.
> Step: init table outer spec.
> Step: parse table options.
> Step: split table.
> Step: init table inner spec.
> Step: parse table inner spec.
> Step: execute table commands.
> Step: calculate cell and line sizes.
> Step: build the whole table.
> Step: init table outer spec.
> Step: parse table options.
> Step: split table.
> Step: init table inner spec.
> Step: parse table inner spec.
> Step: execute table commands.
> Step: calculate cell and line sizes.
> Step: build the whole table.



Package fancyhdr Warning: \headheight is too small (12.0pt): 
(fancyhdr)                Make it at least 12.00003pt, for example:
(fancyhdr)                \setlength{\headheight}{12.00003pt}.
(fancyhdr)                You might also make \topmargin smaller:
(fancyhdr)                \addtolength{\topmargin}{-0.00003pt}.

[84]


Package fancyhdr Warning: \headheight is too small (12.0pt): 
(fancyhdr)                Make it at least 12.00003pt, for example:
(fancyhdr)                \setlength{\headheight}{12.00003pt}.
(fancyhdr)                You might also make \topmargin smaller:
(fancyhdr)                \addtolength{\topmargin}{-0.00003pt}.

[85]
Underfull \hbox (badness 10000) detected at line 3181
[][][]
 []

> Step: init table outer spec.
> Step: parse table options.
> Step: split table.
> Step: init table inner spec.
> Step: parse table inner spec.
> Step: execute table commands.
> Step: calculate cell and line sizes.
> Step: build the whole table.
> Step: init table outer spec.
> Step: parse table options.
> Step: split table.
> Step: init table inner spec.
> Step: parse table inner spec.
> Step: execute table commands.
> Step: calculate cell and line sizes.
> Step: build the whole table.

Underfull \hbox (badness 10000) detected at line 3201
[][][]
 []

> Step: init table outer spec.
> Step: parse table options.
> Step: split table.
> Step: init table inner spec.
> Step: parse table inner spec.
> Step: execute table commands.
> Step: calculate cell and line sizes.
> Step: build the whole table.
> Step: init table outer spec.
> Step: parse table options.
> Step: split table.
> Step: init table inner spec.
> Step: parse table inner spec.
> Step: execute table commands.
> Step: calculate cell and line sizes.
> Step: build the whole table.

Underfull \hbox (badness 10000) detected at line 3223
[][][]
 []

> Step: init table outer spec.
> Step: parse table options.
> Step: split table.
> Step: init table inner spec.
> Step: parse table inner spec.
> Step: execute table commands.
> Step: calculate cell and line sizes.
> Step: build the whole table.
> Step: init table outer spec.
> Step: parse table options.
> Step: split table.
> Step: init table inner spec.
> Step: parse table inner spec.
> Step: execute table commands.
> Step: calculate cell and line sizes.
> Step: build the whole table.



Package fancyhdr Warning: \headheight is too small (12.0pt): 
(fancyhdr)                Make it at least 12.00003pt, for example:
(fancyhdr)                \setlength{\headheight}{12.00003pt}.
(fancyhdr)                You might also make \topmargin smaller:
(fancyhdr)                \addtolength{\topmargin}{-0.00003pt}.

[86]
Underfull \hbox (badness 10000) detected at line 3243
[][][]
 []

> Step: init table outer spec.
> Step: parse table options.
> Step: split table.
> Step: init table inner spec.
> Step: parse table inner spec.
> Step: execute table commands.
> Step: calculate cell and line sizes.
> Step: build the whole table.
> Step: init table outer spec.
> Step: parse table options.
> Step: split table.
> Step: init table inner spec.
> Step: parse table inner spec.
> Step: execute table commands.
> Step: calculate cell and line sizes.
> Step: build the whole table.

Underfull \hbox (badness 10000) detected at line 3265
[][][]
 []

> Step: init table outer spec.
> Step: parse table options.
> Step: split table.
> Step: init table inner spec.
> Step: parse table inner spec.
> Step: execute table commands.
> Step: calculate cell and line sizes.
> Step: build the whole table.
> Step: init table outer spec.
> Step: parse table options.
> Step: split table.
> Step: init table inner spec.
> Step: parse table inner spec.
> Step: execute table commands.
> Step: calculate cell and line sizes.
> Step: build the whole table.

Underfull \hbox (badness 10000) detected at line 3287
[][][]
 []

)


Package fancyhdr Warning: \headheight is too small (12.0pt): 
(fancyhdr)                Make it at least 12.00003pt, for example:
(fancyhdr)                \setlength{\headheight}{12.00003pt}.
(fancyhdr)                You might also make \topmargin smaller:
(fancyhdr)                \addtolength{\topmargin}{-0.00003pt}.

[87]


Package fancyhdr Warning: \headheight is too small (12.0pt): 
(fancyhdr)                Make it at least 12.00003pt, for example:
(fancyhdr)                \setlength{\headheight}{12.00003pt}.
(fancyhdr)                You might also make \topmargin smaller:
(fancyhdr)                \addtolength{\topmargin}{-0.00003pt}.

[88

]
Chapter 9.
(./classConfig.tex <./classConfig_abd0c571c116924871e30444b192b792a_icgraph.pdf
>
<classConfig_abd0c571c116924871e30444b192b792a_icgraph.pdf, id=7697, 275.0275pt
 x 100.375pt>
File: classConfig_abd0c571c116924871e30444b192b792a_icgraph.pdf Graphic file (t
ype pdf)
<use classConfig_abd0c571c116924871e30444b192b792a_icgraph.pdf>
Package pdftex.def Info: classConfig_abd0c571c116924871e30444b192b792a_icgraph.
pdf  used on input line 56.
(pdftex.def)             Requested size: 274.0pt x 100.00868pt.


[89]
> Step: init table outer spec.
> Step: parse table options.
> Step: split table.
> Step: init table inner spec.
> Step: parse table inner spec.
> Step: execute table commands.
> Step: calculate cell and line sizes.
> Step: build the whole table.
> Step: init table outer spec.
> Step: parse table options.
> Step: split table.
> Step: init table inner spec.
> Step: parse table inner spec.
> Step: execute table commands.
> Step: calculate cell and line sizes.
> Step: build the whole table.
 <./classConfig_abc51a2c710c8666d27b53cc03597201d_cgraph.pdf>
<classConfig_abc51a2c710c8666d27b53cc03597201d_cgraph.pdf, id=7729, 383.4325pt 
x 329.23pt>
File: classConfig_abc51a2c710c8666d27b53cc03597201d_cgraph.pdf Graphic file (ty
pe pdf)
<use classConfig_abc51a2c710c8666d27b53cc03597201d_cgraph.pdf>
Package pdftex.def Info: classConfig_abc51a2c710c8666d27b53cc03597201d_cgraph.p
df  used on input line 81.
(pdftex.def)             Requested size: 350.0pt x 300.53918pt.

Underfull \hbox (badness 10000) detected at line 107
[][][]
 []

 <./classConfig_aaa87cc9fc950c37081b7e26280d159b5_icgraph.pdf>
<classConfig_aaa87cc9fc950c37081b7e26280d159b5_icgraph.pdf, id=7741, 356.33125p
t x 100.375pt>
File: classConfig_aaa87cc9fc950c37081b7e26280d159b5_icgraph.pdf Graphic file (t
ype pdf)
<use classConfig_aaa87cc9fc950c37081b7e26280d159b5_icgraph.pdf>
Package pdftex.def Info: classConfig_aaa87cc9fc950c37081b7e26280d159b5_icgraph.
pdf  used on input line 119.
(pdftex.def)             Requested size: 350.0pt x 98.59502pt.



Package fancyhdr Warning: \headheight is too small (12.0pt): 
(fancyhdr)                Make it at least 12.00003pt, for example:
(fancyhdr)                \setlength{\headheight}{12.00003pt}.
(fancyhdr)                You might also make \topmargin smaller:
(fancyhdr)                \addtolength{\topmargin}{-0.00003pt}.

[90]
Underfull \hbox (badness 10000) detected at line 130
[][][]
 []

 <./classConfig_a3dc0108805ae6c4c8d0ce90853504f1f_icgraph.pdf>
<classConfig_a3dc0108805ae6c4c8d0ce90853504f1f_icgraph.pdf, id=7763, 353.32pt x
 100.375pt>
File: classConfig_a3dc0108805ae6c4c8d0ce90853504f1f_icgraph.pdf Graphic file (t
ype pdf)
<use classConfig_a3dc0108805ae6c4c8d0ce90853504f1f_icgraph.pdf>
Package pdftex.def Info: classConfig_a3dc0108805ae6c4c8d0ce90853504f1f_icgraph.
pdf  used on input line 142.
(pdftex.def)             Requested size: 350.0pt x 99.4328pt.
> Step: init table outer spec.
> Step: parse table options.
> Step: split table.
> Step: init table inner spec.
> Step: parse table inner spec.
> Step: execute table commands.
> Step: calculate cell and line sizes.
> Step: build the whole table.
> Step: init table outer spec.
> Step: parse table options.
> Step: split table.
> Step: init table inner spec.
> Step: parse table inner spec.
> Step: execute table commands.
> Step: calculate cell and line sizes.
> Step: build the whole table.
 <./classConfig_a5e3336e5f83b8cea516039537861e9e6_cgraph.pdf>
<classConfig_a5e3336e5f83b8cea516039537861e9e6_cgraph.pdf, id=7773, 257.96375pt
 x 214.8025pt>
File: classConfig_a5e3336e5f83b8cea516039537861e9e6_cgraph.pdf Graphic file (ty
pe pdf)
<use classConfig_a5e3336e5f83b8cea516039537861e9e6_cgraph.pdf>
Package pdftex.def Info: classConfig_a5e3336e5f83b8cea516039537861e9e6_cgraph.p
df  used on input line 167.
(pdftex.def)             Requested size: 257.0pt x 214.01862pt.


LaTeX Font Info:    Font shape `OT1/phv/m/n' will be
(Font)              scaled to size 8.99994pt on input line 170.
LaTeX Font Info:    Font shape `OT1/phv/m/n' will be
(Font)              scaled to size 8.99994pt on input line 170.
LaTeX Font Info:    Font shape `OT1/phv/m/n' will be
(Font)              scaled to size 8.99994pt on input line 170.
LaTeX Font Info:    Font shape `OT1/phv/b/n' will be
(Font)              scaled to size 8.99994pt on input line 170.
LaTeX Font Info:    Font shape `OT1/phv/b/n' will be
(Font)              scaled to size 8.99994pt on input line 170.

Package fancyhdr Warning: \headheight is too small (12.0pt): 
(fancyhdr)                Make it at least 12.00003pt, for example:
(fancyhdr)                \setlength{\headheight}{12.00003pt}.
(fancyhdr)                You might also make \topmargin smaller:
(fancyhdr)                \addtolength{\topmargin}{-0.00003pt}.

LaTeX Font Info:    Font shape `OT1/phv/m/n' will be
(Font)              scaled to size 8.99994pt on input line 170.
LaTeX Font Info:    Font shape `OT1/phv/b/n' will be
(Font)              scaled to size 8.99994pt on input line 170.
LaTeX Font Info:    Font shape `OT1/phv/b/n' will be
(Font)              scaled to size 6.29996pt on input line 170.
LaTeX Font Info:    Font shape `OT1/phv/b/n' will be
(Font)              scaled to size 6.29996pt on input line 170.
[91] <./classConfig_a5e3336e5f83b8cea516039537861e9e6_icgraph.pdf>
<classConfig_a5e3336e5f83b8cea516039537861e9e6_icgraph.pdf, id=7791, 264.99pt x
 100.375pt>
File: classConfig_a5e3336e5f83b8cea516039537861e9e6_icgraph.pdf Graphic file (t
ype pdf)
<use classConfig_a5e3336e5f83b8cea516039537861e9e6_icgraph.pdf>
Package pdftex.def Info: classConfig_a5e3336e5f83b8cea516039537861e9e6_icgraph.
pdf  used on input line 175.
(pdftex.def)             Requested size: 264.0pt x 100.00716pt.
> Step: init table outer spec.
> Step: parse table options.
> Step: split table.
> Step: init table inner spec.
> Step: parse table inner spec.
> Step: execute table commands.
> Step: calculate cell and line sizes.
> Step: build the whole table.
> Step: init table outer spec.
> Step: parse table options.
> Step: split table.
> Step: init table inner spec.
> Step: parse table inner spec.
> Step: execute table commands.
> Step: calculate cell and line sizes.
> Step: build the whole table.
 <./classConfig_a817566065d6f1d047c96b94fc596830c_cgraph.pdf>
<classConfig_a817566065d6f1d047c96b94fc596830c_cgraph.pdf, id=7801, 260.975pt x
 214.8025pt>
File: classConfig_a817566065d6f1d047c96b94fc596830c_cgraph.pdf Graphic file (ty
pe pdf)
<use classConfig_a817566065d6f1d047c96b94fc596830c_cgraph.pdf>
Package pdftex.def Info: classConfig_a817566065d6f1d047c96b94fc596830c_cgraph.p
df  used on input line 200.
(pdftex.def)             Requested size: 260.0pt x 214.00223pt.


LaTeX Font Info:    Font shape `OT1/phv/m/n' will be
(Font)              scaled to size 8.99994pt on input line 203.
LaTeX Font Info:    Font shape `OT1/phv/m/n' will be
(Font)              scaled to size 8.99994pt on input line 203.
LaTeX Font Info:    Font shape `OT1/phv/m/n' will be
(Font)              scaled to size 8.99994pt on input line 203.
LaTeX Font Info:    Font shape `OT1/phv/b/n' will be
(Font)              scaled to size 8.99994pt on input line 203.
LaTeX Font Info:    Font shape `OT1/phv/b/n' will be
(Font)              scaled to size 8.99994pt on input line 203.

Package fancyhdr Warning: \headheight is too small (12.0pt): 
(fancyhdr)                Make it at least 12.00003pt, for example:
(fancyhdr)                \setlength{\headheight}{12.00003pt}.
(fancyhdr)                You might also make \topmargin smaller:
(fancyhdr)                \addtolength{\topmargin}{-0.00003pt}.

LaTeX Font Info:    Font shape `OT1/phv/m/n' will be
(Font)              scaled to size 8.99994pt on input line 203.
LaTeX Font Info:    Font shape `OT1/phv/b/n' will be
(Font)              scaled to size 8.99994pt on input line 203.
LaTeX Font Info:    Font shape `OT1/phv/b/n' will be
(Font)              scaled to size 6.29996pt on input line 203.
LaTeX Font Info:    Font shape `OT1/phv/b/n' will be
(Font)              scaled to size 6.29996pt on input line 203.
[92] <./classConfig_a817566065d6f1d047c96b94fc596830c_icgraph.pdf>
<classConfig_a817566065d6f1d047c96b94fc596830c_icgraph.pdf, id=7818, 268.00125p
t x 100.375pt>
File: classConfig_a817566065d6f1d047c96b94fc596830c_icgraph.pdf Graphic file (t
ype pdf)
<use classConfig_a817566065d6f1d047c96b94fc596830c_icgraph.pdf>
Package pdftex.def Info: classConfig_a817566065d6f1d047c96b94fc596830c_icgraph.
pdf  used on input line 208.
(pdftex.def)             Requested size: 267.0pt x 99.9995pt.
)
(./classGgApp.tex


Package fancyhdr Warning: \headheight is too small (12.0pt): 
(fancyhdr)                Make it at least 12.00003pt, for example:
(fancyhdr)                \setlength{\headheight}{12.00003pt}.
(fancyhdr)                You might also make \topmargin smaller:
(fancyhdr)                \addtolength{\topmargin}{-0.00003pt}.

[93]
> Step: init table outer spec.
> Step: parse table options.
> Step: split table.
> Step: init table inner spec.
> Step: parse table inner spec.
> Step: execute table commands.
> Step: calculate cell and line sizes.
> Step: build the whole table.
> Step: init table outer spec.
> Step: parse table options.
> Step: split table.
> Step: init table inner spec.
> Step: parse table inner spec.
> Step: execute table commands.
> Step: calculate cell and line sizes.
> Step: build the whole table.
 <./classGgApp_a612eb78a646538d6441a25cfcd6d88d8_icgraph.pdf>
<classGgApp_a612eb78a646538d6441a25cfcd6d88d8_icgraph.pdf, id=7863, 292.09125pt
 x 214.8025pt>
File: classGgApp_a612eb78a646538d6441a25cfcd6d88d8_icgraph.pdf Graphic file (ty
pe pdf)
<use classGgApp_a612eb78a646538d6441a25cfcd6d88d8_icgraph.pdf>
Package pdftex.def Info: classGgApp_a612eb78a646538d6441a25cfcd6d88d8_icgraph.p
df  used on input line 70.
(pdftex.def)             Requested size: 291.0pt x 214.01862pt.
> Step: init table outer spec.
> Step: parse table options.
> Step: split table.
> Step: init table inner spec.
> Step: parse table inner spec.
> Step: execute table commands.
> Step: calculate cell and line sizes.
> Step: build the whole table.
> Step: init table outer spec.
> Step: parse table options.
> Step: split table.
> Step: init table inner spec.
> Step: parse table inner spec.
> Step: execute table commands.
> Step: calculate cell and line sizes.
> Step: build the whole table.



Package fancyhdr Warning: \headheight is too small (12.0pt): 
(fancyhdr)                Make it at least 12.00003pt, for example:
(fancyhdr)                \setlength{\headheight}{12.00003pt}.
(fancyhdr)                You might also make \topmargin smaller:
(fancyhdr)                \addtolength{\topmargin}{-0.00003pt}.

[94] <./classGgApp_af905bd13f79aa30dd7f0a55ce9b67526_cgraph.pdf>
<classGgApp_af905bd13f79aa30dd7f0a55ce9b67526_cgraph.pdf, id=7891, 281.05pt x 1
00.375pt>
File: classGgApp_af905bd13f79aa30dd7f0a55ce9b67526_cgraph.pdf Graphic file (typ
e pdf)
<use classGgApp_af905bd13f79aa30dd7f0a55ce9b67526_cgraph.pdf>
Package pdftex.def Info: classGgApp_af905bd13f79aa30dd7f0a55ce9b67526_cgraph.pd
f  used on input line 91.
(pdftex.def)             Requested size: 280.0pt x 100.00562pt.
> Step: init table outer spec.
> Step: parse table options.
> Step: split table.
> Step: init table inner spec.
> Step: parse table inner spec.
> Step: execute table commands.
> Step: calculate cell and line sizes.
> Step: build the whole table.
> Step: init table outer spec.
> Step: parse table options.
> Step: split table.
> Step: init table inner spec.
> Step: parse table inner spec.
> Step: execute table commands.
> Step: calculate cell and line sizes.
> Step: build the whole table.
 <./classGgApp_a3dcd6fed8efd0db4dd882ab59d3d5a30_cgraph.pdf>
<classGgApp_a3dcd6fed8efd0db4dd882ab59d3d5a30_cgraph.pdf, id=7900, 281.05pt x 1
00.375pt>
File: classGgApp_a3dcd6fed8efd0db4dd882ab59d3d5a30_cgraph.pdf Graphic file (typ
e pdf)
<use classGgApp_a3dcd6fed8efd0db4dd882ab59d3d5a30_cgraph.pdf>
Package pdftex.def Info: classGgApp_a3dcd6fed8efd0db4dd882ab59d3d5a30_cgraph.pd
f  used on input line 112.
(pdftex.def)             Requested size: 280.0pt x 100.00562pt.

Underfull \hbox (badness 10000) detected at line 138
[][][]
 []

 <./classGgApp_ad1955da79da506e73e4dabb2673e2363_icgraph.pdf>
<classGgApp_ad1955da79da506e73e4dabb2673e2363_icgraph.pdf, id=7912, 374.39874pt
 x 100.375pt>
File: classGgApp_ad1955da79da506e73e4dabb2673e2363_icgraph.pdf Graphic file (ty
pe pdf)
<use classGgApp_ad1955da79da506e73e4dabb2673e2363_icgraph.pdf>
Package pdftex.def Info: classGgApp_ad1955da79da506e73e4dabb2673e2363_icgraph.p
df  used on input line 150.
(pdftex.def)             Requested size: 350.0pt x 93.8394pt.



Package fancyhdr Warning: \headheight is too small (12.0pt): 
(fancyhdr)                Make it at least 12.00003pt, for example:
(fancyhdr)                \setlength{\headheight}{12.00003pt}.
(fancyhdr)                You might also make \topmargin smaller:
(fancyhdr)                \addtolength{\topmargin}{-0.00003pt}.

[95]
> Step: init table outer spec.
> Step: parse table options.
> Step: split table.
> Step: init table inner spec.
> Step: parse table inner spec.
> Step: execute table commands.
> Step: calculate cell and line sizes.
> Step: build the whole table.
> Step: init table outer spec.
> Step: parse table options.
> Step: split table.
> Step: init table inner spec.
> Step: parse table inner spec.
> Step: execute table commands.
> Step: calculate cell and line sizes.
> Step: build the whole table.

Underfull \hbox (badness 10000) detected at line 168
[][][]
 []

 <./classGgApp_ad2e50a5e84d4fd6162e03039ac00c7ae_cgraph.pdf>
<classGgApp_ad2e50a5e84d4fd6162e03039ac00c7ae_cgraph.pdf, id=7934, 529.98pt x 5
82.175pt>
File: classGgApp_ad2e50a5e84d4fd6162e03039ac00c7ae_cgraph.pdf Graphic file (typ
e pdf)
<use classGgApp_ad2e50a5e84d4fd6162e03039ac00c7ae_cgraph.pdf>
Package pdftex.def Info: classGgApp_ad2e50a5e84d4fd6162e03039ac00c7ae_cgraph.pd
f  used on input line 180.
(pdftex.def)             Requested size: 350.0pt x 384.47653pt.


LaTeX Font Info:    Font shape `OT1/phv/m/n' will be
(Font)              scaled to size 8.99994pt on input line 183.
LaTeX Font Info:    Font shape `OT1/phv/m/n' will be
(Font)              scaled to size 8.99994pt on input line 183.
LaTeX Font Info:    Font shape `OT1/phv/m/n' will be
(Font)              scaled to size 8.99994pt on input line 183.
LaTeX Font Info:    Font shape `OT1/phv/b/n' will be
(Font)              scaled to size 8.99994pt on input line 183.
LaTeX Font Info:    Font shape `OT1/phv/b/n' will be
(Font)              scaled to size 8.99994pt on input line 183.

Package fancyhdr Warning: \headheight is too small (12.0pt): 
(fancyhdr)                Make it at least 12.00003pt, for example:
(fancyhdr)                \setlength{\headheight}{12.00003pt}.
(fancyhdr)                You might also make \topmargin smaller:
(fancyhdr)                \addtolength{\topmargin}{-0.00003pt}.

LaTeX Font Info:    Font shape `OT1/phv/m/n' will be
(Font)              scaled to size 8.99994pt on input line 183.
LaTeX Font Info:    Font shape `OT1/phv/b/n' will be
(Font)              scaled to size 8.99994pt on input line 183.
LaTeX Font Info:    Font shape `OT1/phv/b/n' will be
(Font)              scaled to size 6.29996pt on input line 183.
LaTeX Font Info:    Font shape `OT1/phv/b/n' will be
(Font)              scaled to size 6.29996pt on input line 183.
[96] <./classGgApp_ad2e50a5e84d4fd6162e03039ac00c7ae_icgraph.pdf>
<classGgApp_ad2e50a5e84d4fd6162e03039ac00c7ae_icgraph.pdf, id=7952, 226.8475pt 
x 100.375pt>
File: classGgApp_ad2e50a5e84d4fd6162e03039ac00c7ae_icgraph.pdf Graphic file (ty
pe pdf)
<use classGgApp_ad2e50a5e84d4fd6162e03039ac00c7ae_icgraph.pdf>
Package pdftex.def Info: classGgApp_ad2e50a5e84d4fd6162e03039ac00c7ae_icgraph.p
df  used on input line 188.
(pdftex.def)             Requested size: 226.0pt x 100.00102pt.
> Step: init table outer spec.
> Step: parse table options.
> Step: split table.
> Step: init table inner spec.
> Step: parse table inner spec.
> Step: execute table commands.
> Step: calculate cell and line sizes.
> Step: build the whole table.
> Step: init table outer spec.
> Step: parse table options.
> Step: split table.
> Step: init table inner spec.
> Step: parse table inner spec.
> Step: execute table commands.
> Step: calculate cell and line sizes.
> Step: build the whole table.



Package fancyhdr Warning: \headheight is too small (12.0pt): 
(fancyhdr)                Make it at least 12.00003pt, for example:
(fancyhdr)                \setlength{\headheight}{12.00003pt}.
(fancyhdr)                You might also make \topmargin smaller:
(fancyhdr)                \addtolength{\topmargin}{-0.00003pt}.

[97]
Underfull \hbox (badness 10000) detected at line 204
[][][]
 []

 <./classGgApp_a29bae97040d59fbf2a046c4e47e99de2_cgraph.pdf>
<classGgApp_a29bae97040d59fbf2a046c4e47e99de2_cgraph.pdf, id=7970, 292.09125pt 
x 100.375pt>
File: classGgApp_a29bae97040d59fbf2a046c4e47e99de2_cgraph.pdf Graphic file (typ
e pdf)
<use classGgApp_a29bae97040d59fbf2a046c4e47e99de2_cgraph.pdf>
Package pdftex.def Info: classGgApp_a29bae97040d59fbf2a046c4e47e99de2_cgraph.pd
f  used on input line 212.
(pdftex.def)             Requested size: 291.0pt x 100.00868pt.
> Step: init table outer spec.
> Step: parse table options.
> Step: split table.
> Step: init table inner spec.
> Step: parse table inner spec.
> Step: execute table commands.
> Step: calculate cell and line sizes.
> Step: build the whole table.
> Step: init table outer spec.
> Step: parse table options.
> Step: split table.
> Step: init table inner spec.
> Step: parse table inner spec.
> Step: execute table commands.
> Step: calculate cell and line sizes.
> Step: build the whole table.

Underfull \hbox (badness 10000) detected at line 228
[][][]
 []

 <./classGgApp_a8772cedbd09638d96a55e434e8bd1430_cgraph.pdf>
<classGgApp_a8772cedbd09638d96a55e434e8bd1430_cgraph.pdf, id=7980, 292.09125pt 
x 100.375pt>
File: classGgApp_a8772cedbd09638d96a55e434e8bd1430_cgraph.pdf Graphic file (typ
e pdf)
<use classGgApp_a8772cedbd09638d96a55e434e8bd1430_cgraph.pdf>
Package pdftex.def Info: classGgApp_a8772cedbd09638d96a55e434e8bd1430_cgraph.pd
f  used on input line 236.
(pdftex.def)             Requested size: 291.0pt x 100.00868pt.
)
(./classgg_1_1GgBuffer.tex


Package fancyhdr Warning: \headheight is too small (12.0pt): 
(fancyhdr)                Make it at least 12.00003pt, for example:
(fancyhdr)                \setlength{\headheight}{12.00003pt}.
(fancyhdr)                You might also make \topmargin smaller:
(fancyhdr)                \addtolength{\topmargin}{-0.00003pt}.

[98]
Underfull \hbox (badness 10000) detected at line 53
[][][]
 []

> Step: init table outer spec.
> Step: parse table options.
> Step: split table.
> Step: init table inner spec.
> Step: parse table inner spec.
> Step: execute table commands.
> Step: calculate cell and line sizes.
> Step: build the whole table.
> Step: init table outer spec.
> Step: parse table options.
> Step: split table.
> Step: init table inner spec.
> Step: parse table inner spec.
> Step: execute table commands.
> Step: calculate cell and line sizes.
> Step: build the whole table.
 <./classgg_1_1GgBuffer_a6073ce01bd09b5a2b4893e33c108167e_icgraph.pdf>
<classgg_1_1GgBuffer_a6073ce01bd09b5a2b4893e33c108167e_icgraph.pdf, id=8028, 35
0.30875pt x 214.8025pt>
File: classgg_1_1GgBuffer_a6073ce01bd09b5a2b4893e33c108167e_icgraph.pdf Graphic
 file (type pdf)
<use classgg_1_1GgBuffer_a6073ce01bd09b5a2b4893e33c108167e_icgraph.pdf>
Package pdftex.def Info: classgg_1_1GgBuffer_a6073ce01bd09b5a2b4893e33c108167e_
icgraph.pdf  used on input line 96.
(pdftex.def)             Requested size: 349.0pt x 214.01534pt.



Package fancyhdr Warning: \headheight is too small (12.0pt): 
(fancyhdr)                Make it at least 12.00003pt, for example:
(fancyhdr)                \setlength{\headheight}{12.00003pt}.
(fancyhdr)                You might also make \topmargin smaller:
(fancyhdr)                \addtolength{\topmargin}{-0.00003pt}.

[99]
> Step: init table outer spec.
> Step: parse table options.
> Step: split table.
> Step: init table inner spec.
> Step: parse table inner spec.
> Step: execute table commands.
> Step: calculate cell and line sizes.
> Step: build the whole table.
> Step: init table outer spec.
> Step: parse table options.
> Step: split table.
> Step: init table inner spec.
> Step: parse table inner spec.
> Step: execute table commands.
> Step: calculate cell and line sizes.
> Step: build the whole table.
 <./classgg_1_1GgBuffer_a294c71621a6e6b1368fe20e3858b64ec_cgraph.pdf>
<classgg_1_1GgBuffer_a294c71621a6e6b1368fe20e3858b64ec_cgraph.pdf, id=8065, 347
.2975pt x 100.375pt>
File: classgg_1_1GgBuffer_a294c71621a6e6b1368fe20e3858b64ec_cgraph.pdf Graphic 
file (type pdf)
<use classgg_1_1GgBuffer_a294c71621a6e6b1368fe20e3858b64ec_cgraph.pdf>
Package pdftex.def Info: classgg_1_1GgBuffer_a294c71621a6e6b1368fe20e3858b64ec_
cgraph.pdf  used on input line 118.
(pdftex.def)             Requested size: 346.0pt x 100.00409pt.
> Step: init table outer spec.
> Step: parse table options.
> Step: split table.
> Step: init table inner spec.
> Step: parse table inner spec.
> Step: execute table commands.
> Step: calculate cell and line sizes.
> Step: build the whole table.
> Step: init table outer spec.
> Step: parse table options.
> Step: split table.
> Step: init table inner spec.
> Step: parse table inner spec.
> Step: execute table commands.
> Step: calculate cell and line sizes.
> Step: build the whole table.



Package fancyhdr Warning: \headheight is too small (12.0pt): 
(fancyhdr)                Make it at least 12.00003pt, for example:
(fancyhdr)                \setlength{\headheight}{12.00003pt}.
(fancyhdr)                You might also make \topmargin smaller:
(fancyhdr)                \addtolength{\topmargin}{-0.00003pt}.

[100] <./classgg_1_1GgBuffer_a175e7b30946f1040bf9f35d9af8430aa_cgraph.pdf>
<classgg_1_1GgBuffer_a175e7b30946f1040bf9f35d9af8430aa_cgraph.pdf, id=8083, 347
.2975pt x 100.375pt>
File: classgg_1_1GgBuffer_a175e7b30946f1040bf9f35d9af8430aa_cgraph.pdf Graphic 
file (type pdf)
<use classgg_1_1GgBuffer_a175e7b30946f1040bf9f35d9af8430aa_cgraph.pdf>
Package pdftex.def Info: classgg_1_1GgBuffer_a175e7b30946f1040bf9f35d9af8430aa_
cgraph.pdf  used on input line 140.
(pdftex.def)             Requested size: 346.0pt x 100.00409pt.
> Step: init table outer spec.
> Step: parse table options.
> Step: split table.
> Step: init table inner spec.
> Step: parse table inner spec.
> Step: execute table commands.
> Step: calculate cell and line sizes.
> Step: build the whole table.
> Step: init table outer spec.
> Step: parse table options.
> Step: split table.
> Step: init table inner spec.
> Step: parse table inner spec.
> Step: execute table commands.
> Step: calculate cell and line sizes.
> Step: build the whole table.
 <./classgg_1_1GgBuffer_a30cfc7b79da921f4a5d0412ea6780522_cgraph.pdf>
<classgg_1_1GgBuffer_a30cfc7b79da921f4a5d0412ea6780522_cgraph.pdf, id=8107, 331
.2375pt x 138.5175pt>
File: classgg_1_1GgBuffer_a30cfc7b79da921f4a5d0412ea6780522_cgraph.pdf Graphic 
file (type pdf)
<use classgg_1_1GgBuffer_a30cfc7b79da921f4a5d0412ea6780522_cgraph.pdf>
Package pdftex.def Info: classgg_1_1GgBuffer_a30cfc7b79da921f4a5d0412ea6780522_
cgraph.pdf  used on input line 199.
(pdftex.def)             Requested size: 330.0pt x 138.00565pt.



Package fancyhdr Warning: \headheight is too small (12.0pt): 
(fancyhdr)                Make it at least 12.00003pt, for example:
(fancyhdr)                \setlength{\headheight}{12.00003pt}.
(fancyhdr)                You might also make \topmargin smaller:
(fancyhdr)                \addtolength{\topmargin}{-0.00003pt}.

[101]
Underfull \hbox (badness 10000) detected at line 211
[][][]
 []


Underfull \hbox (badness 10000) detected at line 227
[][][]
 []

 <./classgg_1_1GgBuffer_a7c057bb71cf443429b4d27cf60140df8_icgraph.pdf>
<classgg_1_1GgBuffer_a7c057bb71cf443429b4d27cf60140df8_icgraph.pdf, id=8134, 33
1.2375pt x 214.8025pt>
File: classgg_1_1GgBuffer_a7c057bb71cf443429b4d27cf60140df8_icgraph.pdf Graphic
 file (type pdf)
<use classgg_1_1GgBuffer_a7c057bb71cf443429b4d27cf60140df8_icgraph.pdf>
Package pdftex.def Info: classgg_1_1GgBuffer_a7c057bb71cf443429b4d27cf60140df8_
icgraph.pdf  used on input line 239.
(pdftex.def)             Requested size: 330.0pt x 214.00877pt.



Package fancyhdr Warning: \headheight is too small (12.0pt): 
(fancyhdr)                Make it at least 12.00003pt, for example:
(fancyhdr)                \setlength{\headheight}{12.00003pt}.
(fancyhdr)                You might also make \topmargin smaller:
(fancyhdr)                \addtolength{\topmargin}{-0.00003pt}.

[102]
Underfull \hbox (badness 10000) detected at line 251
[][][]
 []

 <./classgg_1_1GgBuffer_ad47094790f7d71b016ff9e3c677eea30_icgraph.pdf>
<classgg_1_1GgBuffer_ad47094790f7d71b016ff9e3c677eea30_icgraph.pdf, id=8154, 33
1.2375pt x 252.945pt>
File: classgg_1_1GgBuffer_ad47094790f7d71b016ff9e3c677eea30_icgraph.pdf Graphic
 file (type pdf)
<use classgg_1_1GgBuffer_ad47094790f7d71b016ff9e3c677eea30_icgraph.pdf>
Package pdftex.def Info: classgg_1_1GgBuffer_ad47094790f7d71b016ff9e3c677eea30_
icgraph.pdf  used on input line 263.
(pdftex.def)             Requested size: 330.0pt x 252.01035pt.

Underfull \hbox (badness 10000) detected at line 275
[][][]
 []


Underfull \hbox (badness 10000) detected at line 291
[][][]
 []

 <./classgg_1_1GgBuffer_aa24e72390ee3728bbba12e04aa5a6986_cgraph.pdf>
<classgg_1_1GgBuffer_aa24e72390ee3728bbba12e04aa5a6986_cgraph.pdf, id=8168, 328
.22626pt x 100.375pt>
File: classgg_1_1GgBuffer_aa24e72390ee3728bbba12e04aa5a6986_cgraph.pdf Graphic 
file (type pdf)
<use classgg_1_1GgBuffer_aa24e72390ee3728bbba12e04aa5a6986_cgraph.pdf>
Package pdftex.def Info: classgg_1_1GgBuffer_aa24e72390ee3728bbba12e04aa5a6986_
cgraph.pdf  used on input line 303.
(pdftex.def)             Requested size: 327.0pt x 100.00102pt.



Package fancyhdr Warning: \headheight is too small (12.0pt): 
(fancyhdr)                Make it at least 12.00003pt, for example:
(fancyhdr)                \setlength{\headheight}{12.00003pt}.
(fancyhdr)                You might also make \topmargin smaller:
(fancyhdr)                \addtolength{\topmargin}{-0.00003pt}.

[103]
> Step: init table outer spec.
> Step: parse table options.
> Step: split table.
> Step: init table inner spec.
> Step: parse table inner spec.
> Step: execute table commands.
> Step: calculate cell and line sizes.
> Step: build the whole table.
> Step: init table outer spec.
> Step: parse table options.
> Step: split table.
> Step: init table inner spec.
> Step: parse table inner spec.
> Step: execute table commands.
> Step: calculate cell and line sizes.
> Step: build the whole table.

Underfull \hbox (badness 10000) detected at line 322
[][][]
 []

 <./classgg_1_1GgBuffer_a9b567fbd4e34c730b30d4320ccc86a6a_cgraph.pdf>
<classgg_1_1GgBuffer_a9b567fbd4e34c730b30d4320ccc86a6a_cgraph.pdf, id=8187, 329
.23pt x 138.5175pt>
File: classgg_1_1GgBuffer_a9b567fbd4e34c730b30d4320ccc86a6a_cgraph.pdf Graphic 
file (type pdf)
<use classgg_1_1GgBuffer_a9b567fbd4e34c730b30d4320ccc86a6a_cgraph.pdf>
Package pdftex.def Info: classgg_1_1GgBuffer_a9b567fbd4e34c730b30d4320ccc86a6a_
cgraph.pdf  used on input line 334.
(pdftex.def)             Requested size: 328.0pt x 138.00354pt.
> Step: init table outer spec.
> Step: parse table options.
> Step: split table.
> Step: init table inner spec.
> Step: parse table inner spec.
> Step: execute table commands.
> Step: calculate cell and line sizes.
> Step: build the whole table.
> Step: init table outer spec.
> Step: parse table options.
> Step: split table.
> Step: init table inner spec.
> Step: parse table inner spec.
> Step: execute table commands.
> Step: calculate cell and line sizes.
> Step: build the whole table.



Package fancyhdr Warning: \headheight is too small (12.0pt): 
(fancyhdr)                Make it at least 12.00003pt, for example:
(fancyhdr)                \setlength{\headheight}{12.00003pt}.
(fancyhdr)                You might also make \topmargin smaller:
(fancyhdr)                \addtolength{\topmargin}{-0.00003pt}.

[104]


Package fancyhdr Warning: \headheight is too small (12.0pt): 
(fancyhdr)                Make it at least 12.00003pt, for example:
(fancyhdr)                \setlength{\headheight}{12.00003pt}.
(fancyhdr)                You might also make \topmargin smaller:
(fancyhdr)                \addtolength{\topmargin}{-0.00003pt}.

[105]
Underfull \hbox (badness 10000) detected at line 351
[][][]
 []

 <./classgg_1_1GgBuffer_a4fbe7fc6d7bc5b37fbb3667734c9618f_cgraph.pdf>
<classgg_1_1GgBuffer_a4fbe7fc6d7bc5b37fbb3667734c9618f_cgraph.pdf, id=8213, 350
.30875pt x 100.375pt>
File: classgg_1_1GgBuffer_a4fbe7fc6d7bc5b37fbb3667734c9618f_cgraph.pdf Graphic 
file (type pdf)
<use classgg_1_1GgBuffer_a4fbe7fc6d7bc5b37fbb3667734c9618f_cgraph.pdf>
Package pdftex.def Info: classgg_1_1GgBuffer_a4fbe7fc6d7bc5b37fbb3667734c9618f_
cgraph.pdf  used on input line 359.
(pdftex.def)             Requested size: 349.0pt x 100.00716pt.
> Step: init table outer spec.
> Step: parse table options.
> Step: split table.
> Step: init table inner spec.
> Step: parse table inner spec.
> Step: execute table commands.
> Step: calculate cell and line sizes.
> Step: build the whole table.
> Step: init table outer spec.
> Step: parse table options.
> Step: split table.
> Step: init table inner spec.
> Step: parse table inner spec.
> Step: execute table commands.
> Step: calculate cell and line sizes.
> Step: build the whole table.

Underfull \hbox (badness 10000) detected at line 376
[][][]
 []

 <./classgg_1_1GgBuffer_ae4887f225747a37dee8fe73c7036f295_cgraph.pdf>
<classgg_1_1GgBuffer_ae4887f225747a37dee8fe73c7036f295_cgraph.pdf, id=8224, 350
.30875pt x 100.375pt>
File: classgg_1_1GgBuffer_ae4887f225747a37dee8fe73c7036f295_cgraph.pdf Graphic 
file (type pdf)
<use classgg_1_1GgBuffer_ae4887f225747a37dee8fe73c7036f295_cgraph.pdf>
Package pdftex.def Info: classgg_1_1GgBuffer_ae4887f225747a37dee8fe73c7036f295_
cgraph.pdf  used on input line 384.
(pdftex.def)             Requested size: 349.0pt x 100.00716pt.
> Step: init table outer spec.
> Step: parse table options.
> Step: split table.
> Step: init table inner spec.
> Step: parse table inner spec.
> Step: execute table commands.
> Step: calculate cell and line sizes.
> Step: build the whole table.
> Step: init table outer spec.
> Step: parse table options.
> Step: split table.
> Step: init table inner spec.
> Step: parse table inner spec.
> Step: execute table commands.
> Step: calculate cell and line sizes.
> Step: build the whole table.



Package fancyhdr Warning: \headheight is too small (12.0pt): 
(fancyhdr)                Make it at least 12.00003pt, for example:
(fancyhdr)                \setlength{\headheight}{12.00003pt}.
(fancyhdr)                You might also make \topmargin smaller:
(fancyhdr)                \addtolength{\topmargin}{-0.00003pt}.

[106] <./classgg_1_1GgBuffer_a42fb5b6c8f42841b6054d3313033b7c5_cgraph.pdf>
<classgg_1_1GgBuffer_a42fb5b6c8f42841b6054d3313033b7c5_cgraph.pdf, id=8245, 329
.23pt x 138.5175pt>
File: classgg_1_1GgBuffer_a42fb5b6c8f42841b6054d3313033b7c5_cgraph.pdf Graphic 
file (type pdf)
<use classgg_1_1GgBuffer_a42fb5b6c8f42841b6054d3313033b7c5_cgraph.pdf>
Package pdftex.def Info: classgg_1_1GgBuffer_a42fb5b6c8f42841b6054d3313033b7c5_
cgraph.pdf  used on input line 414.
(pdftex.def)             Requested size: 328.0pt x 138.00354pt.
> Step: init table outer spec.
> Step: parse table options.
> Step: split table.
> Step: init table inner spec.
> Step: parse table inner spec.
> Step: execute table commands.
> Step: calculate cell and line sizes.
> Step: build the whole table.
> Step: init table outer spec.
> Step: parse table options.
> Step: split table.
> Step: init table inner spec.
> Step: parse table inner spec.
> Step: execute table commands.
> Step: calculate cell and line sizes.
> Step: build the whole table.
 <./classgg_1_1GgBuffer_a479120414c50643ebcfb93f3f2f59ed7_cgraph.pdf>
<classgg_1_1GgBuffer_a479120414c50643ebcfb93f3f2f59ed7_cgraph.pdf, id=8256, 331
.2375pt x 138.5175pt>
File: classgg_1_1GgBuffer_a479120414c50643ebcfb93f3f2f59ed7_cgraph.pdf Graphic 
file (type pdf)
<use classgg_1_1GgBuffer_a479120414c50643ebcfb93f3f2f59ed7_cgraph.pdf>
Package pdftex.def Info: classgg_1_1GgBuffer_a479120414c50643ebcfb93f3f2f59ed7_
cgraph.pdf  used on input line 444.
(pdftex.def)             Requested size: 330.0pt x 138.00565pt.



Package fancyhdr Warning: \headheight is too small (12.0pt): 
(fancyhdr)                Make it at least 12.00003pt, for example:
(fancyhdr)                \setlength{\headheight}{12.00003pt}.
(fancyhdr)                You might also make \topmargin smaller:
(fancyhdr)                \addtolength{\topmargin}{-0.00003pt}.

[107]) (./classgg_1_1GgColorTexture.tex
Underfull \hbox (badness 1000) in paragraph at lines 18--20
[]\OT1/phv/m/n/10 void [] (const GLvoid $\OMS/cmsy/m/n/10 ^^C$\OT1/phv/m/n/10 i
mage, GL-sizei width, GL-sizei height, GLenum format=GL[][][][]RGB, GLenum
 []


Underfull \hbox (badness 10000) detected at line 47
[][][]
 []




Package fancyhdr Warning: \headheight is too small (12.0pt): 
(fancyhdr)                Make it at least 12.00003pt, for example:
(fancyhdr)                \setlength{\headheight}{12.00003pt}.
(fancyhdr)                You might also make \topmargin smaller:
(fancyhdr)                \addtolength{\topmargin}{-0.00003pt}.

[108]
> Step: init table outer spec.
> Step: parse table options.
> Step: split table.
> Step: init table inner spec.
> Step: parse table inner spec.
> Step: execute table commands.
> Step: calculate cell and line sizes.
> Step: build the whole table.
> Step: init table outer spec.
> Step: parse table options.
> Step: split table.
> Step: init table inner spec.
> Step: parse table inner spec.
> Step: execute table commands.
> Step: calculate cell and line sizes.
> Step: build the whole table.
 <./classgg_1_1GgColorTexture_ae8565003fd5b169fe21027803d642ec1_cgraph.pdf>
<classgg_1_1GgColorTexture_ae8565003fd5b169fe21027803d642ec1_cgraph.pdf, id=833
1, 319.1925pt x 112.42pt>
File: classgg_1_1GgColorTexture_ae8565003fd5b169fe21027803d642ec1_cgraph.pdf Gr
aphic file (type pdf)
<use classgg_1_1GgColorTexture_ae8565003fd5b169fe21027803d642ec1_cgraph.pdf>
Package pdftex.def Info: classgg_1_1GgColorTexture_ae8565003fd5b169fe21027803d6
42ec1_cgraph.pdf  used on input line 105.
(pdftex.def)             Requested size: 318.0pt x 112.00116pt.
> Step: init table outer spec.
> Step: parse table options.
> Step: split table.
> Step: init table inner spec.
> Step: parse table inner spec.
> Step: execute table commands.
> Step: calculate cell and line sizes.


Package tabularray Warning: Table width is too small, need 37.65964pt more!

> Step: build the whole table.
> Step: init table outer spec.
> Step: parse table options.
> Step: split table.
> Step: init table inner spec.
> Step: parse table inner spec.
> Step: execute table commands.
> Step: calculate cell and line sizes.
> Step: build the whole table.



Package fancyhdr Warning: \headheight is too small (12.0pt): 
(fancyhdr)                Make it at least 12.00003pt, for example:
(fancyhdr)                \setlength{\headheight}{12.00003pt}.
(fancyhdr)                You might also make \topmargin smaller:
(fancyhdr)                \addtolength{\topmargin}{-0.00003pt}.

[109] <./classgg_1_1GgColorTexture_a903ecf406da9f95a19dc908d00bdf229_cgraph.pdf
>
<classgg_1_1GgColorTexture_a903ecf406da9f95a19dc908d00bdf229_cgraph.pdf, id=835
0, 319.1925pt x 112.42pt>
File: classgg_1_1GgColorTexture_a903ecf406da9f95a19dc908d00bdf229_cgraph.pdf Gr
aphic file (type pdf)
<use classgg_1_1GgColorTexture_a903ecf406da9f95a19dc908d00bdf229_cgraph.pdf>
Package pdftex.def Info: classgg_1_1GgColorTexture_a903ecf406da9f95a19dc908d00b
df229_cgraph.pdf  used on input line 134.
(pdftex.def)             Requested size: 318.0pt x 112.00116pt.

Underfull \hbox (badness 10000) detected at line 170
[][][]
 []


Underfull \hbox (badness 10000) detected at line 185
[][][]
 []


Underfull \hbox (badness 10000) detected at line 200
[][][]
 []




Package fancyhdr Warning: \headheight is too small (12.0pt): 
(fancyhdr)                Make it at least 12.00003pt, for example:
(fancyhdr)                \setlength{\headheight}{12.00003pt}.
(fancyhdr)                You might also make \topmargin smaller:
(fancyhdr)                \addtolength{\topmargin}{-0.00003pt}.

[110]
> Step: init table outer spec.
> Step: parse table options.
> Step: split table.
> Step: init table inner spec.
> Step: parse table inner spec.
> Step: execute table commands.
> Step: calculate cell and line sizes.
> Step: build the whole table.
> Step: init table outer spec.
> Step: parse table options.
> Step: split table.
> Step: init table inner spec.
> Step: parse table inner spec.
> Step: execute table commands.
> Step: calculate cell and line sizes.
> Step: build the whole table.

Underfull \hbox (badness 10000) detected at line 232
[][][]
 []


Underfull \hbox (badness 10000) detected at line 247
[][][]
 []

> Step: init table outer spec.
> Step: parse table options.
> Step: split table.
> Step: init table inner spec.
> Step: parse table inner spec.
> Step: execute table commands.
> Step: calculate cell and line sizes.

Package tabularray Warning: Table width is too small, need 110.77289pt more!

> Step: build the whole table.
> Step: init table outer spec.
> Step: parse table options.
> Step: split table.
> Step: init table inner spec.
> Step: parse table inner spec.
> Step: execute table commands.
> Step: calculate cell and line sizes.
> Step: build the whole table.



Package fancyhdr Warning: \headheight is too small (12.0pt): 
(fancyhdr)                Make it at least 12.00003pt, for example:
(fancyhdr)                \setlength{\headheight}{12.00003pt}.
(fancyhdr)                You might also make \topmargin smaller:
(fancyhdr)                \addtolength{\topmargin}{-0.00003pt}.

[111] <./classgg_1_1GgColorTexture_aab0f5a583d503f5c94b5986781c57961_icgraph.pd
f>
<classgg_1_1GgColorTexture_aab0f5a583d503f5c94b5986781c57961_icgraph.pdf, id=84
01, 319.1925pt x 162.6075pt>
File: classgg_1_1GgColorTexture_aab0f5a583d503f5c94b5986781c57961_icgraph.pdf G
raphic file (type pdf)
<use classgg_1_1GgColorTexture_aab0f5a583d503f5c94b5986781c57961_icgraph.pdf>
Package pdftex.def Info: classgg_1_1GgColorTexture_aab0f5a583d503f5c94b5986781c
57961_icgraph.pdf  used on input line 290.
(pdftex.def)             Requested size: 318.0pt x 162.00168pt.
> Step: init table outer spec.
> Step: parse table options.
> Step: split table.
> Step: init table inner spec.
> Step: parse table inner spec.
> Step: execute table commands.
> Step: calculate cell and line sizes.


Package tabularray Warning: Table width is too small, need 110.77289pt more!

> Step: build the whole table.
> Step: init table outer spec.
> Step: parse table options.
> Step: split table.
> Step: init table inner spec.
> Step: parse table inner spec.
> Step: execute table commands.
> Step: calculate cell and line sizes.
> Step: build the whole table.
 <./classgg_1_1GgColorTexture_afdc734fb5c415a9f5b86e1b13e7ee7d6_cgraph.pdf>
<classgg_1_1GgColorTexture_afdc734fb5c415a9f5b86e1b13e7ee7d6_cgraph.pdf, id=841
1, 419.5675pt x 112.42pt>
File: classgg_1_1GgColorTexture_afdc734fb5c415a9f5b86e1b13e7ee7d6_cgraph.pdf Gr
aphic file (type pdf)
<use classgg_1_1GgColorTexture_afdc734fb5c415a9f5b86e1b13e7ee7d6_cgraph.pdf>
Package pdftex.def Info: classgg_1_1GgColorTexture_afdc734fb5c415a9f5b86e1b13e7
ee7d6_cgraph.pdf  used on input line 319.
(pdftex.def)             Requested size: 350.0pt x 93.7803pt.



Package fancyhdr Warning: \headheight is too small (12.0pt): 
(fancyhdr)                Make it at least 12.00003pt, for example:
(fancyhdr)                \setlength{\headheight}{12.00003pt}.
(fancyhdr)                You might also make \topmargin smaller:
(fancyhdr)                \addtolength{\topmargin}{-0.00003pt}.

[112]
Underfull \hbox (badness 10000) detected at line 330
[][][]
 []


Underfull \hbox (badness 10000) detected at line 345
[][][]
 []

) (./classgg_1_1GgElements.tex <./classgg_1_1GgElements__inherit__graph.pdf>
<classgg_1_1GgElements__inherit__graph.pdf, id=8437, 167.62625pt x 212.795pt>
File: classgg_1_1GgElements__inherit__graph.pdf Graphic file (type pdf)
<use classgg_1_1GgElements__inherit__graph.pdf>
Package pdftex.def Info: classgg_1_1GgElements__inherit__graph.pdf  used on inp
ut line 14.
(pdftex.def)             Requested size: 167.0pt x 211.99895pt.
 <./classgg_1_1GgElements__coll__graph.pdf>
<classgg_1_1GgElements__coll__graph.pdf, id=8445, 167.62625pt x 212.795pt>
File: classgg_1_1GgElements__coll__graph.pdf Graphic file (type pdf)
<use classgg_1_1GgElements__coll__graph.pdf>
Package pdftex.def Info: classgg_1_1GgElements__coll__graph.pdf  used on input 
line 24.
(pdftex.def)             Requested size: 167.0pt x 211.99895pt.



Package fancyhdr Warning: \headheight is too small (12.0pt): 
(fancyhdr)                Make it at least 12.00003pt, for example:
(fancyhdr)                \setlength{\headheight}{12.00003pt}.
(fancyhdr)                You might also make \topmargin smaller:
(fancyhdr)                \addtolength{\topmargin}{-0.00003pt}.

[113]


Package fancyhdr Warning: \headheight is too small (12.0pt): 
(fancyhdr)                Make it at least 12.00003pt, for example:
(fancyhdr)                \setlength{\headheight}{12.00003pt}.
(fancyhdr)                You might also make \topmargin smaller:
(fancyhdr)                \addtolength{\topmargin}{-0.00003pt}.

[114]
> Step: init table outer spec.
> Step: parse table options.
> Step: split table.
> Step: init table inner spec.
> Step: parse table inner spec.
> Step: execute table commands.
> Step: calculate cell and line sizes.
> Step: build the whole table.
> Step: init table outer spec.
> Step: parse table options.
> Step: split table.
> Step: init table inner spec.
> Step: parse table inner spec.
> Step: execute table commands.
> Step: calculate cell and line sizes.
> Step: build the whole table.
 <./classgg_1_1GgElements_ab21f6c62f0926344e349a6e465ac8a9a_cgraph.pdf>
<classgg_1_1GgElements_ab21f6c62f0926344e349a6e465ac8a9a_cgraph.pdf, id=8529, 5
64.1075pt x 100.375pt>
File: classgg_1_1GgElements_ab21f6c62f0926344e349a6e465ac8a9a_cgraph.pdf Graphi
c file (type pdf)
<use classgg_1_1GgElements_ab21f6c62f0926344e349a6e465ac8a9a_cgraph.pdf>
Package pdftex.def Info: classgg_1_1GgElements_ab21f6c62f0926344e349a6e465ac8a9
a_cgraph.pdf  used on input line 114.
(pdftex.def)             Requested size: 350.0pt x 62.27779pt.
 <./classgg_1_1GgElements_ab21f6c62f0926344e349a6e465ac8a9a_icgraph.pdf>
<classgg_1_1GgElements_ab21f6c62f0926344e349a6e465ac8a9a_icgraph.pdf, id=8537, 
410.53375pt x 100.375pt>
File: classgg_1_1GgElements_ab21f6c62f0926344e349a6e465ac8a9a_icgraph.pdf Graph
ic file (type pdf)
<use classgg_1_1GgElements_ab21f6c62f0926344e349a6e465ac8a9a_icgraph.pdf>
Package pdftex.def Info: classgg_1_1GgElements_ab21f6c62f0926344e349a6e465ac8a9
a_icgraph.pdf  used on input line 122.
(pdftex.def)             Requested size: 350.0pt x 85.57338pt.
> Step: init table outer spec.
> Step: parse table options.
> Step: split table.
> Step: init table inner spec.
> Step: parse table inner spec.
> Step: execute table commands.
> Step: calculate cell and line sizes.
> Step: build the whole table.
> Step: init table outer spec.
> Step: parse table options.
> Step: split table.
> Step: init table inner spec.
> Step: parse table inner spec.
> Step: execute table commands.
> Step: calculate cell and line sizes.
> Step: build the whole table.



Package fancyhdr Warning: \headheight is too small (12.0pt): 
(fancyhdr)                Make it at least 12.00003pt, for example:
(fancyhdr)                \setlength{\headheight}{12.00003pt}.
(fancyhdr)                You might also make \topmargin smaller:
(fancyhdr)                \addtolength{\topmargin}{-0.00003pt}.

[115] <./classgg_1_1GgElements_a131237075333f152994f818e8a17c01e_cgraph.pdf>
<classgg_1_1GgElements_a131237075333f152994f818e8a17c01e_cgraph.pdf, id=8560, 7
46.79pt x 138.5175pt>
File: classgg_1_1GgElements_a131237075333f152994f818e8a17c01e_cgraph.pdf Graphi
c file (type pdf)
<use classgg_1_1GgElements_a131237075333f152994f818e8a17c01e_cgraph.pdf>
Package pdftex.def Info: classgg_1_1GgElements_a131237075333f152994f818e8a17c01
e_cgraph.pdf  used on input line 157.
(pdftex.def)             Requested size: 350.0pt x 64.91934pt.
> Step: init table outer spec.
> Step: parse table options.
> Step: split table.
> Step: init table inner spec.
> Step: parse table inner spec.
> Step: execute table commands.
> Step: calculate cell and line sizes.
> Step: build the whole table.
> Step: init table outer spec.
> Step: parse table options.
> Step: split table.
> Step: init table inner spec.
> Step: parse table inner spec.
> Step: execute table commands.
> Step: calculate cell and line sizes.
> Step: build the whole table.
 <./classgg_1_1GgElements_a81e0b1de878227acdea4cb4fd450c6db_cgraph.pdf>
<classgg_1_1GgElements_a81e0b1de878227acdea4cb4fd450c6db_cgraph.pdf, id=8573, 3
61.35pt x 188.705pt>
File: classgg_1_1GgElements_a81e0b1de878227acdea4cb4fd450c6db_cgraph.pdf Graphi
c file (type pdf)
<use classgg_1_1GgElements_a81e0b1de878227acdea4cb4fd450c6db_cgraph.pdf>
Package pdftex.def Info: classgg_1_1GgElements_a81e0b1de878227acdea4cb4fd450c6d
b_cgraph.pdf  used on input line 203.
(pdftex.def)             Requested size: 350.0pt x 182.77872pt.


LaTeX Font Info:    Font shape `OT1/phv/m/n' will be
(Font)              scaled to size 8.99994pt on input line 212.
LaTeX Font Info:    Font shape `OT1/phv/m/n' will be
(Font)              scaled to size 8.99994pt on input line 212.
LaTeX Font Info:    Font shape `OT1/phv/m/n' will be
(Font)              scaled to size 8.99994pt on input line 212.
LaTeX Font Info:    Font shape `OT1/phv/b/n' will be
(Font)              scaled to size 8.99994pt on input line 212.
LaTeX Font Info:    Font shape `OT1/phv/b/n' will be
(Font)              scaled to size 8.99994pt on input line 212.

Package fancyhdr Warning: \headheight is too small (12.0pt): 
(fancyhdr)                Make it at least 12.00003pt, for example:
(fancyhdr)                \setlength{\headheight}{12.00003pt}.
(fancyhdr)                You might also make \topmargin smaller:
(fancyhdr)                \addtolength{\topmargin}{-0.00003pt}.

LaTeX Font Info:    Font shape `OT1/phv/m/n' will be
(Font)              scaled to size 8.99994pt on input line 212.
LaTeX Font Info:    Font shape `OT1/phv/b/n' will be
(Font)              scaled to size 8.99994pt on input line 212.
LaTeX Font Info:    Font shape `OT1/phv/b/n' will be
(Font)              scaled to size 6.29996pt on input line 212.
LaTeX Font Info:    Font shape `OT1/phv/b/n' will be
(Font)              scaled to size 6.29996pt on input line 212.
[116]
Underfull \hbox (badness 10000) detected at line 214
[][][]
 []


Underfull \hbox (badness 10000) detected at line 229
[][][]
 []

 <./classgg_1_1GgElements_ac4f4685a39e65aefdeacea83e02ff8f7_icgraph.pdf>
<classgg_1_1GgElements_ac4f4685a39e65aefdeacea83e02ff8f7_icgraph.pdf, id=8599, 
361.35pt x 112.42pt>
File: classgg_1_1GgElements_ac4f4685a39e65aefdeacea83e02ff8f7_icgraph.pdf Graph
ic file (type pdf)
<use classgg_1_1GgElements_ac4f4685a39e65aefdeacea83e02ff8f7_icgraph.pdf>
Package pdftex.def Info: classgg_1_1GgElements_ac4f4685a39e65aefdeacea83e02ff8f
7_icgraph.pdf  used on input line 241.
(pdftex.def)             Requested size: 350.0pt x 108.88945pt.
> Step: init table outer spec.
> Step: parse table options.
> Step: split table.
> Step: init table inner spec.
> Step: parse table inner spec.
> Step: execute table commands.
> Step: calculate cell and line sizes.
> Step: build the whole table.
> Step: init table outer spec.
> Step: parse table options.
> Step: split table.
> Step: init table inner spec.
> Step: parse table inner spec.
> Step: execute table commands.
> Step: calculate cell and line sizes.
> Step: build the whole table.
 <./classgg_1_1GgElements_ac604938bb52d8a29accf636b89479f31_cgraph.pdf>
<classgg_1_1GgElements_ac604938bb52d8a29accf636b89479f31_cgraph.pdf, id=8610, 3
37.26pt x 100.375pt>
File: classgg_1_1GgElements_ac604938bb52d8a29accf636b89479f31_cgraph.pdf Graphi
c file (type pdf)
<use classgg_1_1GgElements_ac604938bb52d8a29accf636b89479f31_cgraph.pdf>
Package pdftex.def Info: classgg_1_1GgElements_ac604938bb52d8a29accf636b89479f3
1_cgraph.pdf  used on input line 274.
(pdftex.def)             Requested size: 336.0pt x 100.00255pt.


LaTeX Font Info:    Font shape `OT1/phv/m/n' will be
(Font)              scaled to size 8.99994pt on input line 277.
LaTeX Font Info:    Font shape `OT1/phv/m/n' will be
(Font)              scaled to size 8.99994pt on input line 277.
LaTeX Font Info:    Font shape `OT1/phv/m/n' will be
(Font)              scaled to size 8.99994pt on input line 277.
LaTeX Font Info:    Font shape `OT1/phv/b/n' will be
(Font)              scaled to size 8.99994pt on input line 277.
LaTeX Font Info:    Font shape `OT1/phv/b/n' will be
(Font)              scaled to size 6.29996pt on input line 277.
LaTeX Font Info:    Font shape `OT1/phv/b/n' will be
(Font)              scaled to size 6.29996pt on input line 277.
LaTeX Font Info:    Font shape `OT1/phv/b/n' will be
(Font)              scaled to size 8.99994pt on input line 277.

Package fancyhdr Warning: \headheight is too small (12.0pt): 
(fancyhdr)                Make it at least 12.00003pt, for example:
(fancyhdr)                \setlength{\headheight}{12.00003pt}.
(fancyhdr)                You might also make \topmargin smaller:
(fancyhdr)                \addtolength{\topmargin}{-0.00003pt}.

LaTeX Font Info:    Font shape `OT1/phv/m/n' will be
(Font)              scaled to size 8.99994pt on input line 277.
LaTeX Font Info:    Font shape `OT1/phv/b/n' will be
(Font)              scaled to size 8.99994pt on input line 277.
LaTeX Font Info:    Font shape `OT1/phv/b/n' will be
(Font)              scaled to size 6.29996pt on input line 277.
LaTeX Font Info:    Font shape `OT1/phv/b/n' will be
(Font)              scaled to size 6.29996pt on input line 277.
[117] <./classgg_1_1GgElements_ac604938bb52d8a29accf636b89479f31_icgraph.pdf>
<classgg_1_1GgElements_ac604938bb52d8a29accf636b89479f31_icgraph.pdf, id=8628, 
374.39874pt x 100.375pt>
File: classgg_1_1GgElements_ac604938bb52d8a29accf636b89479f31_icgraph.pdf Graph
ic file (type pdf)
<use classgg_1_1GgElements_ac604938bb52d8a29accf636b89479f31_icgraph.pdf>
Package pdftex.def Info: classgg_1_1GgElements_ac604938bb52d8a29accf636b89479f3
1_icgraph.pdf  used on input line 282.
(pdftex.def)             Requested size: 350.0pt x 93.8394pt.
> Step: init table outer spec.
> Step: parse table options.
> Step: split table.
> Step: init table inner spec.
> Step: parse table inner spec.
> Step: execute table commands.
> Step: calculate cell and line sizes.
> Step: build the whole table.
> Step: init table outer spec.
> Step: parse table options.
> Step: split table.
> Step: init table inner spec.
> Step: parse table inner spec.
> Step: execute table commands.
> Step: calculate cell and line sizes.
> Step: build the whole table.
 <./classgg_1_1GgElements_aad52368bf713e03ef748dbeddf469ea3_cgraph.pdf>
<classgg_1_1GgElements_aad52368bf713e03ef748dbeddf469ea3_cgraph.pdf, id=8639, 3
43.2825pt x 100.375pt>
File: classgg_1_1GgElements_aad52368bf713e03ef748dbeddf469ea3_cgraph.pdf Graphi
c file (type pdf)
<use classgg_1_1GgElements_aad52368bf713e03ef748dbeddf469ea3_cgraph.pdf>
Package pdftex.def Info: classgg_1_1GgElements_aad52368bf713e03ef748dbeddf469ea
3_cgraph.pdf  used on input line 317.
(pdftex.def)             Requested size: 342.0pt x 99.9995pt.



Package fancyhdr Warning: \headheight is too small (12.0pt): 
(fancyhdr)                Make it at least 12.00003pt, for example:
(fancyhdr)                \setlength{\headheight}{12.00003pt}.
(fancyhdr)                You might also make \topmargin smaller:
(fancyhdr)                \addtolength{\topmargin}{-0.00003pt}.

[118]) (./classgg_1_1GgMatrix.tex <./classgg_1_1GgMatrix__inherit__graph.pdf>
<classgg_1_1GgMatrix__inherit__graph.pdf, id=8658, 181.67876pt x 168.63pt>
File: classgg_1_1GgMatrix__inherit__graph.pdf Graphic file (type pdf)
<use classgg_1_1GgMatrix__inherit__graph.pdf>
Package pdftex.def Info: classgg_1_1GgMatrix__inherit__graph.pdf  used on input
 line 14.
(pdftex.def)             Requested size: 181.0pt x 168.00432pt.
 <./classgg_1_1GgMatrix__coll__graph.pdf>
<classgg_1_1GgMatrix__coll__graph.pdf, id=8666, 181.67876pt x 168.63pt>
File: classgg_1_1GgMatrix__coll__graph.pdf Graphic file (type pdf)
<use classgg_1_1GgMatrix__coll__graph.pdf>
Package pdftex.def Info: classgg_1_1GgMatrix__coll__graph.pdf  used on input li
ne 24.
(pdftex.def)             Requested size: 181.0pt x 168.00432pt.



Package fancyhdr Warning: \headheight is too small (12.0pt): 
(fancyhdr)                Make it at least 12.00003pt, for example:
(fancyhdr)                \setlength{\headheight}{12.00003pt}.
(fancyhdr)                You might also make \topmargin smaller:
(fancyhdr)                \addtolength{\topmargin}{-0.00003pt}.

[119]


Package fancyhdr Warning: \headheight is too small (12.0pt): 
(fancyhdr)                Make it at least 12.00003pt, for example:
(fancyhdr)                \setlength{\headheight}{12.00003pt}.
(fancyhdr)                You might also make \topmargin smaller:
(fancyhdr)                \addtolength{\topmargin}{-0.00003pt}.

[120]


Package fancyhdr Warning: \headheight is too small (12.0pt): 
(fancyhdr)                Make it at least 12.00003pt, for example:
(fancyhdr)                \setlength{\headheight}{12.00003pt}.
(fancyhdr)                You might also make \topmargin smaller:
(fancyhdr)                \addtolength{\topmargin}{-0.00003pt}.

[121]
> Step: init table outer spec.
> Step: parse table options.
> Step: split table.
> Step: init table inner spec.
> Step: parse table inner spec.
> Step: execute table commands.
> Step: calculate cell and line sizes.
> Step: build the whole table.
> Step: init table outer spec.
> Step: parse table options.
> Step: split table.
> Step: init table inner spec.
> Step: parse table inner spec.
> Step: execute table commands.
> Step: calculate cell and line sizes.
> Step: build the whole table.
> Step: init table outer spec.
> Step: parse table options.
> Step: split table.
> Step: init table inner spec.
> Step: parse table inner spec.
> Step: execute table commands.
> Step: calculate cell and line sizes.
> Step: build the whole table.
> Step: init table outer spec.
> Step: parse table options.
> Step: split table.
> Step: init table inner spec.
> Step: parse table inner spec.
> Step: execute table commands.
> Step: calculate cell and line sizes.
> Step: build the whole table.
 <./classgg_1_1GgMatrix_a20e1c524a6352afce5fd78de153a7941_cgraph.pdf>
<classgg_1_1GgMatrix_a20e1c524a6352afce5fd78de153a7941_cgraph.pdf, id=8970, 353
.32pt x 100.375pt>
File: classgg_1_1GgMatrix_a20e1c524a6352afce5fd78de153a7941_cgraph.pdf Graphic 
file (type pdf)
<use classgg_1_1GgMatrix_a20e1c524a6352afce5fd78de153a7941_cgraph.pdf>
Package pdftex.def Info: classgg_1_1GgMatrix_a20e1c524a6352afce5fd78de153a7941_
cgraph.pdf  used on input line 283.
(pdftex.def)             Requested size: 350.0pt x 99.4328pt.



Package fancyhdr Warning: \headheight is too small (12.0pt): 
(fancyhdr)                Make it at least 12.00003pt, for example:
(fancyhdr)                \setlength{\headheight}{12.00003pt}.
(fancyhdr)                You might also make \topmargin smaller:
(fancyhdr)                \addtolength{\topmargin}{-0.00003pt}.

[122]
> Step: init table outer spec.
> Step: parse table options.
> Step: split table.
> Step: init table inner spec.
> Step: parse table inner spec.
> Step: execute table commands.
> Step: calculate cell and line sizes.
> Step: build the whole table.
> Step: init table outer spec.
> Step: parse table options.
> Step: split table.
> Step: init table inner spec.
> Step: parse table inner spec.
> Step: execute table commands.
> Step: calculate cell and line sizes.
> Step: build the whole table.
 <./classgg_1_1GgMatrix_a970a6991bc17ef5a2baabe23bf4632c9_cgraph.pdf>
<classgg_1_1GgMatrix_a970a6991bc17ef5a2baabe23bf4632c9_cgraph.pdf, id=8988, 353
.32pt x 100.375pt>
File: classgg_1_1GgMatrix_a970a6991bc17ef5a2baabe23bf4632c9_cgraph.pdf Graphic 
file (type pdf)
<use classgg_1_1GgMatrix_a970a6991bc17ef5a2baabe23bf4632c9_cgraph.pdf>
Package pdftex.def Info: classgg_1_1GgMatrix_a970a6991bc17ef5a2baabe23bf4632c9_
cgraph.pdf  used on input line 308.
(pdftex.def)             Requested size: 350.0pt x 99.4328pt.
> Step: init table outer spec.
> Step: parse table options.
> Step: split table.
> Step: init table inner spec.
> Step: parse table inner spec.
> Step: execute table commands.
> Step: calculate cell and line sizes.
> Step: build the whole table.
> Step: init table outer spec.
> Step: parse table options.
> Step: split table.
> Step: init table inner spec.
> Step: parse table inner spec.
> Step: execute table commands.
> Step: calculate cell and line sizes.
> Step: build the whole table.
 <./classgg_1_1GgMatrix_a8e1880ee693628ef03c1d3e90d1fe50f_cgraph.pdf>
<classgg_1_1GgMatrix_a8e1880ee693628ef03c1d3e90d1fe50f_cgraph.pdf, id=8996, 353
.32pt x 100.375pt>
File: classgg_1_1GgMatrix_a8e1880ee693628ef03c1d3e90d1fe50f_cgraph.pdf Graphic 
file (type pdf)
<use classgg_1_1GgMatrix_a8e1880ee693628ef03c1d3e90d1fe50f_cgraph.pdf>
Package pdftex.def Info: classgg_1_1GgMatrix_a8e1880ee693628ef03c1d3e90d1fe50f_
cgraph.pdf  used on input line 329.
(pdftex.def)             Requested size: 350.0pt x 99.4328pt.



Package fancyhdr Warning: \headheight is too small (12.0pt): 
(fancyhdr)                Make it at least 12.00003pt, for example:
(fancyhdr)                \setlength{\headheight}{12.00003pt}.
(fancyhdr)                You might also make \topmargin smaller:
(fancyhdr)                \addtolength{\topmargin}{-0.00003pt}.

[123]
> Step: init table outer spec.
> Step: parse table options.
> Step: split table.
> Step: init table inner spec.
> Step: parse table inner spec.
> Step: execute table commands.
> Step: calculate cell and line sizes.
> Step: build the whole table.
> Step: init table outer spec.
> Step: parse table options.
> Step: split table.
> Step: init table inner spec.
> Step: parse table inner spec.
> Step: execute table commands.
> Step: calculate cell and line sizes.
> Step: build the whole table.
 <./classgg_1_1GgMatrix_a811f5a68324335ff26a476dab51abe39_cgraph.pdf>
<classgg_1_1GgMatrix_a811f5a68324335ff26a476dab51abe39_cgraph.pdf, id=9015, 353
.32pt x 100.375pt>
File: classgg_1_1GgMatrix_a811f5a68324335ff26a476dab51abe39_cgraph.pdf Graphic 
file (type pdf)
<use classgg_1_1GgMatrix_a811f5a68324335ff26a476dab51abe39_cgraph.pdf>
Package pdftex.def Info: classgg_1_1GgMatrix_a811f5a68324335ff26a476dab51abe39_
cgraph.pdf  used on input line 350.
(pdftex.def)             Requested size: 350.0pt x 99.4328pt.
> Step: init table outer spec.
> Step: parse table options.
> Step: split table.
> Step: init table inner spec.
> Step: parse table inner spec.
> Step: execute table commands.
> Step: calculate cell and line sizes.
> Step: build the whole table.
> Step: init table outer spec.
> Step: parse table options.
> Step: split table.
> Step: init table inner spec.
> Step: parse table inner spec.
> Step: execute table commands.
> Step: calculate cell and line sizes.
> Step: build the whole table.



Package fancyhdr Warning: \headheight is too small (12.0pt): 
(fancyhdr)                Make it at least 12.00003pt, for example:
(fancyhdr)                \setlength{\headheight}{12.00003pt}.
(fancyhdr)                You might also make \topmargin smaller:
(fancyhdr)                \addtolength{\topmargin}{-0.00003pt}.

[124]
Underfull \hbox (badness 10000) detected at line 387
[][][]
 []

 <./classgg_1_1GgMatrix_a9a6f11c693067762d00d4a8f19d678f0_cgraph.pdf>
<classgg_1_1GgMatrix_a9a6f11c693067762d00d4a8f19d678f0_cgraph.pdf, id=9036, 515
.9275pt x 151.56625pt>
File: classgg_1_1GgMatrix_a9a6f11c693067762d00d4a8f19d678f0_cgraph.pdf Graphic 
file (type pdf)
<use classgg_1_1GgMatrix_a9a6f11c693067762d00d4a8f19d678f0_cgraph.pdf>
Package pdftex.def Info: classgg_1_1GgMatrix_a9a6f11c693067762d00d4a8f19d678f0_
cgraph.pdf  used on input line 399.
(pdftex.def)             Requested size: 350.0pt x 102.82315pt.

Underfull \hbox (badness 10000) detected at line 410
[][][]
 []

 <./classgg_1_1GgMatrix_a85419e1b591aa77fda6a908dab1d9468_icgraph.pdf>
<classgg_1_1GgMatrix_a85419e1b591aa77fda6a908dab1d9468_icgraph.pdf, id=9046, 35
2.31625pt x 630.355pt>
File: classgg_1_1GgMatrix_a85419e1b591aa77fda6a908dab1d9468_icgraph.pdf Graphic
 file (type pdf)
<use classgg_1_1GgMatrix_a85419e1b591aa77fda6a908dab1d9468_icgraph.pdf>
Package pdftex.def Info: classgg_1_1GgMatrix_a85419e1b591aa77fda6a908dab1d9468_
icgraph.pdf  used on input line 422.
(pdftex.def)             Requested size: 307.42119pt x 550.0pt.



Package fancyhdr Warning: \headheight is too small (12.0pt): 
(fancyhdr)                Make it at least 12.00003pt, for example:
(fancyhdr)                \setlength{\headheight}{12.00003pt}.
(fancyhdr)                You might also make \topmargin smaller:
(fancyhdr)                \addtolength{\topmargin}{-0.00003pt}.

[125]
> Step: init table outer spec.
> Step: parse table options.
> Step: split table.
> Step: init table inner spec.
> Step: parse table inner spec.
> Step: execute table commands.
> Step: calculate cell and line sizes.
> Step: build the whole table.
> Step: init table outer spec.
> Step: parse table options.
> Step: split table.
> Step: init table inner spec.
> Step: parse table inner spec.
> Step: execute table commands.
> Step: calculate cell and line sizes.
> Step: build the whole table.



Package fancyhdr Warning: \headheight is too small (12.0pt): 
(fancyhdr)                Make it at least 12.00003pt, for example:
(fancyhdr)                \setlength{\headheight}{12.00003pt}.
(fancyhdr)                You might also make \topmargin smaller:
(fancyhdr)                \addtolength{\topmargin}{-0.00003pt}.

[126]
Underfull \hbox (badness 10000) detected at line 450
[][][]
 []

 <./classgg_1_1GgMatrix_a899cc6209060b580bc14b1a45f9c302c_cgraph.pdf>
<classgg_1_1GgMatrix_a899cc6209060b580bc14b1a45f9c302c_cgraph.pdf, id=9074, 340
.27126pt x 138.5175pt>
File: classgg_1_1GgMatrix_a899cc6209060b580bc14b1a45f9c302c_cgraph.pdf Graphic 
file (type pdf)
<use classgg_1_1GgMatrix_a899cc6209060b580bc14b1a45f9c302c_cgraph.pdf>
Package pdftex.def Info: classgg_1_1GgMatrix_a899cc6209060b580bc14b1a45f9c302c_
cgraph.pdf  used on input line 462.
(pdftex.def)             Requested size: 339.0pt x 138.00777pt.
 <./classgg_1_1GgMatrix_a899cc6209060b580bc14b1a45f9c302c_icgraph.pdf>
<classgg_1_1GgMatrix_a899cc6209060b580bc14b1a45f9c302c_icgraph.pdf, id=9082, 28
7.0725pt x 100.375pt>
File: classgg_1_1GgMatrix_a899cc6209060b580bc14b1a45f9c302c_icgraph.pdf Graphic
 file (type pdf)
<use classgg_1_1GgMatrix_a899cc6209060b580bc14b1a45f9c302c_icgraph.pdf>
Package pdftex.def Info: classgg_1_1GgMatrix_a899cc6209060b580bc14b1a45f9c302c_
icgraph.pdf  used on input line 470.
(pdftex.def)             Requested size: 286.0pt x 100.00255pt.
> Step: init table outer spec.
> Step: parse table options.
> Step: split table.
> Step: init table inner spec.
> Step: parse table inner spec.
> Step: execute table commands.
> Step: calculate cell and line sizes.
> Step: build the whole table.
> Step: init table outer spec.
> Step: parse table options.
> Step: split table.
> Step: init table inner spec.
> Step: parse table inner spec.
> Step: execute table commands.
> Step: calculate cell and line sizes.
> Step: build the whole table.



Package fancyhdr Warning: \headheight is too small (12.0pt): 
(fancyhdr)                Make it at least 12.00003pt, for example:
(fancyhdr)                \setlength{\headheight}{12.00003pt}.
(fancyhdr)                You might also make \topmargin smaller:
(fancyhdr)                \addtolength{\topmargin}{-0.00003pt}.

[127]
Underfull \hbox (badness 10000) detected at line 496
[][][]
 []

 <./classgg_1_1GgMatrix_a13f26dafecce8177574108ada080471b_icgraph.pdf>
<classgg_1_1GgMatrix_a13f26dafecce8177574108ada080471b_icgraph.pdf, id=9104, 36
1.35pt x 138.5175pt>
File: classgg_1_1GgMatrix_a13f26dafecce8177574108ada080471b_icgraph.pdf Graphic
 file (type pdf)
<use classgg_1_1GgMatrix_a13f26dafecce8177574108ada080471b_icgraph.pdf>
Package pdftex.def Info: classgg_1_1GgMatrix_a13f26dafecce8177574108ada080471b_
icgraph.pdf  used on input line 508.
(pdftex.def)             Requested size: 350.0pt x 134.16734pt.
 <./classgg_1_1GgMatrix_a12addc0d862d6083a82b2e082061dae3_icgraph.pdf>
<classgg_1_1GgMatrix_a12addc0d862d6083a82b2e082061dae3_icgraph.pdf, id=9115, 32
1.2pt x 100.375pt>
File: classgg_1_1GgMatrix_a12addc0d862d6083a82b2e082061dae3_icgraph.pdf Graphic
 file (type pdf)
<use classgg_1_1GgMatrix_a12addc0d862d6083a82b2e082061dae3_icgraph.pdf>
Package pdftex.def Info: classgg_1_1GgMatrix_a12addc0d862d6083a82b2e082061dae3_
icgraph.pdf  used on input line 526.
(pdftex.def)             Requested size: 320.0pt x 100.00255pt.
> Step: init table outer spec.
> Step: parse table options.
> Step: split table.
> Step: init table inner spec.
> Step: parse table inner spec.
> Step: execute table commands.
> Step: calculate cell and line sizes.
> Step: build the whole table.
> Step: init table outer spec.
> Step: parse table options.
> Step: split table.
> Step: init table inner spec.
> Step: parse table inner spec.
> Step: execute table commands.
> Step: calculate cell and line sizes.
> Step: build the whole table.



Package fancyhdr Warning: \headheight is too small (12.0pt): 
(fancyhdr)                Make it at least 12.00003pt, for example:
(fancyhdr)                \setlength{\headheight}{12.00003pt}.
(fancyhdr)                You might also make \topmargin smaller:
(fancyhdr)                \addtolength{\topmargin}{-0.00003pt}.

[128]
Underfull \hbox (badness 10000) detected at line 542
[][][]
 []

 <./classgg_1_1GgMatrix_aa46998a52b6a39953fe480751daf4255_cgraph.pdf>
<classgg_1_1GgMatrix_aa46998a52b6a39953fe480751daf4255_cgraph.pdf, id=9144, 359
.3425pt x 138.5175pt>
File: classgg_1_1GgMatrix_aa46998a52b6a39953fe480751daf4255_cgraph.pdf Graphic 
file (type pdf)
<use classgg_1_1GgMatrix_aa46998a52b6a39953fe480751daf4255_cgraph.pdf>
Package pdftex.def Info: classgg_1_1GgMatrix_aa46998a52b6a39953fe480751daf4255_
cgraph.pdf  used on input line 554.
(pdftex.def)             Requested size: 350.0pt x 134.92613pt.
> Step: init table outer spec.
> Step: parse table options.
> Step: split table.
> Step: init table inner spec.
> Step: parse table inner spec.
> Step: execute table commands.
> Step: calculate cell and line sizes.
> Step: build the whole table.
> Step: init table outer spec.
> Step: parse table options.
> Step: split table.
> Step: init table inner spec.
> Step: parse table inner spec.
> Step: execute table commands.
> Step: calculate cell and line sizes.
> Step: build the whole table.

Underfull \hbox (badness 10000) detected at line 570
[][][]
 []

 <./classgg_1_1GgMatrix_a59877ee01fb3e8514872c9e5c7250bb7_icgraph.pdf>
<classgg_1_1GgMatrix_a59877ee01fb3e8514872c9e5c7250bb7_icgraph.pdf, id=9155, 67
7.53125pt x 195.73125pt>
File: classgg_1_1GgMatrix_a59877ee01fb3e8514872c9e5c7250bb7_icgraph.pdf Graphic
 file (type pdf)
<use classgg_1_1GgMatrix_a59877ee01fb3e8514872c9e5c7250bb7_icgraph.pdf>
Package pdftex.def Info: classgg_1_1GgMatrix_a59877ee01fb3e8514872c9e5c7250bb7_
icgraph.pdf  used on input line 582.
(pdftex.def)             Requested size: 350.0pt x 101.1148pt.
> Step: init table outer spec.
> Step: parse table options.
> Step: split table.
> Step: init table inner spec.
> Step: parse table inner spec.
> Step: execute table commands.
> Step: calculate cell and line sizes.
> Step: build the whole table.
> Step: init table outer spec.
> Step: parse table options.
> Step: split table.
> Step: init table inner spec.
> Step: parse table inner spec.
> Step: execute table commands.
> Step: calculate cell and line sizes.
> Step: build the whole table.



Package fancyhdr Warning: \headheight is too small (12.0pt): 
(fancyhdr)                Make it at least 12.00003pt, for example:
(fancyhdr)                \setlength{\headheight}{12.00003pt}.
(fancyhdr)                You might also make \topmargin smaller:
(fancyhdr)                \addtolength{\topmargin}{-0.00003pt}.

[129]


Package fancyhdr Warning: \headheight is too small (12.0pt): 
(fancyhdr)                Make it at least 12.00003pt, for example:
(fancyhdr)                \setlength{\headheight}{12.00003pt}.
(fancyhdr)                You might also make \topmargin smaller:
(fancyhdr)                \addtolength{\topmargin}{-0.00003pt}.

[130]
Underfull \hbox (badness 10000) detected at line 602
[][][]
 []

 <./classgg_1_1GgMatrix_a69aebea13b88b94d1376302b9ce60b9d_cgraph.pdf>
<classgg_1_1GgMatrix_a69aebea13b88b94d1376302b9ce60b9d_cgraph.pdf, id=9202, 368
.37625pt x 138.5175pt>
File: classgg_1_1GgMatrix_a69aebea13b88b94d1376302b9ce60b9d_cgraph.pdf Graphic 
file (type pdf)
<use classgg_1_1GgMatrix_a69aebea13b88b94d1376302b9ce60b9d_cgraph.pdf>
Package pdftex.def Info: classgg_1_1GgMatrix_a69aebea13b88b94d1376302b9ce60b9d_
cgraph.pdf  used on input line 614.
(pdftex.def)             Requested size: 350.0pt x 131.60565pt.
> Step: init table outer spec.
> Step: parse table options.
> Step: split table.
> Step: init table inner spec.
> Step: parse table inner spec.
> Step: execute table commands.
> Step: calculate cell and line sizes.
> Step: build the whole table.
> Step: init table outer spec.
> Step: parse table options.
> Step: split table.
> Step: init table inner spec.
> Step: parse table inner spec.
> Step: execute table commands.
> Step: calculate cell and line sizes.
> Step: build the whole table.

Underfull \hbox (badness 10000) detected at line 634
[][][]
 []

 <./classgg_1_1GgMatrix_a1af80ffb44518f57289ccadac7b0427b_cgraph.pdf>
<classgg_1_1GgMatrix_a1af80ffb44518f57289ccadac7b0427b_cgraph.pdf, id=9213, 368
.37625pt x 138.5175pt>
File: classgg_1_1GgMatrix_a1af80ffb44518f57289ccadac7b0427b_cgraph.pdf Graphic 
file (type pdf)
<use classgg_1_1GgMatrix_a1af80ffb44518f57289ccadac7b0427b_cgraph.pdf>
Package pdftex.def Info: classgg_1_1GgMatrix_a1af80ffb44518f57289ccadac7b0427b_
cgraph.pdf  used on input line 646.
(pdftex.def)             Requested size: 350.0pt x 131.60565pt.



Package fancyhdr Warning: \headheight is too small (12.0pt): 
(fancyhdr)                Make it at least 12.00003pt, for example:
(fancyhdr)                \setlength{\headheight}{12.00003pt}.
(fancyhdr)                You might also make \topmargin smaller:
(fancyhdr)                \addtolength{\topmargin}{-0.00003pt}.

[131]
> Step: init table outer spec.
> Step: parse table options.
> Step: split table.
> Step: init table inner spec.
> Step: parse table inner spec.
> Step: execute table commands.
> Step: calculate cell and line sizes.
> Step: build the whole table.
> Step: init table outer spec.
> Step: parse table options.
> Step: split table.
> Step: init table inner spec.
> Step: parse table inner spec.
> Step: execute table commands.
> Step: calculate cell and line sizes.
> Step: build the whole table.

Underfull \hbox (badness 10000) detected at line 678
[][][]
 []

 <./classgg_1_1GgMatrix_a753d56545359ba6efc11aa9b5b3ade11_icgraph.pdf>
<classgg_1_1GgMatrix_a753d56545359ba6efc11aa9b5b3ade11_icgraph.pdf, id=9233, 58
3.17876pt x 310.15875pt>
File: classgg_1_1GgMatrix_a753d56545359ba6efc11aa9b5b3ade11_icgraph.pdf Graphic
 file (type pdf)
<use classgg_1_1GgMatrix_a753d56545359ba6efc11aa9b5b3ade11_icgraph.pdf>
Package pdftex.def Info: classgg_1_1GgMatrix_a753d56545359ba6efc11aa9b5b3ade11_
icgraph.pdf  used on input line 690.
(pdftex.def)             Requested size: 350.0pt x 186.14874pt.



Package fancyhdr Warning: \headheight is too small (12.0pt): 
(fancyhdr)                Make it at least 12.00003pt, for example:
(fancyhdr)                \setlength{\headheight}{12.00003pt}.
(fancyhdr)                You might also make \topmargin smaller:
(fancyhdr)                \addtolength{\topmargin}{-0.00003pt}.

[132]
> Step: init table outer spec.
> Step: parse table options.
> Step: split table.
> Step: init table inner spec.
> Step: parse table inner spec.
> Step: execute table commands.
> Step: calculate cell and line sizes.
> Step: build the whole table.
> Step: init table outer spec.
> Step: parse table options.
> Step: split table.
> Step: init table inner spec.
> Step: parse table inner spec.
> Step: execute table commands.
> Step: calculate cell and line sizes.
> Step: build the whole table.

Underfull \hbox (badness 10000) detected at line 706
[][][]
 []

 <./classgg_1_1GgMatrix_a0012864fcf7f84e6595367a446fd388a_cgraph.pdf>
<classgg_1_1GgMatrix_a0012864fcf7f84e6595367a446fd388a_cgraph.pdf, id=9259, 373
.395pt x 138.5175pt>
File: classgg_1_1GgMatrix_a0012864fcf7f84e6595367a446fd388a_cgraph.pdf Graphic 
file (type pdf)
<use classgg_1_1GgMatrix_a0012864fcf7f84e6595367a446fd388a_cgraph.pdf>
Package pdftex.def Info: classgg_1_1GgMatrix_a0012864fcf7f84e6595367a446fd388a_
cgraph.pdf  used on input line 718.
(pdftex.def)             Requested size: 350.0pt x 129.84503pt.
> Step: init table outer spec.
> Step: parse table options.
> Step: split table.
> Step: init table inner spec.
> Step: parse table inner spec.
> Step: execute table commands.
> Step: calculate cell and line sizes.
> Step: build the whole table.
> Step: init table outer spec.
> Step: parse table options.
> Step: split table.
> Step: init table inner spec.
> Step: parse table inner spec.
> Step: execute table commands.
> Step: calculate cell and line sizes.
> Step: build the whole table.



Package fancyhdr Warning: \headheight is too small (12.0pt): 
(fancyhdr)                Make it at least 12.00003pt, for example:
(fancyhdr)                \setlength{\headheight}{12.00003pt}.
(fancyhdr)                You might also make \topmargin smaller:
(fancyhdr)                \addtolength{\topmargin}{-0.00003pt}.

[133]
Underfull \hbox (badness 10000) detected at line 734
[][][]
 []

 <./classgg_1_1GgMatrix_afd68213cca68bbf403e86935e86b1096_icgraph.pdf>
<classgg_1_1GgMatrix_afd68213cca68bbf403e86935e86b1096_icgraph.pdf, id=9281, 53
7.00626pt x 226.8475pt>
File: classgg_1_1GgMatrix_afd68213cca68bbf403e86935e86b1096_icgraph.pdf Graphic
 file (type pdf)
<use classgg_1_1GgMatrix_afd68213cca68bbf403e86935e86b1096_icgraph.pdf>
Package pdftex.def Info: classgg_1_1GgMatrix_afd68213cca68bbf403e86935e86b1096_
icgraph.pdf  used on input line 746.
(pdftex.def)             Requested size: 350.0pt x 147.85065pt.
> Step: init table outer spec.
> Step: parse table options.
> Step: split table.
> Step: init table inner spec.
> Step: parse table inner spec.
> Step: execute table commands.
> Step: calculate cell and line sizes.
> Step: build the whole table.
> Step: init table outer spec.
> Step: parse table options.
> Step: split table.
> Step: init table inner spec.
> Step: parse table inner spec.
> Step: execute table commands.
> Step: calculate cell and line sizes.
> Step: build the whole table.



Package fancyhdr Warning: \headheight is too small (12.0pt): 
(fancyhdr)                Make it at least 12.00003pt, for example:
(fancyhdr)                \setlength{\headheight}{12.00003pt}.
(fancyhdr)                You might also make \topmargin smaller:
(fancyhdr)                \addtolength{\topmargin}{-0.00003pt}.

[134]
Underfull \hbox (badness 10000) detected at line 772
[][][]
 []

 <./classgg_1_1GgMatrix_ae031bf581d90c23fae4a690d0435f522_icgraph.pdf>
<classgg_1_1GgMatrix_ae031bf581d90c23fae4a690d0435f522_icgraph.pdf, id=9301, 38
4.43625pt x 138.5175pt>
File: classgg_1_1GgMatrix_ae031bf581d90c23fae4a690d0435f522_icgraph.pdf Graphic
 file (type pdf)
<use classgg_1_1GgMatrix_ae031bf581d90c23fae4a690d0435f522_icgraph.pdf>
Package pdftex.def Info: classgg_1_1GgMatrix_ae031bf581d90c23fae4a690d0435f522_
icgraph.pdf  used on input line 784.
(pdftex.def)             Requested size: 350.0pt x 126.11874pt.
> Step: init table outer spec.
> Step: parse table options.
> Step: split table.
> Step: init table inner spec.
> Step: parse table inner spec.
> Step: execute table commands.
> Step: calculate cell and line sizes.
> Step: build the whole table.
> Step: init table outer spec.
> Step: parse table options.
> Step: split table.
> Step: init table inner spec.
> Step: parse table inner spec.
> Step: execute table commands.
> Step: calculate cell and line sizes.
> Step: build the whole table.

Underfull \hbox (badness 10000) detected at line 806
[][][]
 []

 <./classgg_1_1GgMatrix_a2455429beaf82954d49fa3ca25143177_icgraph.pdf>
<classgg_1_1GgMatrix_a2455429beaf82954d49fa3ca25143177_icgraph.pdf, id=9312, 57
7.15625pt x 138.5175pt>
File: classgg_1_1GgMatrix_a2455429beaf82954d49fa3ca25143177_icgraph.pdf Graphic
 file (type pdf)
<use classgg_1_1GgMatrix_a2455429beaf82954d49fa3ca25143177_icgraph.pdf>
Package pdftex.def Info: classgg_1_1GgMatrix_a2455429beaf82954d49fa3ca25143177_
icgraph.pdf  used on input line 818.
(pdftex.def)             Requested size: 350.0pt x 84.00307pt.
> Step: init table outer spec.
> Step: parse table options.
> Step: split table.
> Step: init table inner spec.
> Step: parse table inner spec.
> Step: execute table commands.
> Step: calculate cell and line sizes.
> Step: build the whole table.
> Step: init table outer spec.
> Step: parse table options.
> Step: split table.
> Step: init table inner spec.
> Step: parse table inner spec.
> Step: execute table commands.
> Step: calculate cell and line sizes.
> Step: build the whole table.



Package fancyhdr Warning: \headheight is too small (12.0pt): 
(fancyhdr)                Make it at least 12.00003pt, for example:
(fancyhdr)                \setlength{\headheight}{12.00003pt}.
(fancyhdr)                You might also make \topmargin smaller:
(fancyhdr)                \addtolength{\topmargin}{-0.00003pt}.

[135]


Package fancyhdr Warning: \headheight is too small (12.0pt): 
(fancyhdr)                Make it at least 12.00003pt, for example:
(fancyhdr)                \setlength{\headheight}{12.00003pt}.
(fancyhdr)                You might also make \topmargin smaller:
(fancyhdr)                \addtolength{\topmargin}{-0.00003pt}.

[136]
Underfull \hbox (badness 10000) detected at line 834
[][][]
 []

 <./classgg_1_1GgMatrix_a994207bdde997dcd1111eb8a9161c28d_cgraph.pdf>
<classgg_1_1GgMatrix_a994207bdde997dcd1111eb8a9161c28d_cgraph.pdf, id=9345, 368
.37625pt x 138.5175pt>
File: classgg_1_1GgMatrix_a994207bdde997dcd1111eb8a9161c28d_cgraph.pdf Graphic 
file (type pdf)
<use classgg_1_1GgMatrix_a994207bdde997dcd1111eb8a9161c28d_cgraph.pdf>
Package pdftex.def Info: classgg_1_1GgMatrix_a994207bdde997dcd1111eb8a9161c28d_
cgraph.pdf  used on input line 846.
(pdftex.def)             Requested size: 350.0pt x 131.60565pt.
> Step: init table outer spec.
> Step: parse table options.
> Step: split table.
> Step: init table inner spec.
> Step: parse table inner spec.
> Step: execute table commands.
> Step: calculate cell and line sizes.
> Step: build the whole table.
> Step: init table outer spec.
> Step: parse table options.
> Step: split table.
> Step: init table inner spec.
> Step: parse table inner spec.
> Step: execute table commands.
> Step: calculate cell and line sizes.
> Step: build the whole table.

Underfull \hbox (badness 10000) detected at line 864
[][][]
 []

 <./classgg_1_1GgMatrix_a8cb5d54a82fdf182d9b097792473f5c6_cgraph.pdf>
<classgg_1_1GgMatrix_a8cb5d54a82fdf182d9b097792473f5c6_cgraph.pdf, id=9363, 368
.37625pt x 138.5175pt>
File: classgg_1_1GgMatrix_a8cb5d54a82fdf182d9b097792473f5c6_cgraph.pdf Graphic 
file (type pdf)
<use classgg_1_1GgMatrix_a8cb5d54a82fdf182d9b097792473f5c6_cgraph.pdf>
Package pdftex.def Info: classgg_1_1GgMatrix_a8cb5d54a82fdf182d9b097792473f5c6_
cgraph.pdf  used on input line 876.
(pdftex.def)             Requested size: 350.0pt x 131.60565pt.



Package fancyhdr Warning: \headheight is too small (12.0pt): 
(fancyhdr)                Make it at least 12.00003pt, for example:
(fancyhdr)                \setlength{\headheight}{12.00003pt}.
(fancyhdr)                You might also make \topmargin smaller:
(fancyhdr)                \addtolength{\topmargin}{-0.00003pt}.

[137]
> Step: init table outer spec.
> Step: parse table options.
> Step: split table.
> Step: init table inner spec.
> Step: parse table inner spec.
> Step: execute table commands.
> Step: calculate cell and line sizes.


Package tabularray Warning: Table width is too small, need 24.49309pt more!

> Step: build the whole table.
> Step: init table outer spec.
> Step: parse table options.
> Step: split table.
> Step: init table inner spec.
> Step: parse table inner spec.
> Step: execute table commands.
> Step: calculate cell and line sizes.
> Step: build the whole table.

Underfull \hbox (badness 10000) detected at line 892
[][][]
 []

 <./classgg_1_1GgMatrix_a3a8cc5cd441c9bb19fae5e0084f03ace_cgraph.pdf>
<classgg_1_1GgMatrix_a3a8cc5cd441c9bb19fae5e0084f03ace_cgraph.pdf, id=9385, 368
.37625pt x 138.5175pt>
File: classgg_1_1GgMatrix_a3a8cc5cd441c9bb19fae5e0084f03ace_cgraph.pdf Graphic 
file (type pdf)
<use classgg_1_1GgMatrix_a3a8cc5cd441c9bb19fae5e0084f03ace_cgraph.pdf>
Package pdftex.def Info: classgg_1_1GgMatrix_a3a8cc5cd441c9bb19fae5e0084f03ace_
cgraph.pdf  used on input line 904.
(pdftex.def)             Requested size: 350.0pt x 131.60565pt.
> Step: init table outer spec.
> Step: parse table options.
> Step: split table.
> Step: init table inner spec.
> Step: parse table inner spec.
> Step: execute table commands.
> Step: calculate cell and line sizes.
> Step: build the whole table.
> Step: init table outer spec.
> Step: parse table options.
> Step: split table.
> Step: init table inner spec.
> Step: parse table inner spec.
> Step: execute table commands.
> Step: calculate cell and line sizes.
> Step: build the whole table.

Underfull \hbox (badness 10000) detected at line 922
[][][]
 []

 <./classgg_1_1GgMatrix_a541abeb7f08268bc1cb0ff5b0120ecd1_cgraph.pdf>
<classgg_1_1GgMatrix_a541abeb7f08268bc1cb0ff5b0120ecd1_cgraph.pdf, id=9396, 368
.37625pt x 138.5175pt>
File: classgg_1_1GgMatrix_a541abeb7f08268bc1cb0ff5b0120ecd1_cgraph.pdf Graphic 
file (type pdf)
<use classgg_1_1GgMatrix_a541abeb7f08268bc1cb0ff5b0120ecd1_cgraph.pdf>
Package pdftex.def Info: classgg_1_1GgMatrix_a541abeb7f08268bc1cb0ff5b0120ecd1_
cgraph.pdf  used on input line 934.
(pdftex.def)             Requested size: 350.0pt x 131.60565pt.



Package fancyhdr Warning: \headheight is too small (12.0pt): 
(fancyhdr)                Make it at least 12.00003pt, for example:
(fancyhdr)                \setlength{\headheight}{12.00003pt}.
(fancyhdr)                You might also make \topmargin smaller:
(fancyhdr)                \addtolength{\topmargin}{-0.00003pt}.

[138]
> Step: init table outer spec.
> Step: parse table options.
> Step: split table.
> Step: init table inner spec.
> Step: parse table inner spec.
> Step: execute table commands.
> Step: calculate cell and line sizes.
> Step: build the whole table.
> Step: init table outer spec.
> Step: parse table options.
> Step: split table.
> Step: init table inner spec.
> Step: parse table inner spec.
> Step: execute table commands.
> Step: calculate cell and line sizes.
> Step: build the whole table.

Underfull \hbox (badness 10000) detected at line 956
[][][]
 []

 <./classgg_1_1GgMatrix_acc357cb933db716a49e4b0ef09ad69cb_icgraph.pdf>
<classgg_1_1GgMatrix_acc357cb933db716a49e4b0ef09ad69cb_icgraph.pdf, id=9417, 50
7.8975pt x 500.87125pt>
File: classgg_1_1GgMatrix_acc357cb933db716a49e4b0ef09ad69cb_icgraph.pdf Graphic
 file (type pdf)
<use classgg_1_1GgMatrix_acc357cb933db716a49e4b0ef09ad69cb_icgraph.pdf>
Package pdftex.def Info: classgg_1_1GgMatrix_acc357cb933db716a49e4b0ef09ad69cb_
icgraph.pdf  used on input line 968.
(pdftex.def)             Requested size: 350.0pt x 345.1659pt.



Package fancyhdr Warning: \headheight is too small (12.0pt): 
(fancyhdr)                Make it at least 12.00003pt, for example:
(fancyhdr)                \setlength{\headheight}{12.00003pt}.
(fancyhdr)                You might also make \topmargin smaller:
(fancyhdr)                \addtolength{\topmargin}{-0.00003pt}.

[139]
> Step: init table outer spec.
> Step: parse table options.
> Step: split table.
> Step: init table inner spec.
> Step: parse table inner spec.
> Step: execute table commands.
> Step: calculate cell and line sizes.
> Step: build the whole table.
> Step: init table outer spec.
> Step: parse table options.
> Step: split table.
> Step: init table inner spec.
> Step: parse table inner spec.
> Step: execute table commands.
> Step: calculate cell and line sizes.
> Step: build the whole table.

Underfull \hbox (badness 10000) detected at line 984
[][][]
 []

 <./classgg_1_1GgMatrix_ad1cf1af0b03604dea2ccdfa38cf48219_icgraph.pdf>
<classgg_1_1GgMatrix_ad1cf1af0b03604dea2ccdfa38cf48219_icgraph.pdf, id=9436, 35
9.3425pt x 138.5175pt>
File: classgg_1_1GgMatrix_ad1cf1af0b03604dea2ccdfa38cf48219_icgraph.pdf Graphic
 file (type pdf)
<use classgg_1_1GgMatrix_ad1cf1af0b03604dea2ccdfa38cf48219_icgraph.pdf>
Package pdftex.def Info: classgg_1_1GgMatrix_ad1cf1af0b03604dea2ccdfa38cf48219_
icgraph.pdf  used on input line 996.
(pdftex.def)             Requested size: 350.0pt x 134.92613pt.



Package fancyhdr Warning: \headheight is too small (12.0pt): 
(fancyhdr)                Make it at least 12.00003pt, for example:
(fancyhdr)                \setlength{\headheight}{12.00003pt}.
(fancyhdr)                You might also make \topmargin smaller:
(fancyhdr)                \addtolength{\topmargin}{-0.00003pt}.

[140]
> Step: init table outer spec.
> Step: parse table options.
> Step: split table.
> Step: init table inner spec.
> Step: parse table inner spec.
> Step: execute table commands.
> Step: calculate cell and line sizes.
> Step: build the whole table.
> Step: init table outer spec.
> Step: parse table options.
> Step: split table.
> Step: init table inner spec.
> Step: parse table inner spec.
> Step: execute table commands.
> Step: calculate cell and line sizes.
> Step: build the whole table.

Underfull \hbox (badness 10000) detected at line 1012
[][][]
 []

 <./classgg_1_1GgMatrix_adc134a1416496139bee3feb6c0359482_icgraph.pdf>
<classgg_1_1GgMatrix_adc134a1416496139bee3feb6c0359482_icgraph.pdf, id=9455, 35
9.3425pt x 138.5175pt>
File: classgg_1_1GgMatrix_adc134a1416496139bee3feb6c0359482_icgraph.pdf Graphic
 file (type pdf)
<use classgg_1_1GgMatrix_adc134a1416496139bee3feb6c0359482_icgraph.pdf>
Package pdftex.def Info: classgg_1_1GgMatrix_adc134a1416496139bee3feb6c0359482_
icgraph.pdf  used on input line 1024.
(pdftex.def)             Requested size: 350.0pt x 134.92613pt.
> Step: init table outer spec.
> Step: parse table options.
> Step: split table.
> Step: init table inner spec.
> Step: parse table inner spec.
> Step: execute table commands.
> Step: calculate cell and line sizes.
> Step: build the whole table.
> Step: init table outer spec.
> Step: parse table options.
> Step: split table.
> Step: init table inner spec.
> Step: parse table inner spec.
> Step: execute table commands.
> Step: calculate cell and line sizes.
> Step: build the whole table.



Package fancyhdr Warning: \headheight is too small (12.0pt): 
(fancyhdr)                Make it at least 12.00003pt, for example:
(fancyhdr)                \setlength{\headheight}{12.00003pt}.
(fancyhdr)                You might also make \topmargin smaller:
(fancyhdr)                \addtolength{\topmargin}{-0.00003pt}.

[141]
Underfull \hbox (badness 10000) detected at line 1040
[][][]
 []

 <./classgg_1_1GgMatrix_ae314b688f465c548dfa4b5a5ed3a916f_icgraph.pdf>
<classgg_1_1GgMatrix_ae314b688f465c548dfa4b5a5ed3a916f_icgraph.pdf, id=9477, 35
8.33875pt x 138.5175pt>
File: classgg_1_1GgMatrix_ae314b688f465c548dfa4b5a5ed3a916f_icgraph.pdf Graphic
 file (type pdf)
<use classgg_1_1GgMatrix_ae314b688f465c548dfa4b5a5ed3a916f_icgraph.pdf>
Package pdftex.def Info: classgg_1_1GgMatrix_ae314b688f465c548dfa4b5a5ed3a916f_
icgraph.pdf  used on input line 1052.
(pdftex.def)             Requested size: 350.0pt x 135.30235pt.
> Step: init table outer spec.
> Step: parse table options.
> Step: split table.
> Step: init table inner spec.
> Step: parse table inner spec.
> Step: execute table commands.
> Step: calculate cell and line sizes.
> Step: build the whole table.
> Step: init table outer spec.
> Step: parse table options.
> Step: split table.
> Step: init table inner spec.
> Step: parse table inner spec.
> Step: execute table commands.
> Step: calculate cell and line sizes.
> Step: build the whole table.

Underfull \hbox (badness 10000) detected at line 1068
[][][]
 []

 <./classgg_1_1GgMatrix_afa81a8d1885ee2f69c15d3b5dc0a60fa_cgraph.pdf>
<classgg_1_1GgMatrix_afa81a8d1885ee2f69c15d3b5dc0a60fa_cgraph.pdf, id=9495, 359
.3425pt x 138.5175pt>
File: classgg_1_1GgMatrix_afa81a8d1885ee2f69c15d3b5dc0a60fa_cgraph.pdf Graphic 
file (type pdf)
<use classgg_1_1GgMatrix_afa81a8d1885ee2f69c15d3b5dc0a60fa_cgraph.pdf>
Package pdftex.def Info: classgg_1_1GgMatrix_afa81a8d1885ee2f69c15d3b5dc0a60fa_
cgraph.pdf  used on input line 1080.
(pdftex.def)             Requested size: 350.0pt x 134.92613pt.
> Step: init table outer spec.
> Step: parse table options.
> Step: split table.
> Step: init table inner spec.
> Step: parse table inner spec.
> Step: execute table commands.
> Step: calculate cell and line sizes.
> Step: build the whole table.
> Step: init table outer spec.
> Step: parse table options.
> Step: split table.
> Step: init table inner spec.
> Step: parse table inner spec.
> Step: execute table commands.
> Step: calculate cell and line sizes.
> Step: build the whole table.



Package fancyhdr Warning: \headheight is too small (12.0pt): 
(fancyhdr)                Make it at least 12.00003pt, for example:
(fancyhdr)                \setlength{\headheight}{12.00003pt}.
(fancyhdr)                You might also make \topmargin smaller:
(fancyhdr)                \addtolength{\topmargin}{-0.00003pt}.

[142]
Underfull \hbox (badness 10000) detected at line 1096
[][][]
 []

 <./classgg_1_1GgMatrix_ab6457edf15d265943591912b587b85e3_cgraph.pdf>
<classgg_1_1GgMatrix_ab6457edf15d265943591912b587b85e3_cgraph.pdf, id=9516, 359
.3425pt x 138.5175pt>
File: classgg_1_1GgMatrix_ab6457edf15d265943591912b587b85e3_cgraph.pdf Graphic 
file (type pdf)
<use classgg_1_1GgMatrix_ab6457edf15d265943591912b587b85e3_cgraph.pdf>
Package pdftex.def Info: classgg_1_1GgMatrix_ab6457edf15d265943591912b587b85e3_
cgraph.pdf  used on input line 1108.
(pdftex.def)             Requested size: 350.0pt x 134.92613pt.
> Step: init table outer spec.
> Step: parse table options.
> Step: split table.
> Step: init table inner spec.
> Step: parse table inner spec.
> Step: execute table commands.
> Step: calculate cell and line sizes.
> Step: build the whole table.
> Step: init table outer spec.
> Step: parse table options.
> Step: split table.
> Step: init table inner spec.
> Step: parse table inner spec.
> Step: execute table commands.
> Step: calculate cell and line sizes.
> Step: build the whole table.

Underfull \hbox (badness 10000) detected at line 1130
[][][]
 []

 <./classgg_1_1GgMatrix_ac260bb9eaa56ea8e07894566cd9f9dce_icgraph.pdf>
<classgg_1_1GgMatrix_ac260bb9eaa56ea8e07894566cd9f9dce_icgraph.pdf, id=9528, 49
7.86pt x 310.15875pt>
File: classgg_1_1GgMatrix_ac260bb9eaa56ea8e07894566cd9f9dce_icgraph.pdf Graphic
 file (type pdf)
<use classgg_1_1GgMatrix_ac260bb9eaa56ea8e07894566cd9f9dce_icgraph.pdf>
Package pdftex.def Info: classgg_1_1GgMatrix_ac260bb9eaa56ea8e07894566cd9f9dce_
icgraph.pdf  used on input line 1142.
(pdftex.def)             Requested size: 350.0pt x 218.0467pt.



Package fancyhdr Warning: \headheight is too small (12.0pt): 
(fancyhdr)                Make it at least 12.00003pt, for example:
(fancyhdr)                \setlength{\headheight}{12.00003pt}.
(fancyhdr)                You might also make \topmargin smaller:
(fancyhdr)                \addtolength{\topmargin}{-0.00003pt}.

[143]
> Step: init table outer spec.
> Step: parse table options.
> Step: split table.
> Step: init table inner spec.
> Step: parse table inner spec.
> Step: execute table commands.
> Step: calculate cell and line sizes.
> Step: build the whole table.
> Step: init table outer spec.
> Step: parse table options.
> Step: split table.
> Step: init table inner spec.
> Step: parse table inner spec.
> Step: execute table commands.
> Step: calculate cell and line sizes.
> Step: build the whole table.

Underfull \hbox (badness 10000) detected at line 1158
[][][]
 []

 <./classgg_1_1GgMatrix_a8a2902dc97df720f75947306a4e7a1fd_cgraph.pdf>
<classgg_1_1GgMatrix_a8a2902dc97df720f75947306a4e7a1fd_cgraph.pdf, id=9556, 391
.4625pt x 138.5175pt>
File: classgg_1_1GgMatrix_a8a2902dc97df720f75947306a4e7a1fd_cgraph.pdf Graphic 
file (type pdf)
<use classgg_1_1GgMatrix_a8a2902dc97df720f75947306a4e7a1fd_cgraph.pdf>
Package pdftex.def Info: classgg_1_1GgMatrix_a8a2902dc97df720f75947306a4e7a1fd_
cgraph.pdf  used on input line 1170.
(pdftex.def)             Requested size: 350.0pt x 123.85297pt.



Package fancyhdr Warning: \headheight is too small (12.0pt): 
(fancyhdr)                Make it at least 12.00003pt, for example:
(fancyhdr)                \setlength{\headheight}{12.00003pt}.
(fancyhdr)                You might also make \topmargin smaller:
(fancyhdr)                \addtolength{\topmargin}{-0.00003pt}.

[144]
> Step: init table outer spec.
> Step: parse table options.
> Step: split table.
> Step: init table inner spec.
> Step: parse table inner spec.
> Step: execute table commands.
> Step: calculate cell and line sizes.
> Step: build the whole table.
> Step: init table outer spec.
> Step: parse table options.
> Step: split table.
> Step: init table inner spec.
> Step: parse table inner spec.
> Step: execute table commands.
> Step: calculate cell and line sizes.
> Step: build the whole table.

Underfull \hbox (badness 10000) detected at line 1186
[][][]
 []

 <./classgg_1_1GgMatrix_a4c26156f9a7132965e54679cbe4c955e_cgraph.pdf>
<classgg_1_1GgMatrix_a4c26156f9a7132965e54679cbe4c955e_cgraph.pdf, id=9577, 391
.4625pt x 138.5175pt>
File: classgg_1_1GgMatrix_a4c26156f9a7132965e54679cbe4c955e_cgraph.pdf Graphic 
file (type pdf)
<use classgg_1_1GgMatrix_a4c26156f9a7132965e54679cbe4c955e_cgraph.pdf>
Package pdftex.def Info: classgg_1_1GgMatrix_a4c26156f9a7132965e54679cbe4c955e_
cgraph.pdf  used on input line 1198.
(pdftex.def)             Requested size: 350.0pt x 123.85297pt.
> Step: init table outer spec.
> Step: parse table options.
> Step: split table.
> Step: init table inner spec.
> Step: parse table inner spec.
> Step: execute table commands.
> Step: calculate cell and line sizes.
> Step: build the whole table.
> Step: init table outer spec.
> Step: parse table options.
> Step: split table.
> Step: init table inner spec.
> Step: parse table inner spec.
> Step: execute table commands.
> Step: calculate cell and line sizes.
> Step: build the whole table.

Underfull \hbox (badness 10000) detected at line 1220
[][][]
 []

 <./classgg_1_1GgMatrix_a1411224c2d99609e2a9c8753903df624_icgraph.pdf>
<classgg_1_1GgMatrix_a1411224c2d99609e2a9c8753903df624_icgraph.pdf, id=9588, 54
3.02875pt x 310.15875pt>
File: classgg_1_1GgMatrix_a1411224c2d99609e2a9c8753903df624_icgraph.pdf Graphic
 file (type pdf)
<use classgg_1_1GgMatrix_a1411224c2d99609e2a9c8753903df624_icgraph.pdf>
Package pdftex.def Info: classgg_1_1GgMatrix_a1411224c2d99609e2a9c8753903df624_
icgraph.pdf  used on input line 1232.
(pdftex.def)             Requested size: 350.0pt x 199.91597pt.



Package fancyhdr Warning: \headheight is too small (12.0pt): 
(fancyhdr)                Make it at least 12.00003pt, for example:
(fancyhdr)                \setlength{\headheight}{12.00003pt}.
(fancyhdr)                You might also make \topmargin smaller:
(fancyhdr)                \addtolength{\topmargin}{-0.00003pt}.

[145]
> Step: init table outer spec.
> Step: parse table options.
> Step: split table.
> Step: init table inner spec.
> Step: parse table inner spec.
> Step: execute table commands.
> Step: calculate cell and line sizes.
> Step: build the whole table.
> Step: init table outer spec.
> Step: parse table options.
> Step: split table.
> Step: init table inner spec.
> Step: parse table inner spec.
> Step: execute table commands.
> Step: calculate cell and line sizes.
> Step: build the whole table.

Underfull \hbox (badness 10000) detected at line 1248
[][][]
 []

 <./classgg_1_1GgMatrix_a9943cfa418a97f90d34656d1a593a180_cgraph.pdf>
<classgg_1_1GgMatrix_a9943cfa418a97f90d34656d1a593a180_cgraph.pdf, id=9615, 401
.5pt x 138.5175pt>
File: classgg_1_1GgMatrix_a9943cfa418a97f90d34656d1a593a180_cgraph.pdf Graphic 
file (type pdf)
<use classgg_1_1GgMatrix_a9943cfa418a97f90d34656d1a593a180_cgraph.pdf>
Package pdftex.def Info: classgg_1_1GgMatrix_a9943cfa418a97f90d34656d1a593a180_
cgraph.pdf  used on input line 1260.
(pdftex.def)             Requested size: 350.0pt x 120.75864pt.


LaTeX Font Info:    Font shape `OT1/phv/m/n' will be
(Font)              scaled to size 8.99994pt on input line 1269.
LaTeX Font Info:    Font shape `OT1/phv/m/n' will be
(Font)              scaled to size 8.99994pt on input line 1269.
LaTeX Font Info:    Font shape `OT1/phv/m/n' will be
(Font)              scaled to size 8.99994pt on input line 1269.
LaTeX Font Info:    Font shape `OT1/phv/b/n' will be
(Font)              scaled to size 8.99994pt on input line 1269.
LaTeX Font Info:    Font shape `OT1/phv/b/n' will be
(Font)              scaled to size 8.99994pt on input line 1269.

Package fancyhdr Warning: \headheight is too small (12.0pt): 
(fancyhdr)                Make it at least 12.00003pt, for example:
(fancyhdr)                \setlength{\headheight}{12.00003pt}.
(fancyhdr)                You might also make \topmargin smaller:
(fancyhdr)                \addtolength{\topmargin}{-0.00003pt}.

LaTeX Font Info:    Font shape `OT1/phv/m/n' will be
(Font)              scaled to size 8.99994pt on input line 1269.
LaTeX Font Info:    Font shape `OT1/phv/b/n' will be
(Font)              scaled to size 8.99994pt on input line 1269.
LaTeX Font Info:    Font shape `OT1/phv/b/n' will be
(Font)              scaled to size 6.29996pt on input line 1269.
LaTeX Font Info:    Font shape `OT1/phv/b/n' will be
(Font)              scaled to size 6.29996pt on input line 1269.
[146]
> Step: init table outer spec.
> Step: parse table options.
> Step: split table.
> Step: init table inner spec.
> Step: parse table inner spec.
> Step: execute table commands.
> Step: calculate cell and line sizes.
> Step: build the whole table.
> Step: init table outer spec.
> Step: parse table options.
> Step: split table.
> Step: init table inner spec.
> Step: parse table inner spec.
> Step: execute table commands.
> Step: calculate cell and line sizes.
> Step: build the whole table.

Underfull \hbox (badness 10000) detected at line 1276
[][][]
 []

 <./classgg_1_1GgMatrix_aeb944e9d5e45ee4c64ad3565492b2852_icgraph.pdf>
<classgg_1_1GgMatrix_aeb944e9d5e45ee4c64ad3565492b2852_icgraph.pdf, id=9636, 52
6.96875pt x 188.705pt>
File: classgg_1_1GgMatrix_aeb944e9d5e45ee4c64ad3565492b2852_icgraph.pdf Graphic
 file (type pdf)
<use classgg_1_1GgMatrix_aeb944e9d5e45ee4c64ad3565492b2852_icgraph.pdf>
Package pdftex.def Info: classgg_1_1GgMatrix_aeb944e9d5e45ee4c64ad3565492b2852_
icgraph.pdf  used on input line 1288.
(pdftex.def)             Requested size: 350.0pt x 125.3404pt.
> Step: init table outer spec.
> Step: parse table options.
> Step: split table.
> Step: init table inner spec.
> Step: parse table inner spec.
> Step: execute table commands.
> Step: calculate cell and line sizes.
> Step: build the whole table.
> Step: init table outer spec.
> Step: parse table options.
> Step: split table.
> Step: init table inner spec.
> Step: parse table inner spec.
> Step: execute table commands.
> Step: calculate cell and line sizes.
> Step: build the whole table.

Underfull \hbox (badness 10000) detected at line 1308
[][][]
 []

 <./classgg_1_1GgMatrix_a474be4675659c07c9b8eebf3b5c523a9_cgraph.pdf>
<classgg_1_1GgMatrix_a474be4675659c07c9b8eebf3b5c523a9_cgraph.pdf, id=9668, 643
.40375pt x 176.66pt>
File: classgg_1_1GgMatrix_a474be4675659c07c9b8eebf3b5c523a9_cgraph.pdf Graphic 
file (type pdf)
<use classgg_1_1GgMatrix_a474be4675659c07c9b8eebf3b5c523a9_cgraph.pdf>
Package pdftex.def Info: classgg_1_1GgMatrix_a474be4675659c07c9b8eebf3b5c523a9_
cgraph.pdf  used on input line 1320.
(pdftex.def)             Requested size: 350.0pt x 96.10123pt.



Package fancyhdr Warning: \headheight is too small (12.0pt): 
(fancyhdr)                Make it at least 12.00003pt, for example:
(fancyhdr)                \setlength{\headheight}{12.00003pt}.
(fancyhdr)                You might also make \topmargin smaller:
(fancyhdr)                \addtolength{\topmargin}{-0.00003pt}.

[147]
> Step: init table outer spec.
> Step: parse table options.
> Step: split table.
> Step: init table inner spec.
> Step: parse table inner spec.
> Step: execute table commands.
> Step: calculate cell and line sizes.
> Step: build the whole table.
> Step: init table outer spec.
> Step: parse table options.
> Step: split table.
> Step: init table inner spec.
> Step: parse table inner spec.
> Step: execute table commands.
> Step: calculate cell and line sizes.
> Step: build the whole table.

Underfull \hbox (badness 10000) detected at line 1340
[][][]
 []

 <./classgg_1_1GgMatrix_aabb989f445105e6c767e3ee6d707c00d_cgraph.pdf>
<classgg_1_1GgMatrix_aabb989f445105e6c767e3ee6d707c00d_cgraph.pdf, id=9689, 643
.40375pt x 176.66pt>
File: classgg_1_1GgMatrix_aabb989f445105e6c767e3ee6d707c00d_cgraph.pdf Graphic 
file (type pdf)
<use classgg_1_1GgMatrix_aabb989f445105e6c767e3ee6d707c00d_cgraph.pdf>
Package pdftex.def Info: classgg_1_1GgMatrix_aabb989f445105e6c767e3ee6d707c00d_
cgraph.pdf  used on input line 1352.
(pdftex.def)             Requested size: 350.0pt x 96.10123pt.



Package fancyhdr Warning: \headheight is too small (12.0pt): 
(fancyhdr)                Make it at least 12.00003pt, for example:
(fancyhdr)                \setlength{\headheight}{12.00003pt}.
(fancyhdr)                You might also make \topmargin smaller:
(fancyhdr)                \addtolength{\topmargin}{-0.00003pt}.

[148]
> Step: init table outer spec.
> Step: parse table options.
> Step: split table.
> Step: init table inner spec.
> Step: parse table inner spec.
> Step: execute table commands.
> Step: calculate cell and line sizes.
> Step: build the whole table.
> Step: init table outer spec.
> Step: parse table options.
> Step: split table.
> Step: init table inner spec.
> Step: parse table inner spec.
> Step: execute table commands.
> Step: calculate cell and line sizes.
> Step: build the whole table.

Underfull \hbox (badness 10000) detected at line 1384
[][][]
 []

 <./classgg_1_1GgMatrix_a4a34e42fd2285057333c7e2d8cc2686b_cgraph.pdf>
<classgg_1_1GgMatrix_a4a34e42fd2285057333c7e2d8cc2686b_cgraph.pdf, id=9710, 501
.875pt x 151.56625pt>
File: classgg_1_1GgMatrix_a4a34e42fd2285057333c7e2d8cc2686b_cgraph.pdf Graphic 
file (type pdf)
<use classgg_1_1GgMatrix_a4a34e42fd2285057333c7e2d8cc2686b_cgraph.pdf>
Package pdftex.def Info: classgg_1_1GgMatrix_a4a34e42fd2285057333c7e2d8cc2686b_
cgraph.pdf  used on input line 1396.
(pdftex.def)             Requested size: 350.0pt x 105.70479pt.
 <./classgg_1_1GgMatrix_a4a34e42fd2285057333c7e2d8cc2686b_icgraph.pdf>
<classgg_1_1GgMatrix_a4a34e42fd2285057333c7e2d8cc2686b_icgraph.pdf, id=9718, 32
6.21875pt x 138.5175pt>
File: classgg_1_1GgMatrix_a4a34e42fd2285057333c7e2d8cc2686b_icgraph.pdf Graphic
 file (type pdf)
<use classgg_1_1GgMatrix_a4a34e42fd2285057333c7e2d8cc2686b_icgraph.pdf>
Package pdftex.def Info: classgg_1_1GgMatrix_a4a34e42fd2285057333c7e2d8cc2686b_
icgraph.pdf  used on input line 1404.
(pdftex.def)             Requested size: 325.0pt x 138.012pt.



Package fancyhdr Warning: \headheight is too small (12.0pt): 
(fancyhdr)                Make it at least 12.00003pt, for example:
(fancyhdr)                \setlength{\headheight}{12.00003pt}.
(fancyhdr)                You might also make \topmargin smaller:
(fancyhdr)                \addtolength{\topmargin}{-0.00003pt}.

[149]
Underfull \hbox (badness 10000) detected at line 1415
[][][]
 []

 <./classgg_1_1GgMatrix_a738782ec492a8ec7927de80c1de4c820_cgraph.pdf>
<classgg_1_1GgMatrix_a738782ec492a8ec7927de80c1de4c820_cgraph.pdf, id=9739, 352
.31625pt x 138.5175pt>
File: classgg_1_1GgMatrix_a738782ec492a8ec7927de80c1de4c820_cgraph.pdf Graphic 
file (type pdf)
<use classgg_1_1GgMatrix_a738782ec492a8ec7927de80c1de4c820_cgraph.pdf>
Package pdftex.def Info: classgg_1_1GgMatrix_a738782ec492a8ec7927de80c1de4c820_
cgraph.pdf  used on input line 1427.
(pdftex.def)             Requested size: 350.0pt x 137.60619pt.
 <./classgg_1_1GgMatrix_a738782ec492a8ec7927de80c1de4c820_icgraph.pdf>
<classgg_1_1GgMatrix_a738782ec492a8ec7927de80c1de4c820_icgraph.pdf, id=9747, 35
2.31625pt x 226.8475pt>
File: classgg_1_1GgMatrix_a738782ec492a8ec7927de80c1de4c820_icgraph.pdf Graphic
 file (type pdf)
<use classgg_1_1GgMatrix_a738782ec492a8ec7927de80c1de4c820_icgraph.pdf>
Package pdftex.def Info: classgg_1_1GgMatrix_a738782ec492a8ec7927de80c1de4c820_
icgraph.pdf  used on input line 1435.
(pdftex.def)             Requested size: 350.0pt x 225.35506pt.
> Step: init table outer spec.
> Step: parse table options.
> Step: split table.
> Step: init table inner spec.
> Step: parse table inner spec.
> Step: execute table commands.
> Step: calculate cell and line sizes.
> Step: build the whole table.
> Step: init table outer spec.
> Step: parse table options.
> Step: split table.
> Step: init table inner spec.
> Step: parse table inner spec.
> Step: execute table commands.
> Step: calculate cell and line sizes.
> Step: build the whole table.



Package fancyhdr Warning: \headheight is too small (12.0pt): 
(fancyhdr)                Make it at least 12.00003pt, for example:
(fancyhdr)                \setlength{\headheight}{12.00003pt}.
(fancyhdr)                You might also make \topmargin smaller:
(fancyhdr)                \addtolength{\topmargin}{-0.00003pt}.

[150]
Underfull \hbox (badness 10000) detected at line 1451
[][][]
 []

 <./classgg_1_1GgMatrix_aab39482206c804bc28bb0d32621071ce_cgraph.pdf>
<classgg_1_1GgMatrix_aab39482206c804bc28bb0d32621071ce_cgraph.pdf, id=9775, 506
.89375pt x 119.44624pt>
File: classgg_1_1GgMatrix_aab39482206c804bc28bb0d32621071ce_cgraph.pdf Graphic 
file (type pdf)
<use classgg_1_1GgMatrix_aab39482206c804bc28bb0d32621071ce_cgraph.pdf>
Package pdftex.def Info: classgg_1_1GgMatrix_aab39482206c804bc28bb0d32621071ce_
cgraph.pdf  used on input line 1463.
(pdftex.def)             Requested size: 350.0pt x 82.4763pt.
> Step: init table outer spec.
> Step: parse table options.
> Step: split table.
> Step: init table inner spec.
> Step: parse table inner spec.
> Step: execute table commands.
> Step: calculate cell and line sizes.
> Step: build the whole table.
> Step: init table outer spec.
> Step: parse table options.
> Step: split table.
> Step: init table inner spec.
> Step: parse table inner spec.
> Step: execute table commands.
> Step: calculate cell and line sizes.
> Step: build the whole table.

Underfull \hbox (badness 10000) detected at line 1479
[][][]
 []

> Step: init table outer spec.
> Step: parse table options.
> Step: split table.
> Step: init table inner spec.
> Step: parse table inner spec.
> Step: execute table commands.
> Step: calculate cell and line sizes.
> Step: build the whole table.
> Step: init table outer spec.
> Step: parse table options.
> Step: split table.
> Step: init table inner spec.
> Step: parse table inner spec.
> Step: execute table commands.
> Step: calculate cell and line sizes.
> Step: build the whole table.

Underfull \hbox (badness 10000) detected at line 1499
[][][]
 []

 <./classgg_1_1GgMatrix_ab74f171ed21474bc9970d2765f92e6c7_cgraph.pdf>
<classgg_1_1GgMatrix_ab74f171ed21474bc9970d2765f92e6c7_cgraph.pdf, id=9798, 352
.31625pt x 100.375pt>
File: classgg_1_1GgMatrix_ab74f171ed21474bc9970d2765f92e6c7_cgraph.pdf Graphic 
file (type pdf)
<use classgg_1_1GgMatrix_ab74f171ed21474bc9970d2765f92e6c7_cgraph.pdf>
Package pdftex.def Info: classgg_1_1GgMatrix_ab74f171ed21474bc9970d2765f92e6c7_
cgraph.pdf  used on input line 1511.
(pdftex.def)             Requested size: 350.0pt x 99.71461pt.
 <./classgg_1_1GgMatrix_ab74f171ed21474bc9970d2765f92e6c7_icgraph.pdf>
<classgg_1_1GgMatrix_ab74f171ed21474bc9970d2765f92e6c7_icgraph.pdf, id=9806, 52
2.95375pt x 558.085pt>
File: classgg_1_1GgMatrix_ab74f171ed21474bc9970d2765f92e6c7_icgraph.pdf Graphic
 file (type pdf)
<use classgg_1_1GgMatrix_ab74f171ed21474bc9970d2765f92e6c7_icgraph.pdf>
Package pdftex.def Info: classgg_1_1GgMatrix_ab74f171ed21474bc9970d2765f92e6c7_
icgraph.pdf  used on input line 1519.
(pdftex.def)             Requested size: 350.0pt x 373.51477pt.



Package fancyhdr Warning: \headheight is too small (12.0pt): 
(fancyhdr)                Make it at least 12.00003pt, for example:
(fancyhdr)                \setlength{\headheight}{12.00003pt}.
(fancyhdr)                You might also make \topmargin smaller:
(fancyhdr)                \addtolength{\topmargin}{-0.00003pt}.

[151]
> Step: init table outer spec.
> Step: parse table options.
> Step: split table.
> Step: init table inner spec.
> Step: parse table inner spec.
> Step: execute table commands.
> Step: calculate cell and line sizes.
> Step: build the whole table.
> Step: init table outer spec.
> Step: parse table options.
> Step: split table.
> Step: init table inner spec.
> Step: parse table inner spec.
> Step: execute table commands.
> Step: calculate cell and line sizes.
> Step: build the whole table.

Underfull \hbox (badness 10000) detected at line 1535
[][][]
 []

 <./classgg_1_1GgMatrix_a7dd61f98e688a47b12055b33e1611d5e_cgraph.pdf>
<classgg_1_1GgMatrix_a7dd61f98e688a47b12055b33e1611d5e_cgraph.pdf, id=9837, 672
.5125pt x 157.58875pt>
File: classgg_1_1GgMatrix_a7dd61f98e688a47b12055b33e1611d5e_cgraph.pdf Graphic 
file (type pdf)
<use classgg_1_1GgMatrix_a7dd61f98e688a47b12055b33e1611d5e_cgraph.pdf>
Package pdftex.def Info: classgg_1_1GgMatrix_a7dd61f98e688a47b12055b33e1611d5e_
cgraph.pdf  used on input line 1547.
(pdftex.def)             Requested size: 350.0pt x 82.01393pt.



Package fancyhdr Warning: \headheight is too small (12.0pt): 
(fancyhdr)                Make it at least 12.00003pt, for example:
(fancyhdr)                \setlength{\headheight}{12.00003pt}.
(fancyhdr)                You might also make \topmargin smaller:
(fancyhdr)                \addtolength{\topmargin}{-0.00003pt}.

[152]
> Step: init table outer spec.
> Step: parse table options.
> Step: split table.
> Step: init table inner spec.
> Step: parse table inner spec.
> Step: execute table commands.
> Step: calculate cell and line sizes.
> Step: build the whole table.
> Step: init table outer spec.
> Step: parse table options.
> Step: split table.
> Step: init table inner spec.
> Step: parse table inner spec.
> Step: execute table commands.
> Step: calculate cell and line sizes.
> Step: build the whole table.

Underfull \hbox (badness 10000) detected at line 1563
[][][]
 []

 <./classgg_1_1GgMatrix_a4655c7207828ffe6c5c3e11b32193eb8_cgraph.pdf>
<classgg_1_1GgMatrix_a4655c7207828ffe6c5c3e11b32193eb8_cgraph.pdf, id=9855, 512
.91624pt x 119.44624pt>
File: classgg_1_1GgMatrix_a4655c7207828ffe6c5c3e11b32193eb8_cgraph.pdf Graphic 
file (type pdf)
<use classgg_1_1GgMatrix_a4655c7207828ffe6c5c3e11b32193eb8_cgraph.pdf>
Package pdftex.def Info: classgg_1_1GgMatrix_a4655c7207828ffe6c5c3e11b32193eb8_
cgraph.pdf  used on input line 1575.
(pdftex.def)             Requested size: 350.0pt x 81.50668pt.
 <./classgg_1_1GgMatrix_a4655c7207828ffe6c5c3e11b32193eb8_icgraph.pdf>
<classgg_1_1GgMatrix_a4655c7207828ffe6c5c3e11b32193eb8_icgraph.pdf, id=9863, 36
4.36125pt x 100.375pt>
File: classgg_1_1GgMatrix_a4655c7207828ffe6c5c3e11b32193eb8_icgraph.pdf Graphic
 file (type pdf)
<use classgg_1_1GgMatrix_a4655c7207828ffe6c5c3e11b32193eb8_icgraph.pdf>
Package pdftex.def Info: classgg_1_1GgMatrix_a4655c7207828ffe6c5c3e11b32193eb8_
icgraph.pdf  used on input line 1583.
(pdftex.def)             Requested size: 350.0pt x 96.42168pt.
> Step: init table outer spec.
> Step: parse table options.
> Step: split table.
> Step: init table inner spec.
> Step: parse table inner spec.
> Step: execute table commands.
> Step: calculate cell and line sizes.
> Step: build the whole table.
> Step: init table outer spec.
> Step: parse table options.
> Step: split table.
> Step: init table inner spec.
> Step: parse table inner spec.
> Step: execute table commands.
> Step: calculate cell and line sizes.
> Step: build the whole table.



Package fancyhdr Warning: \headheight is too small (12.0pt): 
(fancyhdr)                Make it at least 12.00003pt, for example:
(fancyhdr)                \setlength{\headheight}{12.00003pt}.
(fancyhdr)                You might also make \topmargin smaller:
(fancyhdr)                \addtolength{\topmargin}{-0.00003pt}.

[153]


Package fancyhdr Warning: \headheight is too small (12.0pt): 
(fancyhdr)                Make it at least 12.00003pt, for example:
(fancyhdr)                \setlength{\headheight}{12.00003pt}.
(fancyhdr)                You might also make \topmargin smaller:
(fancyhdr)                \addtolength{\topmargin}{-0.00003pt}.

[154]
Underfull \hbox (badness 10000) detected at line 1599
[][][]
 []

 <./classgg_1_1GgMatrix_a91696a62af36fd3056300150bd1510fa_cgraph.pdf>
<classgg_1_1GgMatrix_a91696a62af36fd3056300150bd1510fa_cgraph.pdf, id=9898, 510
.90875pt x 119.44624pt>
File: classgg_1_1GgMatrix_a91696a62af36fd3056300150bd1510fa_cgraph.pdf Graphic 
file (type pdf)
<use classgg_1_1GgMatrix_a91696a62af36fd3056300150bd1510fa_cgraph.pdf>
Package pdftex.def Info: classgg_1_1GgMatrix_a91696a62af36fd3056300150bd1510fa_
cgraph.pdf  used on input line 1611.
(pdftex.def)             Requested size: 350.0pt x 81.82564pt.
> Step: init table outer spec.
> Step: parse table options.
> Step: split table.
> Step: init table inner spec.
> Step: parse table inner spec.
> Step: execute table commands.
> Step: calculate cell and line sizes.
> Step: build the whole table.
> Step: init table outer spec.
> Step: parse table options.
> Step: split table.
> Step: init table inner spec.
> Step: parse table inner spec.
> Step: execute table commands.
> Step: calculate cell and line sizes.
> Step: build the whole table.

Underfull \hbox (badness 10000) detected at line 1627
[][][]
 []

 <./classgg_1_1GgMatrix_a141295bcb96b795e9183bee00a2cf5b0_cgraph.pdf>
<classgg_1_1GgMatrix_a141295bcb96b795e9183bee00a2cf5b0_cgraph.pdf, id=9910, 355
.3275pt x 100.375pt>
File: classgg_1_1GgMatrix_a141295bcb96b795e9183bee00a2cf5b0_cgraph.pdf Graphic 
file (type pdf)
<use classgg_1_1GgMatrix_a141295bcb96b795e9183bee00a2cf5b0_cgraph.pdf>
Package pdftex.def Info: classgg_1_1GgMatrix_a141295bcb96b795e9183bee00a2cf5b0_
cgraph.pdf  used on input line 1639.
(pdftex.def)             Requested size: 350.0pt x 98.87376pt.
 <./classgg_1_1GgMatrix_a141295bcb96b795e9183bee00a2cf5b0_icgraph.pdf>
<classgg_1_1GgMatrix_a141295bcb96b795e9183bee00a2cf5b0_icgraph.pdf, id=9918, 35
6.33125pt x 100.375pt>
File: classgg_1_1GgMatrix_a141295bcb96b795e9183bee00a2cf5b0_icgraph.pdf Graphic
 file (type pdf)
<use classgg_1_1GgMatrix_a141295bcb96b795e9183bee00a2cf5b0_icgraph.pdf>
Package pdftex.def Info: classgg_1_1GgMatrix_a141295bcb96b795e9183bee00a2cf5b0_
icgraph.pdf  used on input line 1647.
(pdftex.def)             Requested size: 350.0pt x 98.59502pt.



Package fancyhdr Warning: \headheight is too small (12.0pt): 
(fancyhdr)                Make it at least 12.00003pt, for example:
(fancyhdr)                \setlength{\headheight}{12.00003pt}.
(fancyhdr)                You might also make \topmargin smaller:
(fancyhdr)                \addtolength{\topmargin}{-0.00003pt}.

[155]
> Step: init table outer spec.
> Step: parse table options.
> Step: split table.
> Step: init table inner spec.
> Step: parse table inner spec.
> Step: execute table commands.
> Step: calculate cell and line sizes.
> Step: build the whole table.
> Step: init table outer spec.
> Step: parse table options.
> Step: split table.
> Step: init table inner spec.
> Step: parse table inner spec.
> Step: execute table commands.
> Step: calculate cell and line sizes.
> Step: build the whole table.

Underfull \hbox (badness 10000) detected at line 1663
[][][]
 []

 <./classgg_1_1GgMatrix_a1629f241301976c3d0d87d0e7cc4f16a_cgraph.pdf>
<classgg_1_1GgMatrix_a1629f241301976c3d0d87d0e7cc4f16a_cgraph.pdf, id=9949, 522
.95375pt x 119.44624pt>
File: classgg_1_1GgMatrix_a1629f241301976c3d0d87d0e7cc4f16a_cgraph.pdf Graphic 
file (type pdf)
<use classgg_1_1GgMatrix_a1629f241301976c3d0d87d0e7cc4f16a_cgraph.pdf>
Package pdftex.def Info: classgg_1_1GgMatrix_a1629f241301976c3d0d87d0e7cc4f16a_
cgraph.pdf  used on input line 1675.
(pdftex.def)             Requested size: 350.0pt x 79.94289pt.
> Step: init table outer spec.
> Step: parse table options.
> Step: split table.
> Step: init table inner spec.
> Step: parse table inner spec.
> Step: execute table commands.
> Step: calculate cell and line sizes.
> Step: build the whole table.
> Step: init table outer spec.
> Step: parse table options.
> Step: split table.
> Step: init table inner spec.
> Step: parse table inner spec.
> Step: execute table commands.
> Step: calculate cell and line sizes.
> Step: build the whole table.

Underfull \hbox (badness 10000) detected at line 1691
[][][]
 []

 <./classgg_1_1GgMatrix_a0d6e22e769769b44d6942062db8b5b40_cgraph.pdf>
<classgg_1_1GgMatrix_a0d6e22e769769b44d6942062db8b5b40_cgraph.pdf, id=9960, 361
.35pt x 100.375pt>
File: classgg_1_1GgMatrix_a0d6e22e769769b44d6942062db8b5b40_cgraph.pdf Graphic 
file (type pdf)
<use classgg_1_1GgMatrix_a0d6e22e769769b44d6942062db8b5b40_cgraph.pdf>
Package pdftex.def Info: classgg_1_1GgMatrix_a0d6e22e769769b44d6942062db8b5b40_
cgraph.pdf  used on input line 1703.
(pdftex.def)             Requested size: 350.0pt x 97.2227pt.
 <./classgg_1_1GgMatrix_a0d6e22e769769b44d6942062db8b5b40_icgraph.pdf>
<classgg_1_1GgMatrix_a0d6e22e769769b44d6942062db8b5b40_icgraph.pdf, id=9968, 36
8.37625pt x 100.375pt>
File: classgg_1_1GgMatrix_a0d6e22e769769b44d6942062db8b5b40_icgraph.pdf Graphic
 file (type pdf)
<use classgg_1_1GgMatrix_a0d6e22e769769b44d6942062db8b5b40_icgraph.pdf>
Package pdftex.def Info: classgg_1_1GgMatrix_a0d6e22e769769b44d6942062db8b5b40_
icgraph.pdf  used on input line 1711.
(pdftex.def)             Requested size: 350.0pt x 95.36641pt.



Package fancyhdr Warning: \headheight is too small (12.0pt): 
(fancyhdr)                Make it at least 12.00003pt, for example:
(fancyhdr)                \setlength{\headheight}{12.00003pt}.
(fancyhdr)                You might also make \topmargin smaller:
(fancyhdr)                \addtolength{\topmargin}{-0.00003pt}.

[156]
> Step: init table outer spec.
> Step: parse table options.
> Step: split table.
> Step: init table inner spec.
> Step: parse table inner spec.
> Step: execute table commands.
> Step: calculate cell and line sizes.
> Step: build the whole table.
> Step: init table outer spec.
> Step: parse table options.
> Step: split table.
> Step: init table inner spec.
> Step: parse table inner spec.
> Step: execute table commands.
> Step: calculate cell and line sizes.
> Step: build the whole table.

Underfull \hbox (badness 10000) detected at line 1727
[][][]
 []

 <./classgg_1_1GgMatrix_aafae7c9391986b884ebf95f81a3408f0_cgraph.pdf>
<classgg_1_1GgMatrix_aafae7c9391986b884ebf95f81a3408f0_cgraph.pdf, id=9998, 504
.88625pt x 119.44624pt>
File: classgg_1_1GgMatrix_aafae7c9391986b884ebf95f81a3408f0_cgraph.pdf Graphic 
file (type pdf)
<use classgg_1_1GgMatrix_aafae7c9391986b884ebf95f81a3408f0_cgraph.pdf>
Package pdftex.def Info: classgg_1_1GgMatrix_aafae7c9391986b884ebf95f81a3408f0_
cgraph.pdf  used on input line 1739.
(pdftex.def)             Requested size: 350.0pt x 82.80437pt.
> Step: init table outer spec.
> Step: parse table options.
> Step: split table.
> Step: init table inner spec.
> Step: parse table inner spec.
> Step: execute table commands.
> Step: calculate cell and line sizes.
> Step: build the whole table.
> Step: init table outer spec.
> Step: parse table options.
> Step: split table.
> Step: init table inner spec.
> Step: parse table inner spec.
> Step: execute table commands.
> Step: calculate cell and line sizes.
> Step: build the whole table.

Underfull \hbox (badness 10000) detected at line 1755
[][][]
 []

 <./classgg_1_1GgMatrix_a38a533625fe483e8d6ee209f7e313604_cgraph.pdf>
<classgg_1_1GgMatrix_a38a533625fe483e8d6ee209f7e313604_cgraph.pdf, id=10010, 35
2.31625pt x 100.375pt>
File: classgg_1_1GgMatrix_a38a533625fe483e8d6ee209f7e313604_cgraph.pdf Graphic 
file (type pdf)
<use classgg_1_1GgMatrix_a38a533625fe483e8d6ee209f7e313604_cgraph.pdf>
Package pdftex.def Info: classgg_1_1GgMatrix_a38a533625fe483e8d6ee209f7e313604_
cgraph.pdf  used on input line 1767.
(pdftex.def)             Requested size: 350.0pt x 99.71461pt.


LaTeX Font Info:    Font shape `OT1/phv/m/n' will be
(Font)              scaled to size 8.99994pt on input line 1770.
LaTeX Font Info:    Font shape `OT1/phv/m/n' will be
(Font)              scaled to size 8.99994pt on input line 1770.
LaTeX Font Info:    Font shape `OT1/phv/m/n' will be
(Font)              scaled to size 8.99994pt on input line 1770.
LaTeX Font Info:    Font shape `OT1/phv/b/n' will be
(Font)              scaled to size 8.99994pt on input line 1770.
LaTeX Font Info:    Font shape `OT1/phv/b/n' will be
(Font)              scaled to size 6.29996pt on input line 1770.
LaTeX Font Info:    Font shape `OT1/phv/b/n' will be
(Font)              scaled to size 6.29996pt on input line 1770.
LaTeX Font Info:    Font shape `OT1/phv/b/n' will be
(Font)              scaled to size 8.99994pt on input line 1770.

Package fancyhdr Warning: \headheight is too small (12.0pt): 
(fancyhdr)                Make it at least 12.00003pt, for example:
(fancyhdr)                \setlength{\headheight}{12.00003pt}.
(fancyhdr)                You might also make \topmargin smaller:
(fancyhdr)                \addtolength{\topmargin}{-0.00003pt}.

LaTeX Font Info:    Font shape `OT1/phv/m/n' will be
(Font)              scaled to size 8.99994pt on input line 1770.
LaTeX Font Info:    Font shape `OT1/phv/b/n' will be
(Font)              scaled to size 8.99994pt on input line 1770.
LaTeX Font Info:    Font shape `OT1/phv/b/n' will be
(Font)              scaled to size 6.29996pt on input line 1770.
LaTeX Font Info:    Font shape `OT1/phv/b/n' will be
(Font)              scaled to size 6.29996pt on input line 1770.
[157] <./classgg_1_1GgMatrix_a38a533625fe483e8d6ee209f7e313604_icgraph.pdf>
<classgg_1_1GgMatrix_a38a533625fe483e8d6ee209f7e313604_icgraph.pdf, id=10029, 3
50.30875pt x 100.375pt>
File: classgg_1_1GgMatrix_a38a533625fe483e8d6ee209f7e313604_icgraph.pdf Graphic
 file (type pdf)
<use classgg_1_1GgMatrix_a38a533625fe483e8d6ee209f7e313604_icgraph.pdf>
Package pdftex.def Info: classgg_1_1GgMatrix_a38a533625fe483e8d6ee209f7e313604_
icgraph.pdf  used on input line 1775.
(pdftex.def)             Requested size: 349.0pt x 100.00716pt.
> Step: init table outer spec.
> Step: parse table options.
> Step: split table.
> Step: init table inner spec.
> Step: parse table inner spec.
> Step: execute table commands.
> Step: calculate cell and line sizes.
> Step: build the whole table.
> Step: init table outer spec.
> Step: parse table options.
> Step: split table.
> Step: init table inner spec.
> Step: parse table inner spec.
> Step: execute table commands.
> Step: calculate cell and line sizes.
> Step: build the whole table.

Underfull \hbox (badness 10000) detected at line 1791
[][][]
 []

 <./classgg_1_1GgMatrix_af6cbb9381f6260917a23405f6a4afa62_cgraph.pdf>
<classgg_1_1GgMatrix_af6cbb9381f6260917a23405f6a4afa62_cgraph.pdf, id=10047, 51
6.93124pt x 119.44624pt>
File: classgg_1_1GgMatrix_af6cbb9381f6260917a23405f6a4afa62_cgraph.pdf Graphic 
file (type pdf)
<use classgg_1_1GgMatrix_af6cbb9381f6260917a23405f6a4afa62_cgraph.pdf>
Package pdftex.def Info: classgg_1_1GgMatrix_af6cbb9381f6260917a23405f6a4afa62_
cgraph.pdf  used on input line 1803.
(pdftex.def)             Requested size: 350.0pt x 80.87607pt.
> Step: init table outer spec.
> Step: parse table options.
> Step: split table.
> Step: init table inner spec.
> Step: parse table inner spec.
> Step: execute table commands.
> Step: calculate cell and line sizes.
> Step: build the whole table.
> Step: init table outer spec.
> Step: parse table options.
> Step: split table.
> Step: init table inner spec.
> Step: parse table inner spec.
> Step: execute table commands.
> Step: calculate cell and line sizes.
> Step: build the whole table.



Package fancyhdr Warning: \headheight is too small (12.0pt): 
(fancyhdr)                Make it at least 12.00003pt, for example:
(fancyhdr)                \setlength{\headheight}{12.00003pt}.
(fancyhdr)                You might also make \topmargin smaller:
(fancyhdr)                \addtolength{\topmargin}{-0.00003pt}.

[158]


Package fancyhdr Warning: \headheight is too small (12.0pt): 
(fancyhdr)                Make it at least 12.00003pt, for example:
(fancyhdr)                \setlength{\headheight}{12.00003pt}.
(fancyhdr)                You might also make \topmargin smaller:
(fancyhdr)                \addtolength{\topmargin}{-0.00003pt}.

[159]
Underfull \hbox (badness 10000) detected at line 1819
[][][]
 []

 <./classgg_1_1GgMatrix_ab7c83c176d93990cc7c8261962615aca_cgraph.pdf>
<classgg_1_1GgMatrix_ab7c83c176d93990cc7c8261962615aca_cgraph.pdf, id=10074, 35
8.33875pt x 100.375pt>
File: classgg_1_1GgMatrix_ab7c83c176d93990cc7c8261962615aca_cgraph.pdf Graphic 
file (type pdf)
<use classgg_1_1GgMatrix_ab7c83c176d93990cc7c8261962615aca_cgraph.pdf>
Package pdftex.def Info: classgg_1_1GgMatrix_ab7c83c176d93990cc7c8261962615aca_
cgraph.pdf  used on input line 1831.
(pdftex.def)             Requested size: 350.0pt x 98.04518pt.
 <./classgg_1_1GgMatrix_ab7c83c176d93990cc7c8261962615aca_icgraph.pdf>
<classgg_1_1GgMatrix_ab7c83c176d93990cc7c8261962615aca_icgraph.pdf, id=10082, 3
62.35374pt x 100.375pt>
File: classgg_1_1GgMatrix_ab7c83c176d93990cc7c8261962615aca_icgraph.pdf Graphic
 file (type pdf)
<use classgg_1_1GgMatrix_ab7c83c176d93990cc7c8261962615aca_icgraph.pdf>
Package pdftex.def Info: classgg_1_1GgMatrix_ab7c83c176d93990cc7c8261962615aca_
icgraph.pdf  used on input line 1839.
(pdftex.def)             Requested size: 350.0pt x 96.95468pt.
> Step: init table outer spec.
> Step: parse table options.
> Step: split table.
> Step: init table inner spec.
> Step: parse table inner spec.
> Step: execute table commands.
> Step: calculate cell and line sizes.
> Step: build the whole table.
> Step: init table outer spec.
> Step: parse table options.
> Step: split table.
> Step: init table inner spec.
> Step: parse table inner spec.
> Step: execute table commands.
> Step: calculate cell and line sizes.
> Step: build the whole table.

Underfull \hbox (badness 10000) detected at line 1855
[][][]
 []

 <./classgg_1_1GgMatrix_aa078aff74fde602835eb40e27b27839a_cgraph.pdf>
<classgg_1_1GgMatrix_aa078aff74fde602835eb40e27b27839a_cgraph.pdf, id=10101, 50
7.8975pt x 138.5175pt>
File: classgg_1_1GgMatrix_aa078aff74fde602835eb40e27b27839a_cgraph.pdf Graphic 
file (type pdf)
<use classgg_1_1GgMatrix_aa078aff74fde602835eb40e27b27839a_cgraph.pdf>
Package pdftex.def Info: classgg_1_1GgMatrix_aa078aff74fde602835eb40e27b27839a_
cgraph.pdf  used on input line 1867.
(pdftex.def)             Requested size: 350.0pt x 95.4567pt.



Package fancyhdr Warning: \headheight is too small (12.0pt): 
(fancyhdr)                Make it at least 12.00003pt, for example:
(fancyhdr)                \setlength{\headheight}{12.00003pt}.
(fancyhdr)                You might also make \topmargin smaller:
(fancyhdr)                \addtolength{\topmargin}{-0.00003pt}.

[160]
> Step: init table outer spec.
> Step: parse table options.
> Step: split table.
> Step: init table inner spec.
> Step: parse table inner spec.
> Step: execute table commands.
> Step: calculate cell and line sizes.
> Step: build the whole table.
> Step: init table outer spec.
> Step: parse table options.
> Step: split table.
> Step: init table inner spec.
> Step: parse table inner spec.
> Step: execute table commands.
> Step: calculate cell and line sizes.
> Step: build the whole table.

Underfull \hbox (badness 10000) detected at line 1883
[][][]
 []

 <./classgg_1_1GgMatrix_a2de1a5ba97c7946307f99c67af8afd39_cgraph.pdf>
<classgg_1_1GgMatrix_a2de1a5ba97c7946307f99c67af8afd39_cgraph.pdf, id=10124, 35
5.3275pt x 138.5175pt>
File: classgg_1_1GgMatrix_a2de1a5ba97c7946307f99c67af8afd39_cgraph.pdf Graphic 
file (type pdf)
<use classgg_1_1GgMatrix_a2de1a5ba97c7946307f99c67af8afd39_cgraph.pdf>
Package pdftex.def Info: classgg_1_1GgMatrix_a2de1a5ba97c7946307f99c67af8afd39_
cgraph.pdf  used on input line 1895.
(pdftex.def)             Requested size: 350.0pt x 136.44582pt.
 <./classgg_1_1GgMatrix_a2de1a5ba97c7946307f99c67af8afd39_icgraph.pdf>
<classgg_1_1GgMatrix_a2de1a5ba97c7946307f99c67af8afd39_icgraph.pdf, id=10132, 5
15.9275pt x 138.5175pt>
File: classgg_1_1GgMatrix_a2de1a5ba97c7946307f99c67af8afd39_icgraph.pdf Graphic
 file (type pdf)
<use classgg_1_1GgMatrix_a2de1a5ba97c7946307f99c67af8afd39_icgraph.pdf>
Package pdftex.def Info: classgg_1_1GgMatrix_a2de1a5ba97c7946307f99c67af8afd39_
icgraph.pdf  used on input line 1903.
(pdftex.def)             Requested size: 350.0pt x 93.97083pt.
> Step: init table outer spec.
> Step: parse table options.
> Step: split table.
> Step: init table inner spec.
> Step: parse table inner spec.
> Step: execute table commands.
> Step: calculate cell and line sizes.
> Step: build the whole table.
> Step: init table outer spec.
> Step: parse table options.
> Step: split table.
> Step: init table inner spec.
> Step: parse table inner spec.
> Step: execute table commands.
> Step: calculate cell and line sizes.
> Step: build the whole table.

Underfull \hbox (badness 10000) detected at line 1919
[][][]
 []

 <./classgg_1_1GgMatrix_a3d2fc2cd5e3a86e2883acc1c5acef01c_cgraph.pdf>
<classgg_1_1GgMatrix_a3d2fc2cd5e3a86e2883acc1c5acef01c_cgraph.pdf, id=10150, 67
3.51625pt x 157.58875pt>
File: classgg_1_1GgMatrix_a3d2fc2cd5e3a86e2883acc1c5acef01c_cgraph.pdf Graphic 
file (type pdf)
<use classgg_1_1GgMatrix_a3d2fc2cd5e3a86e2883acc1c5acef01c_cgraph.pdf>
Package pdftex.def Info: classgg_1_1GgMatrix_a3d2fc2cd5e3a86e2883acc1c5acef01c_
cgraph.pdf  used on input line 1931.
(pdftex.def)             Requested size: 350.0pt x 81.8937pt.



Package fancyhdr Warning: \headheight is too small (12.0pt): 
(fancyhdr)                Make it at least 12.00003pt, for example:
(fancyhdr)                \setlength{\headheight}{12.00003pt}.
(fancyhdr)                You might also make \topmargin smaller:
(fancyhdr)                \addtolength{\topmargin}{-0.00003pt}.

[161]
> Step: init table outer spec.
> Step: parse table options.
> Step: split table.
> Step: init table inner spec.
> Step: parse table inner spec.
> Step: execute table commands.
> Step: calculate cell and line sizes.
> Step: build the whole table.
> Step: init table outer spec.
> Step: parse table options.
> Step: split table.
> Step: init table inner spec.
> Step: parse table inner spec.
> Step: execute table commands.
> Step: calculate cell and line sizes.
> Step: build the whole table.

Underfull \hbox (badness 10000) detected at line 1947
[][][]
 []

 <./classgg_1_1GgMatrix_aba57513ebc65d37bc8b82dd080a87bae_cgraph.pdf>
<classgg_1_1GgMatrix_aba57513ebc65d37bc8b82dd080a87bae_cgraph.pdf, id=10172, 51
3.92pt x 138.5175pt>
File: classgg_1_1GgMatrix_aba57513ebc65d37bc8b82dd080a87bae_cgraph.pdf Graphic 
file (type pdf)
<use classgg_1_1GgMatrix_aba57513ebc65d37bc8b82dd080a87bae_cgraph.pdf>
Package pdftex.def Info: classgg_1_1GgMatrix_aba57513ebc65d37bc8b82dd080a87bae_
cgraph.pdf  used on input line 1959.
(pdftex.def)             Requested size: 350.0pt x 94.33647pt.
 <./classgg_1_1GgMatrix_aba57513ebc65d37bc8b82dd080a87bae_icgraph.pdf>
<classgg_1_1GgMatrix_aba57513ebc65d37bc8b82dd080a87bae_icgraph.pdf, id=10180, 3
62.35374pt x 100.375pt>
File: classgg_1_1GgMatrix_aba57513ebc65d37bc8b82dd080a87bae_icgraph.pdf Graphic
 file (type pdf)
<use classgg_1_1GgMatrix_aba57513ebc65d37bc8b82dd080a87bae_icgraph.pdf>
Package pdftex.def Info: classgg_1_1GgMatrix_aba57513ebc65d37bc8b82dd080a87bae_
icgraph.pdf  used on input line 1967.
(pdftex.def)             Requested size: 350.0pt x 96.95468pt.


LaTeX Font Info:    Font shape `OT1/phv/m/n' will be
(Font)              scaled to size 8.99994pt on input line 1976.
LaTeX Font Info:    Font shape `OT1/phv/m/n' will be
(Font)              scaled to size 8.99994pt on input line 1976.
LaTeX Font Info:    Font shape `OT1/phv/m/n' will be
(Font)              scaled to size 8.99994pt on input line 1976.
LaTeX Font Info:    Font shape `OT1/phv/b/n' will be
(Font)              scaled to size 8.99994pt on input line 1976.
LaTeX Font Info:    Font shape `OT1/phv/b/n' will be
(Font)              scaled to size 8.99994pt on input line 1976.

Package fancyhdr Warning: \headheight is too small (12.0pt): 
(fancyhdr)                Make it at least 12.00003pt, for example:
(fancyhdr)                \setlength{\headheight}{12.00003pt}.
(fancyhdr)                You might also make \topmargin smaller:
(fancyhdr)                \addtolength{\topmargin}{-0.00003pt}.

LaTeX Font Info:    Font shape `OT1/phv/m/n' will be
(Font)              scaled to size 8.99994pt on input line 1976.
LaTeX Font Info:    Font shape `OT1/phv/b/n' will be
(Font)              scaled to size 8.99994pt on input line 1976.
LaTeX Font Info:    Font shape `OT1/phv/b/n' will be
(Font)              scaled to size 6.29996pt on input line 1976.
LaTeX Font Info:    Font shape `OT1/phv/b/n' will be
(Font)              scaled to size 6.29996pt on input line 1976.
[162] <./classgg_1_1GgMatrix_a77ce78fe534d5ca4c02d1958a560a3f5_cgraph.pdf>
<classgg_1_1GgMatrix_a77ce78fe534d5ca4c02d1958a560a3f5_cgraph.pdf, id=10201, 35
5.3275pt x 100.375pt>
File: classgg_1_1GgMatrix_a77ce78fe534d5ca4c02d1958a560a3f5_cgraph.pdf Graphic 
file (type pdf)
<use classgg_1_1GgMatrix_a77ce78fe534d5ca4c02d1958a560a3f5_cgraph.pdf>
Package pdftex.def Info: classgg_1_1GgMatrix_a77ce78fe534d5ca4c02d1958a560a3f5_
cgraph.pdf  used on input line 1981.
(pdftex.def)             Requested size: 350.0pt x 98.87376pt.
> Step: init table outer spec.
> Step: parse table options.
> Step: split table.
> Step: init table inner spec.
> Step: parse table inner spec.
> Step: execute table commands.
> Step: calculate cell and line sizes.
> Step: build the whole table.
> Step: init table outer spec.
> Step: parse table options.
> Step: split table.
> Step: init table inner spec.
> Step: parse table inner spec.
> Step: execute table commands.
> Step: calculate cell and line sizes.
> Step: build the whole table.

Underfull \hbox (badness 10000) detected at line 1997
[][][]
 []

 <./classgg_1_1GgMatrix_a1f5f1ebb10022d1f019f079514ce45db_cgraph.pdf>
<classgg_1_1GgMatrix_a1f5f1ebb10022d1f019f079514ce45db_cgraph.pdf, id=10213, 35
5.3275pt x 100.375pt>
File: classgg_1_1GgMatrix_a1f5f1ebb10022d1f019f079514ce45db_cgraph.pdf Graphic 
file (type pdf)
<use classgg_1_1GgMatrix_a1f5f1ebb10022d1f019f079514ce45db_cgraph.pdf>
Package pdftex.def Info: classgg_1_1GgMatrix_a1f5f1ebb10022d1f019f079514ce45db_
cgraph.pdf  used on input line 2009.
(pdftex.def)             Requested size: 350.0pt x 98.87376pt.
 <./classgg_1_1GgMatrix_a544ed944aa670100bc7408eea7c4da09_cgraph.pdf>
<classgg_1_1GgMatrix_a544ed944aa670100bc7408eea7c4da09_cgraph.pdf, id=10223, 35
5.3275pt x 100.375pt>
File: classgg_1_1GgMatrix_a544ed944aa670100bc7408eea7c4da09_cgraph.pdf Graphic 
file (type pdf)
<use classgg_1_1GgMatrix_a544ed944aa670100bc7408eea7c4da09_cgraph.pdf>
Package pdftex.def Info: classgg_1_1GgMatrix_a544ed944aa670100bc7408eea7c4da09_
cgraph.pdf  used on input line 2023.
(pdftex.def)             Requested size: 350.0pt x 98.87376pt.



Package fancyhdr Warning: \headheight is too small (12.0pt): 
(fancyhdr)                Make it at least 12.00003pt, for example:
(fancyhdr)                \setlength{\headheight}{12.00003pt}.
(fancyhdr)                You might also make \topmargin smaller:
(fancyhdr)                \addtolength{\topmargin}{-0.00003pt}.

[163]
> Step: init table outer spec.
> Step: parse table options.
> Step: split table.
> Step: init table inner spec.
> Step: parse table inner spec.
> Step: execute table commands.
> Step: calculate cell and line sizes.
> Step: build the whole table.
> Step: init table outer spec.
> Step: parse table options.
> Step: split table.
> Step: init table inner spec.
> Step: parse table inner spec.
> Step: execute table commands.
> Step: calculate cell and line sizes.
> Step: build the whole table.

Underfull \hbox (badness 10000) detected at line 2049
[][][]
 []

 <./classgg_1_1GgMatrix_ab9cb6439fd594e523d39a4efd8eb0f86_cgraph.pdf>
<classgg_1_1GgMatrix_ab9cb6439fd594e523d39a4efd8eb0f86_cgraph.pdf, id=10243, 53
9.01375pt x 152.57pt>
File: classgg_1_1GgMatrix_ab9cb6439fd594e523d39a4efd8eb0f86_cgraph.pdf Graphic 
file (type pdf)
<use classgg_1_1GgMatrix_ab9cb6439fd594e523d39a4efd8eb0f86_cgraph.pdf>
Package pdftex.def Info: classgg_1_1GgMatrix_ab9cb6439fd594e523d39a4efd8eb0f86_
cgraph.pdf  used on input line 2061.
(pdftex.def)             Requested size: 350.0pt x 99.06921pt.



Package fancyhdr Warning: \headheight is too small (12.0pt): 
(fancyhdr)                Make it at least 12.00003pt, for example:
(fancyhdr)                \setlength{\headheight}{12.00003pt}.
(fancyhdr)                You might also make \topmargin smaller:
(fancyhdr)                \addtolength{\topmargin}{-0.00003pt}.

[164]
> Step: init table outer spec.
> Step: parse table options.
> Step: split table.
> Step: init table inner spec.
> Step: parse table inner spec.
> Step: execute table commands.
> Step: calculate cell and line sizes.
> Step: build the whole table.
> Step: init table outer spec.
> Step: parse table options.
> Step: split table.
> Step: init table inner spec.
> Step: parse table inner spec.
> Step: execute table commands.
> Step: calculate cell and line sizes.
> Step: build the whole table.

Underfull \hbox (badness 10000) detected at line 2083
[][][]
 []

 <./classgg_1_1GgMatrix_afcd829d6ee34cf494c96e9d6ca1e6192_cgraph.pdf>
<classgg_1_1GgMatrix_afcd829d6ee34cf494c96e9d6ca1e6192_cgraph.pdf, id=10263, 54
9.05125pt x 152.57pt>
File: classgg_1_1GgMatrix_afcd829d6ee34cf494c96e9d6ca1e6192_cgraph.pdf Graphic 
file (type pdf)
<use classgg_1_1GgMatrix_afcd829d6ee34cf494c96e9d6ca1e6192_cgraph.pdf>
Package pdftex.def Info: classgg_1_1GgMatrix_afcd829d6ee34cf494c96e9d6ca1e6192_
cgraph.pdf  used on input line 2095.
(pdftex.def)             Requested size: 350.0pt x 97.26033pt.
> Step: init table outer spec.
> Step: parse table options.
> Step: split table.
> Step: init table inner spec.
> Step: parse table inner spec.
> Step: execute table commands.
> Step: calculate cell and line sizes.
> Step: build the whole table.
> Step: init table outer spec.
> Step: parse table options.
> Step: split table.
> Step: init table inner spec.
> Step: parse table inner spec.
> Step: execute table commands.
> Step: calculate cell and line sizes.
> Step: build the whole table.
> Step: init table outer spec.
> Step: parse table options.
> Step: split table.
> Step: init table inner spec.
> Step: parse table inner spec.
> Step: execute table commands.
> Step: calculate cell and line sizes.
> Step: build the whole table.
> Step: init table outer spec.
> Step: parse table options.
> Step: split table.
> Step: init table inner spec.
> Step: parse table inner spec.
> Step: execute table commands.
> Step: calculate cell and line sizes.
> Step: build the whole table.



Package fancyhdr Warning: \headheight is too small (12.0pt): 
(fancyhdr)                Make it at least 12.00003pt, for example:
(fancyhdr)                \setlength{\headheight}{12.00003pt}.
(fancyhdr)                You might also make \topmargin smaller:
(fancyhdr)                \addtolength{\topmargin}{-0.00003pt}.

[165]
> Step: init table outer spec.
> Step: parse table options.
> Step: split table.
> Step: init table inner spec.
> Step: parse table inner spec.
> Step: execute table commands.
> Step: calculate cell and line sizes.
> Step: build the whole table.
> Step: init table outer spec.
> Step: parse table options.
> Step: split table.
> Step: init table inner spec.
> Step: parse table inner spec.
> Step: execute table commands.
> Step: calculate cell and line sizes.
> Step: build the whole table.
> Step: init table outer spec.
> Step: parse table options.
> Step: split table.
> Step: init table inner spec.
> Step: parse table inner spec.
> Step: execute table commands.
> Step: calculate cell and line sizes.
> Step: build the whole table.
> Step: init table outer spec.
> Step: parse table options.
> Step: split table.
> Step: init table inner spec.
> Step: parse table inner spec.
> Step: execute table commands.
> Step: calculate cell and line sizes.
> Step: build the whole table.
> Step: init table outer spec.
> Step: parse table options.
> Step: split table.
> Step: init table inner spec.
> Step: parse table inner spec.
> Step: execute table commands.
> Step: calculate cell and line sizes.
> Step: build the whole table.
> Step: init table outer spec.
> Step: parse table options.
> Step: split table.
> Step: init table inner spec.
> Step: parse table inner spec.
> Step: execute table commands.
> Step: calculate cell and line sizes.
> Step: build the whole table.

Underfull \hbox (badness 10000) detected at line 2187
[][][]
 []

 <./classgg_1_1GgMatrix_a9eac11bd0316439ca0038b69ab3b7a9e_cgraph.pdf>
<classgg_1_1GgMatrix_a9eac11bd0316439ca0038b69ab3b7a9e_cgraph.pdf, id=10328, 64
0.3925pt x 176.66pt>
File: classgg_1_1GgMatrix_a9eac11bd0316439ca0038b69ab3b7a9e_cgraph.pdf Graphic 
file (type pdf)
<use classgg_1_1GgMatrix_a9eac11bd0316439ca0038b69ab3b7a9e_cgraph.pdf>
Package pdftex.def Info: classgg_1_1GgMatrix_a9eac11bd0316439ca0038b69ab3b7a9e_
cgraph.pdf  used on input line 2199.
(pdftex.def)             Requested size: 350.0pt x 96.55408pt.



Package fancyhdr Warning: \headheight is too small (12.0pt): 
(fancyhdr)                Make it at least 12.00003pt, for example:
(fancyhdr)                \setlength{\headheight}{12.00003pt}.
(fancyhdr)                You might also make \topmargin smaller:
(fancyhdr)                \addtolength{\topmargin}{-0.00003pt}.

[166]
> Step: init table outer spec.
> Step: parse table options.
> Step: split table.
> Step: init table inner spec.
> Step: parse table inner spec.
> Step: execute table commands.
> Step: calculate cell and line sizes.
> Step: build the whole table.
> Step: init table outer spec.
> Step: parse table options.
> Step: split table.
> Step: init table inner spec.
> Step: parse table inner spec.
> Step: execute table commands.
> Step: calculate cell and line sizes.
> Step: build the whole table.

Underfull \hbox (badness 10000) detected at line 2217
[][][]
 []

 <./classgg_1_1GgMatrix_a36727b319fb0b3d1e6d77ec81eccb8a7_cgraph.pdf>
<classgg_1_1GgMatrix_a36727b319fb0b3d1e6d77ec81eccb8a7_cgraph.pdf, id=10357, 64
0.3925pt x 176.66pt>
File: classgg_1_1GgMatrix_a36727b319fb0b3d1e6d77ec81eccb8a7_cgraph.pdf Graphic 
file (type pdf)
<use classgg_1_1GgMatrix_a36727b319fb0b3d1e6d77ec81eccb8a7_cgraph.pdf>
Package pdftex.def Info: classgg_1_1GgMatrix_a36727b319fb0b3d1e6d77ec81eccb8a7_
cgraph.pdf  used on input line 2229.
(pdftex.def)             Requested size: 350.0pt x 96.55408pt.
> Step: init table outer spec.
> Step: parse table options.
> Step: split table.
> Step: init table inner spec.
> Step: parse table inner spec.
> Step: execute table commands.
> Step: calculate cell and line sizes.
> Step: build the whole table.
> Step: init table outer spec.
> Step: parse table options.
> Step: split table.
> Step: init table inner spec.
> Step: parse table inner spec.
> Step: execute table commands.
> Step: calculate cell and line sizes.
> Step: build the whole table.



Package fancyhdr Warning: \headheight is too small (12.0pt): 
(fancyhdr)                Make it at least 12.00003pt, for example:
(fancyhdr)                \setlength{\headheight}{12.00003pt}.
(fancyhdr)                You might also make \topmargin smaller:
(fancyhdr)                \addtolength{\topmargin}{-0.00003pt}.

[167]
Underfull \hbox (badness 10000) detected at line 2245
[][][]
 []

 <./classgg_1_1GgMatrix_a74cd637f02dfcd18961c01a8137dd5f3_cgraph.pdf>
<classgg_1_1GgMatrix_a74cd637f02dfcd18961c01a8137dd5f3_cgraph.pdf, id=10380, 64
0.3925pt x 176.66pt>
File: classgg_1_1GgMatrix_a74cd637f02dfcd18961c01a8137dd5f3_cgraph.pdf Graphic 
file (type pdf)
<use classgg_1_1GgMatrix_a74cd637f02dfcd18961c01a8137dd5f3_cgraph.pdf>
Package pdftex.def Info: classgg_1_1GgMatrix_a74cd637f02dfcd18961c01a8137dd5f3_
cgraph.pdf  used on input line 2257.
(pdftex.def)             Requested size: 350.0pt x 96.55408pt.
> Step: init table outer spec.
> Step: parse table options.
> Step: split table.
> Step: init table inner spec.
> Step: parse table inner spec.
> Step: execute table commands.
> Step: calculate cell and line sizes.
> Step: build the whole table.
> Step: init table outer spec.
> Step: parse table options.
> Step: split table.
> Step: init table inner spec.
> Step: parse table inner spec.
> Step: execute table commands.
> Step: calculate cell and line sizes.
> Step: build the whole table.

Underfull \hbox (badness 10000) detected at line 2275
[][][]
 []

 <./classgg_1_1GgMatrix_a1c381883fc9dc2f3303dd729432c586d_cgraph.pdf>
<classgg_1_1GgMatrix_a1c381883fc9dc2f3303dd729432c586d_cgraph.pdf, id=10391, 64
0.3925pt x 176.66pt>
File: classgg_1_1GgMatrix_a1c381883fc9dc2f3303dd729432c586d_cgraph.pdf Graphic 
file (type pdf)
<use classgg_1_1GgMatrix_a1c381883fc9dc2f3303dd729432c586d_cgraph.pdf>
Package pdftex.def Info: classgg_1_1GgMatrix_a1c381883fc9dc2f3303dd729432c586d_
cgraph.pdf  used on input line 2287.
(pdftex.def)             Requested size: 350.0pt x 96.55408pt.
> Step: init table outer spec.
> Step: parse table options.
> Step: split table.
> Step: init table inner spec.
> Step: parse table inner spec.
> Step: execute table commands.
> Step: calculate cell and line sizes.
> Step: build the whole table.
> Step: init table outer spec.
> Step: parse table options.
> Step: split table.
> Step: init table inner spec.
> Step: parse table inner spec.
> Step: execute table commands.
> Step: calculate cell and line sizes.
> Step: build the whole table.



Package fancyhdr Warning: \headheight is too small (12.0pt): 
(fancyhdr)                Make it at least 12.00003pt, for example:
(fancyhdr)                \setlength{\headheight}{12.00003pt}.
(fancyhdr)                You might also make \topmargin smaller:
(fancyhdr)                \addtolength{\topmargin}{-0.00003pt}.

[168]
Underfull \hbox (badness 10000) detected at line 2309
[][][]
 []

 <./classgg_1_1GgMatrix_a80f59d17bddcffd528ea6b99e4a2ed75_cgraph.pdf>
<classgg_1_1GgMatrix_a80f59d17bddcffd528ea6b99e4a2ed75_cgraph.pdf, id=10413, 50
0.87125pt x 151.56625pt>
File: classgg_1_1GgMatrix_a80f59d17bddcffd528ea6b99e4a2ed75_cgraph.pdf Graphic 
file (type pdf)
<use classgg_1_1GgMatrix_a80f59d17bddcffd528ea6b99e4a2ed75_cgraph.pdf>
Package pdftex.def Info: classgg_1_1GgMatrix_a80f59d17bddcffd528ea6b99e4a2ed75_
cgraph.pdf  used on input line 2321.
(pdftex.def)             Requested size: 350.0pt x 105.91525pt.
 <./classgg_1_1GgMatrix_a80f59d17bddcffd528ea6b99e4a2ed75_icgraph.pdf>
<classgg_1_1GgMatrix_a80f59d17bddcffd528ea6b99e4a2ed75_icgraph.pdf, id=10421, 3
23.2075pt x 214.8025pt>
File: classgg_1_1GgMatrix_a80f59d17bddcffd528ea6b99e4a2ed75_icgraph.pdf Graphic
 file (type pdf)
<use classgg_1_1GgMatrix_a80f59d17bddcffd528ea6b99e4a2ed75_icgraph.pdf>
Package pdftex.def Info: classgg_1_1GgMatrix_a80f59d17bddcffd528ea6b99e4a2ed75_
icgraph.pdf  used on input line 2329.
(pdftex.def)             Requested size: 322.0pt x 214.01205pt.
> Step: init table outer spec.
> Step: parse table options.
> Step: split table.
> Step: init table inner spec.
> Step: parse table inner spec.
> Step: execute table commands.
> Step: calculate cell and line sizes.
> Step: build the whole table.
> Step: init table outer spec.
> Step: parse table options.
> Step: split table.
> Step: init table inner spec.
> Step: parse table inner spec.
> Step: execute table commands.
> Step: calculate cell and line sizes.
> Step: build the whole table.



Package fancyhdr Warning: \headheight is too small (12.0pt): 
(fancyhdr)                Make it at least 12.00003pt, for example:
(fancyhdr)                \setlength{\headheight}{12.00003pt}.
(fancyhdr)                You might also make \topmargin smaller:
(fancyhdr)                \addtolength{\topmargin}{-0.00003pt}.

[169]
Underfull \hbox (badness 10000) detected at line 2345
[][][]
 []

 <./classgg_1_1GgMatrix_a673d91ac86c3109a0fc6c0839e5bebee_cgraph.pdf>
<classgg_1_1GgMatrix_a673d91ac86c3109a0fc6c0839e5bebee_cgraph.pdf, id=10441, 51
3.92pt x 152.57pt>
File: classgg_1_1GgMatrix_a673d91ac86c3109a0fc6c0839e5bebee_cgraph.pdf Graphic 
file (type pdf)
<use classgg_1_1GgMatrix_a673d91ac86c3109a0fc6c0839e5bebee_cgraph.pdf>
Package pdftex.def Info: classgg_1_1GgMatrix_a673d91ac86c3109a0fc6c0839e5bebee_
cgraph.pdf  used on input line 2357.
(pdftex.def)             Requested size: 350.0pt x 103.90686pt.
> Step: init table outer spec.
> Step: parse table options.
> Step: split table.
> Step: init table inner spec.
> Step: parse table inner spec.
> Step: execute table commands.
> Step: calculate cell and line sizes.
> Step: build the whole table.
> Step: init table outer spec.
> Step: parse table options.
> Step: split table.
> Step: init table inner spec.
> Step: parse table inner spec.
> Step: execute table commands.
> Step: calculate cell and line sizes.
> Step: build the whole table.

Underfull \hbox (badness 10000) detected at line 2373
[][][]
 []

 <./classgg_1_1GgMatrix_a9fc25e411f5fc0ca8cd6bc2d03f06570_cgraph.pdf>
<classgg_1_1GgMatrix_a9fc25e411f5fc0ca8cd6bc2d03f06570_cgraph.pdf, id=10452, 51
3.92pt x 152.57pt>
File: classgg_1_1GgMatrix_a9fc25e411f5fc0ca8cd6bc2d03f06570_cgraph.pdf Graphic 
file (type pdf)
<use classgg_1_1GgMatrix_a9fc25e411f5fc0ca8cd6bc2d03f06570_cgraph.pdf>
Package pdftex.def Info: classgg_1_1GgMatrix_a9fc25e411f5fc0ca8cd6bc2d03f06570_
cgraph.pdf  used on input line 2385.
(pdftex.def)             Requested size: 350.0pt x 103.90686pt.
> Step: init table outer spec.
> Step: parse table options.
> Step: split table.
> Step: init table inner spec.
> Step: parse table inner spec.
> Step: execute table commands.
> Step: calculate cell and line sizes.
> Step: build the whole table.
> Step: init table outer spec.
> Step: parse table options.
> Step: split table.
> Step: init table inner spec.
> Step: parse table inner spec.
> Step: execute table commands.
> Step: calculate cell and line sizes.
> Step: build the whole table.



Package fancyhdr Warning: \headheight is too small (12.0pt): 
(fancyhdr)                Make it at least 12.00003pt, for example:
(fancyhdr)                \setlength{\headheight}{12.00003pt}.
(fancyhdr)                You might also make \topmargin smaller:
(fancyhdr)                \addtolength{\topmargin}{-0.00003pt}.

[170]
Underfull \hbox (badness 10000) detected at line 2401
[][][]
 []

 <./classgg_1_1GgMatrix_a5de975c07013aff7f31b0a45c58e9998_cgraph.pdf>
<classgg_1_1GgMatrix_a5de975c07013aff7f31b0a45c58e9998_cgraph.pdf, id=10475, 51
2.91624pt x 152.57pt>
File: classgg_1_1GgMatrix_a5de975c07013aff7f31b0a45c58e9998_cgraph.pdf Graphic 
file (type pdf)
<use classgg_1_1GgMatrix_a5de975c07013aff7f31b0a45c58e9998_cgraph.pdf>
Package pdftex.def Info: classgg_1_1GgMatrix_a5de975c07013aff7f31b0a45c58e9998_
cgraph.pdf  used on input line 2413.
(pdftex.def)             Requested size: 350.0pt x 104.10939pt.
> Step: init table outer spec.
> Step: parse table options.
> Step: split table.
> Step: init table inner spec.
> Step: parse table inner spec.
> Step: execute table commands.
> Step: calculate cell and line sizes.
> Step: build the whole table.
> Step: init table outer spec.
> Step: parse table options.
> Step: split table.
> Step: init table inner spec.
> Step: parse table inner spec.
> Step: execute table commands.
> Step: calculate cell and line sizes.
> Step: build the whole table.

Underfull \hbox (badness 10000) detected at line 2429
[][][]
 []

 <./classgg_1_1GgMatrix_ae323c19d1a4fec620664840695465391_cgraph.pdf>
<classgg_1_1GgMatrix_ae323c19d1a4fec620664840695465391_cgraph.pdf, id=10493, 63
2.3625pt x 176.66pt>
File: classgg_1_1GgMatrix_ae323c19d1a4fec620664840695465391_cgraph.pdf Graphic 
file (type pdf)
<use classgg_1_1GgMatrix_ae323c19d1a4fec620664840695465391_cgraph.pdf>
Package pdftex.def Info: classgg_1_1GgMatrix_ae323c19d1a4fec620664840695465391_
cgraph.pdf  used on input line 2441.
(pdftex.def)             Requested size: 350.0pt x 97.7779pt.
> Step: init table outer spec.
> Step: parse table options.
> Step: split table.
> Step: init table inner spec.
> Step: parse table inner spec.
> Step: execute table commands.
> Step: calculate cell and line sizes.
> Step: build the whole table.
> Step: init table outer spec.
> Step: parse table options.
> Step: split table.
> Step: init table inner spec.
> Step: parse table inner spec.
> Step: execute table commands.
> Step: calculate cell and line sizes.
> Step: build the whole table.



Package fancyhdr Warning: \headheight is too small (12.0pt): 
(fancyhdr)                Make it at least 12.00003pt, for example:
(fancyhdr)                \setlength{\headheight}{12.00003pt}.
(fancyhdr)                You might also make \topmargin smaller:
(fancyhdr)                \addtolength{\topmargin}{-0.00003pt}.

[171]
Underfull \hbox (badness 10000) detected at line 2457
[][][]
 []

 <./classgg_1_1GgMatrix_a0c9004fe440a597d57f52e1d1ac05c6a_cgraph.pdf>
<classgg_1_1GgMatrix_a0c9004fe440a597d57f52e1d1ac05c6a_cgraph.pdf, id=10515, 63
2.3625pt x 176.66pt>
File: classgg_1_1GgMatrix_a0c9004fe440a597d57f52e1d1ac05c6a_cgraph.pdf Graphic 
file (type pdf)
<use classgg_1_1GgMatrix_a0c9004fe440a597d57f52e1d1ac05c6a_cgraph.pdf>
Package pdftex.def Info: classgg_1_1GgMatrix_a0c9004fe440a597d57f52e1d1ac05c6a_
cgraph.pdf  used on input line 2469.
(pdftex.def)             Requested size: 350.0pt x 97.7779pt.
> Step: init table outer spec.
> Step: parse table options.
> Step: split table.
> Step: init table inner spec.
> Step: parse table inner spec.
> Step: execute table commands.
> Step: calculate cell and line sizes.
> Step: build the whole table.
> Step: init table outer spec.
> Step: parse table options.
> Step: split table.
> Step: init table inner spec.
> Step: parse table inner spec.
> Step: execute table commands.
> Step: calculate cell and line sizes.
> Step: build the whole table.

Underfull \hbox (badness 10000) detected at line 2491
[][][]
 []

 <./classgg_1_1GgMatrix_a5ea04ac32765bb9ecc2b80792a12d86a_cgraph.pdf>
<classgg_1_1GgMatrix_a5ea04ac32765bb9ecc2b80792a12d86a_cgraph.pdf, id=10526, 49
4.84875pt x 151.56625pt>
File: classgg_1_1GgMatrix_a5ea04ac32765bb9ecc2b80792a12d86a_cgraph.pdf Graphic 
file (type pdf)
<use classgg_1_1GgMatrix_a5ea04ac32765bb9ecc2b80792a12d86a_cgraph.pdf>
Package pdftex.def Info: classgg_1_1GgMatrix_a5ea04ac32765bb9ecc2b80792a12d86a_
cgraph.pdf  used on input line 2503.
(pdftex.def)             Requested size: 350.0pt x 107.20111pt.
 <./classgg_1_1GgMatrix_a5ea04ac32765bb9ecc2b80792a12d86a_icgraph.pdf>
<classgg_1_1GgMatrix_a5ea04ac32765bb9ecc2b80792a12d86a_icgraph.pdf, id=10534, 3
20.19624pt x 138.5175pt>
File: classgg_1_1GgMatrix_a5ea04ac32765bb9ecc2b80792a12d86a_icgraph.pdf Graphic
 file (type pdf)
<use classgg_1_1GgMatrix_a5ea04ac32765bb9ecc2b80792a12d86a_icgraph.pdf>
Package pdftex.def Info: classgg_1_1GgMatrix_a5ea04ac32765bb9ecc2b80792a12d86a_
icgraph.pdf  used on input line 2511.
(pdftex.def)             Requested size: 319.0pt x 138.00142pt.



Package fancyhdr Warning: \headheight is too small (12.0pt): 
(fancyhdr)                Make it at least 12.00003pt, for example:
(fancyhdr)                \setlength{\headheight}{12.00003pt}.
(fancyhdr)                You might also make \topmargin smaller:
(fancyhdr)                \addtolength{\topmargin}{-0.00003pt}.

[172]
> Step: init table outer spec.
> Step: parse table options.
> Step: split table.
> Step: init table inner spec.
> Step: parse table inner spec.
> Step: execute table commands.
> Step: calculate cell and line sizes.
> Step: build the whole table.
> Step: init table outer spec.
> Step: parse table options.
> Step: split table.
> Step: init table inner spec.
> Step: parse table inner spec.
> Step: execute table commands.
> Step: calculate cell and line sizes.
> Step: build the whole table.

Underfull \hbox (badness 10000) detected at line 2527
[][][]
 []

 <./classgg_1_1GgMatrix_aef22dbd307afa5ec7e40d6d2d12c53f2_cgraph.pdf>
<classgg_1_1GgMatrix_aef22dbd307afa5ec7e40d6d2d12c53f2_cgraph.pdf, id=10562, 67
6.5275pt x 176.66pt>
File: classgg_1_1GgMatrix_aef22dbd307afa5ec7e40d6d2d12c53f2_cgraph.pdf Graphic 
file (type pdf)
<use classgg_1_1GgMatrix_aef22dbd307afa5ec7e40d6d2d12c53f2_cgraph.pdf>
Package pdftex.def Info: classgg_1_1GgMatrix_aef22dbd307afa5ec7e40d6d2d12c53f2_
cgraph.pdf  used on input line 2539.
(pdftex.def)             Requested size: 350.0pt x 91.39738pt.
> Step: init table outer spec.
> Step: parse table options.
> Step: split table.
> Step: init table inner spec.
> Step: parse table inner spec.
> Step: execute table commands.
> Step: calculate cell and line sizes.
> Step: build the whole table.
> Step: init table outer spec.
> Step: parse table options.
> Step: split table.
> Step: init table inner spec.
> Step: parse table inner spec.
> Step: execute table commands.
> Step: calculate cell and line sizes.
> Step: build the whole table.



Package fancyhdr Warning: \headheight is too small (12.0pt): 
(fancyhdr)                Make it at least 12.00003pt, for example:
(fancyhdr)                \setlength{\headheight}{12.00003pt}.
(fancyhdr)                You might also make \topmargin smaller:
(fancyhdr)                \addtolength{\topmargin}{-0.00003pt}.

[173]
Underfull \hbox (badness 10000) detected at line 2555
[][][]
 []

 <./classgg_1_1GgMatrix_a00b38f04088224a02c6ebf393e355f0e_cgraph.pdf>
<classgg_1_1GgMatrix_a00b38f04088224a02c6ebf393e355f0e_cgraph.pdf, id=10584, 67
6.5275pt x 176.66pt>
File: classgg_1_1GgMatrix_a00b38f04088224a02c6ebf393e355f0e_cgraph.pdf Graphic 
file (type pdf)
<use classgg_1_1GgMatrix_a00b38f04088224a02c6ebf393e355f0e_cgraph.pdf>
Package pdftex.def Info: classgg_1_1GgMatrix_a00b38f04088224a02c6ebf393e355f0e_
cgraph.pdf  used on input line 2567.
(pdftex.def)             Requested size: 350.0pt x 91.39738pt.
> Step: init table outer spec.
> Step: parse table options.
> Step: split table.
> Step: init table inner spec.
> Step: parse table inner spec.
> Step: execute table commands.
> Step: calculate cell and line sizes.
> Step: build the whole table.
> Step: init table outer spec.
> Step: parse table options.
> Step: split table.
> Step: init table inner spec.
> Step: parse table inner spec.
> Step: execute table commands.
> Step: calculate cell and line sizes.
> Step: build the whole table.

Underfull \hbox (badness 10000) detected at line 2589
[][][]
 []

 <./classgg_1_1GgMatrix_a687adb8979ae8af7b2cc842782145eb3_cgraph.pdf>
<classgg_1_1GgMatrix_a687adb8979ae8af7b2cc842782145eb3_cgraph.pdf, id=10595, 52
4.96124pt x 152.57pt>
File: classgg_1_1GgMatrix_a687adb8979ae8af7b2cc842782145eb3_cgraph.pdf Graphic 
file (type pdf)
<use classgg_1_1GgMatrix_a687adb8979ae8af7b2cc842782145eb3_cgraph.pdf>
Package pdftex.def Info: classgg_1_1GgMatrix_a687adb8979ae8af7b2cc842782145eb3_
cgraph.pdf  used on input line 2601.
(pdftex.def)             Requested size: 350.0pt x 101.72316pt.
 <./classgg_1_1GgMatrix_a687adb8979ae8af7b2cc842782145eb3_icgraph.pdf>
<classgg_1_1GgMatrix_a687adb8979ae8af7b2cc842782145eb3_icgraph.pdf, id=10604, 3
49.305pt x 138.5175pt>
File: classgg_1_1GgMatrix_a687adb8979ae8af7b2cc842782145eb3_icgraph.pdf Graphic
 file (type pdf)
<use classgg_1_1GgMatrix_a687adb8979ae8af7b2cc842782145eb3_icgraph.pdf>
Package pdftex.def Info: classgg_1_1GgMatrix_a687adb8979ae8af7b2cc842782145eb3_
icgraph.pdf  used on input line 2609.
(pdftex.def)             Requested size: 348.0pt x 138.00777pt.



Package fancyhdr Warning: \headheight is too small (12.0pt): 
(fancyhdr)                Make it at least 12.00003pt, for example:
(fancyhdr)                \setlength{\headheight}{12.00003pt}.
(fancyhdr)                You might also make \topmargin smaller:
(fancyhdr)                \addtolength{\topmargin}{-0.00003pt}.

[174]
Underfull \hbox (badness 10000) detected at line 2620
[][][]
 []

 <./classgg_1_1GgMatrix_adf560abf2a3a5fd8a8fdcb5c1a99709c_cgraph.pdf>
<classgg_1_1GgMatrix_adf560abf2a3a5fd8a8fdcb5c1a99709c_cgraph.pdf, id=10625, 38
0.42125pt x 138.5175pt>
File: classgg_1_1GgMatrix_adf560abf2a3a5fd8a8fdcb5c1a99709c_cgraph.pdf Graphic 
file (type pdf)
<use classgg_1_1GgMatrix_adf560abf2a3a5fd8a8fdcb5c1a99709c_cgraph.pdf>
Package pdftex.def Info: classgg_1_1GgMatrix_adf560abf2a3a5fd8a8fdcb5c1a99709c_
cgraph.pdf  used on input line 2632.
(pdftex.def)             Requested size: 350.0pt x 127.44397pt.
 <./classgg_1_1GgMatrix_adf560abf2a3a5fd8a8fdcb5c1a99709c_icgraph.pdf>
<classgg_1_1GgMatrix_adf560abf2a3a5fd8a8fdcb5c1a99709c_icgraph.pdf, id=10633, 3
27.2225pt x 100.375pt>
File: classgg_1_1GgMatrix_adf560abf2a3a5fd8a8fdcb5c1a99709c_icgraph.pdf Graphic
 file (type pdf)
<use classgg_1_1GgMatrix_adf560abf2a3a5fd8a8fdcb5c1a99709c_icgraph.pdf>
Package pdftex.def Info: classgg_1_1GgMatrix_adf560abf2a3a5fd8a8fdcb5c1a99709c_
icgraph.pdf  used on input line 2640.
(pdftex.def)             Requested size: 326.0pt x 99.9995pt.
)
(./classgg_1_1GgNormalTexture.tex


Package fancyhdr Warning: \headheight is too small (12.0pt): 
(fancyhdr)                Make it at least 12.00003pt, for example:
(fancyhdr)                \setlength{\headheight}{12.00003pt}.
(fancyhdr)                You might also make \topmargin smaller:
(fancyhdr)                \addtolength{\topmargin}{-0.00003pt}.

[175]
Underfull \hbox (badness 10000) detected at line 47
[][][]
 []

> Step: init table outer spec.
> Step: parse table options.
> Step: split table.
> Step: init table inner spec.
> Step: parse table inner spec.
> Step: execute table commands.
> Step: calculate cell and line sizes.
> Step: build the whole table.
> Step: init table outer spec.
> Step: parse table options.
> Step: split table.
> Step: init table inner spec.
> Step: parse table inner spec.
> Step: execute table commands.
> Step: calculate cell and line sizes.
> Step: build the whole table.



Package fancyhdr Warning: \headheight is too small (12.0pt): 
(fancyhdr)                Make it at least 12.00003pt, for example:
(fancyhdr)                \setlength{\headheight}{12.00003pt}.
(fancyhdr)                You might also make \topmargin smaller:
(fancyhdr)                \addtolength{\topmargin}{-0.00003pt}.

[176] <./classgg_1_1GgNormalTexture_a3388010b4affdc12eef3a13f5e3ac38d_cgraph.pd
f>
<classgg_1_1GgNormalTexture_a3388010b4affdc12eef3a13f5e3ac38d_cgraph.pdf, id=10
700, 838.13126pt x 112.42pt>
File: classgg_1_1GgNormalTexture_a3388010b4affdc12eef3a13f5e3ac38d_cgraph.pdf G
raphic file (type pdf)
<use classgg_1_1GgNormalTexture_a3388010b4affdc12eef3a13f5e3ac38d_cgraph.pdf>
Package pdftex.def Info: classgg_1_1GgNormalTexture_a3388010b4affdc12eef3a13f5e
3ac38d_cgraph.pdf  used on input line 101.
(pdftex.def)             Requested size: 350.0pt x 46.94504pt.
> Step: init table outer spec.
> Step: parse table options.
> Step: split table.
> Step: init table inner spec.
> Step: parse table inner spec.
> Step: execute table commands.
> Step: calculate cell and line sizes.
> Step: build the whole table.
> Step: init table outer spec.
> Step: parse table options.
> Step: split table.
> Step: init table inner spec.
> Step: parse table inner spec.
> Step: execute table commands.
> Step: calculate cell and line sizes.
> Step: build the whole table.
 <./classgg_1_1GgNormalTexture_a1e9944398bead9cf4f3631c217b77900_cgraph.pdf>
<classgg_1_1GgNormalTexture_a1e9944398bead9cf4f3631c217b77900_cgraph.pdf, id=10
710, 838.13126pt x 112.42pt>
File: classgg_1_1GgNormalTexture_a1e9944398bead9cf4f3631c217b77900_cgraph.pdf G
raphic file (type pdf)
<use classgg_1_1GgNormalTexture_a1e9944398bead9cf4f3631c217b77900_cgraph.pdf>
Package pdftex.def Info: classgg_1_1GgNormalTexture_a1e9944398bead9cf4f3631c217
b77900_cgraph.pdf  used on input line 130.
(pdftex.def)             Requested size: 350.0pt x 46.94504pt.


LaTeX Font Info:    Font shape `OT1/phv/m/n' will be
(Font)              scaled to size 8.99994pt on input line 164.
LaTeX Font Info:    Font shape `OT1/phv/m/n' will be
(Font)              scaled to size 8.99994pt on input line 164.
LaTeX Font Info:    Font shape `OT1/phv/m/n' will be
(Font)              scaled to size 8.99994pt on input line 164.
LaTeX Font Info:    Font shape `OT1/phv/b/n' will be
(Font)              scaled to size 8.99994pt on input line 164.
LaTeX Font Info:    Font shape `OT1/phv/b/n' will be
(Font)              scaled to size 6.29996pt on input line 164.
LaTeX Font Info:    Font shape `OT1/phv/b/n' will be
(Font)              scaled to size 6.29996pt on input line 164.
LaTeX Font Info:    Font shape `OT1/phv/b/n' will be
(Font)              scaled to size 6.29996pt on input line 164.
LaTeX Font Info:    Font shape `OT1/phv/b/n' will be
(Font)              scaled to size 8.99994pt on input line 164.

Package fancyhdr Warning: \headheight is too small (12.0pt): 
(fancyhdr)                Make it at least 12.00003pt, for example:
(fancyhdr)                \setlength{\headheight}{12.00003pt}.
(fancyhdr)                You might also make \topmargin smaller:
(fancyhdr)                \addtolength{\topmargin}{-0.00003pt}.

LaTeX Font Info:    Font shape `OT1/phv/m/n' will be
(Font)              scaled to size 8.99994pt on input line 164.
LaTeX Font Info:    Font shape `OT1/phv/b/n' will be
(Font)              scaled to size 8.99994pt on input line 164.
LaTeX Font Info:    Font shape `OT1/phv/b/n' will be
(Font)              scaled to size 6.29996pt on input line 164.
LaTeX Font Info:    Font shape `OT1/phv/b/n' will be
(Font)              scaled to size 6.29996pt on input line 164.
[177]
Underfull \hbox (badness 10000) detected at line 166
[][][]
 []


Underfull \hbox (badness 10000) detected at line 181
[][][]
 []


Underfull \hbox (badness 10000) detected at line 196
[][][]
 []

> Step: init table outer spec.
> Step: parse table options.
> Step: split table.
> Step: init table inner spec.
> Step: parse table inner spec.
> Step: execute table commands.
> Step: calculate cell and line sizes.
> Step: build the whole table.
> Step: init table outer spec.
> Step: parse table options.
> Step: split table.
> Step: init table inner spec.
> Step: parse table inner spec.
> Step: execute table commands.
> Step: calculate cell and line sizes.
> Step: build the whole table.

Underfull \hbox (badness 10000) detected at line 228
[][][]
 []


Underfull \hbox (badness 10000) detected at line 243
[][][]
 []




Package fancyhdr Warning: \headheight is too small (12.0pt): 
(fancyhdr)                Make it at least 12.00003pt, for example:
(fancyhdr)                \setlength{\headheight}{12.00003pt}.
(fancyhdr)                You might also make \topmargin smaller:
(fancyhdr)                \addtolength{\topmargin}{-0.00003pt}.

[178]
> Step: init table outer spec.
> Step: parse table options.
> Step: split table.
> Step: init table inner spec.
> Step: parse table inner spec.
> Step: execute table commands.
> Step: calculate cell and line sizes.
> Step: build the whole table.
> Step: init table outer spec.
> Step: parse table options.
> Step: split table.
> Step: init table inner spec.
> Step: parse table inner spec.
> Step: execute table commands.
> Step: calculate cell and line sizes.
> Step: build the whole table.
 <./classgg_1_1GgNormalTexture_a4d72c9169596e2040d41388ec375d253_cgraph.pdf>
<classgg_1_1GgNormalTexture_a4d72c9169596e2040d41388ec375d253_cgraph.pdf, id=10
763, 692.5875pt x 112.42pt>
File: classgg_1_1GgNormalTexture_a4d72c9169596e2040d41388ec375d253_cgraph.pdf G
raphic file (type pdf)
<use classgg_1_1GgNormalTexture_a4d72c9169596e2040d41388ec375d253_cgraph.pdf>
Package pdftex.def Info: classgg_1_1GgNormalTexture_a4d72c9169596e2040d41388ec3
75d253_cgraph.pdf  used on input line 282.
(pdftex.def)             Requested size: 350.0pt x 56.81195pt.
 <./classgg_1_1GgNormalTexture_a4d72c9169596e2040d41388ec375d253_icgraph.pdf>
<classgg_1_1GgNormalTexture_a4d72c9169596e2040d41388ec375d253_icgraph.pdf, id=1
0771, 335.2525pt x 162.6075pt>
File: classgg_1_1GgNormalTexture_a4d72c9169596e2040d41388ec375d253_icgraph.pdf 
Graphic file (type pdf)
<use classgg_1_1GgNormalTexture_a4d72c9169596e2040d41388ec375d253_icgraph.pdf>
Package pdftex.def Info: classgg_1_1GgNormalTexture_a4d72c9169596e2040d41388ec3
75d253_icgraph.pdf  used on input line 290.
(pdftex.def)             Requested size: 334.0pt x 161.9992pt.
> Step: init table outer spec.
> Step: parse table options.
> Step: split table.
> Step: init table inner spec.
> Step: parse table inner spec.
> Step: execute table commands.
> Step: calculate cell and line sizes.
> Step: build the whole table.
> Step: init table outer spec.
> Step: parse table options.
> Step: split table.
> Step: init table inner spec.
> Step: parse table inner spec.
> Step: execute table commands.
> Step: calculate cell and line sizes.
> Step: build the whole table.



Package fancyhdr Warning: \headheight is too small (12.0pt): 
(fancyhdr)                Make it at least 12.00003pt, for example:
(fancyhdr)                \setlength{\headheight}{12.00003pt}.
(fancyhdr)                You might also make \topmargin smaller:
(fancyhdr)                \addtolength{\topmargin}{-0.00003pt}.

[179] <./classgg_1_1GgNormalTexture_adca09b7af04c1a58703fbafcea758671_cgraph.pd
f>
<classgg_1_1GgNormalTexture_adca09b7af04c1a58703fbafcea758671_cgraph.pdf, id=10
791, 692.5875pt x 138.5175pt>
File: classgg_1_1GgNormalTexture_adca09b7af04c1a58703fbafcea758671_cgraph.pdf G
raphic file (type pdf)
<use classgg_1_1GgNormalTexture_adca09b7af04c1a58703fbafcea758671_cgraph.pdf>
Package pdftex.def Info: classgg_1_1GgNormalTexture_adca09b7af04c1a58703fbafcea
758671_cgraph.pdf  used on input line 319.
(pdftex.def)             Requested size: 350.0pt x 70.00044pt.

Underfull \hbox (badness 10000) detected at line 330
[][][]
 []


Underfull \hbox (badness 10000) detected at line 345
[][][]
 []

) (./classgg_1_1GgPoints.tex <./classgg_1_1GgPoints__inherit__graph.pdf>
<classgg_1_1GgPoints__inherit__graph.pdf, id=10807, 153.57375pt x 156.585pt>
File: classgg_1_1GgPoints__inherit__graph.pdf Graphic file (type pdf)
<use classgg_1_1GgPoints__inherit__graph.pdf>
Package pdftex.def Info: classgg_1_1GgPoints__inherit__graph.pdf  used on input
 line 14.
(pdftex.def)             Requested size: 153.0pt x 156.00879pt.



Package fancyhdr Warning: \headheight is too small (12.0pt): 
(fancyhdr)                Make it at least 12.00003pt, for example:
(fancyhdr)                \setlength{\headheight}{12.00003pt}.
(fancyhdr)                You might also make \topmargin smaller:
(fancyhdr)                \addtolength{\topmargin}{-0.00003pt}.

[180] <./classgg_1_1GgPoints__coll__graph.pdf>
<classgg_1_1GgPoints__coll__graph.pdf, id=10826, 153.57375pt x 156.585pt>
File: classgg_1_1GgPoints__coll__graph.pdf Graphic file (type pdf)
<use classgg_1_1GgPoints__coll__graph.pdf>
Package pdftex.def Info: classgg_1_1GgPoints__coll__graph.pdf  used on input li
ne 24.
(pdftex.def)             Requested size: 153.0pt x 156.00879pt.



Package fancyhdr Warning: \headheight is too small (12.0pt): 
(fancyhdr)                Make it at least 12.00003pt, for example:
(fancyhdr)                \setlength{\headheight}{12.00003pt}.
(fancyhdr)                You might also make \topmargin smaller:
(fancyhdr)                \addtolength{\topmargin}{-0.00003pt}.

[181] <./classgg_1_1GgPoints_aca74376961ea4f170e83a8afc3fe4565_cgraph.pdf>
<classgg_1_1GgPoints_aca74376961ea4f170e83a8afc3fe4565_cgraph.pdf, id=10877, 35
6.33125pt x 100.375pt>
File: classgg_1_1GgPoints_aca74376961ea4f170e83a8afc3fe4565_cgraph.pdf Graphic 
file (type pdf)
<use classgg_1_1GgPoints_aca74376961ea4f170e83a8afc3fe4565_cgraph.pdf>
Package pdftex.def Info: classgg_1_1GgPoints_aca74376961ea4f170e83a8afc3fe4565_
cgraph.pdf  used on input line 90.
(pdftex.def)             Requested size: 350.0pt x 98.59502pt.
 <./classgg_1_1GgPoints_aca74376961ea4f170e83a8afc3fe4565_icgraph.pdf>
<classgg_1_1GgPoints_aca74376961ea4f170e83a8afc3fe4565_icgraph.pdf, id=10885, 3
56.33125pt x 100.375pt>
File: classgg_1_1GgPoints_aca74376961ea4f170e83a8afc3fe4565_icgraph.pdf Graphic
 file (type pdf)
<use classgg_1_1GgPoints_aca74376961ea4f170e83a8afc3fe4565_icgraph.pdf>
Package pdftex.def Info: classgg_1_1GgPoints_aca74376961ea4f170e83a8afc3fe4565_
icgraph.pdf  used on input line 98.
(pdftex.def)             Requested size: 350.0pt x 98.59502pt.
> Step: init table outer spec.
> Step: parse table options.
> Step: split table.
> Step: init table inner spec.
> Step: parse table inner spec.
> Step: execute table commands.
> Step: calculate cell and line sizes.
> Step: build the whole table.
> Step: init table outer spec.
> Step: parse table options.
> Step: split table.
> Step: init table inner spec.
> Step: parse table inner spec.
> Step: execute table commands.
> Step: calculate cell and line sizes.
> Step: build the whole table.
 <./classgg_1_1GgPoints_aa9170eea649cf940adc6698d98964bd4_cgraph.pdf>
<classgg_1_1GgPoints_aa9170eea649cf940adc6698d98964bd4_cgraph.pdf, id=10896, 51
2.91624pt x 138.5175pt>
File: classgg_1_1GgPoints_aa9170eea649cf940adc6698d98964bd4_cgraph.pdf Graphic 
file (type pdf)
<use classgg_1_1GgPoints_aa9170eea649cf940adc6698d98964bd4_cgraph.pdf>
Package pdftex.def Info: classgg_1_1GgPoints_aa9170eea649cf940adc6698d98964bd4_
cgraph.pdf  used on input line 129.
(pdftex.def)             Requested size: 350.0pt x 94.52036pt.



Package fancyhdr Warning: \headheight is too small (12.0pt): 
(fancyhdr)                Make it at least 12.00003pt, for example:
(fancyhdr)                \setlength{\headheight}{12.00003pt}.
(fancyhdr)                You might also make \topmargin smaller:
(fancyhdr)                \addtolength{\topmargin}{-0.00003pt}.

[182]
> Step: init table outer spec.
> Step: parse table options.
> Step: split table.
> Step: init table inner spec.
> Step: parse table inner spec.
> Step: execute table commands.
> Step: calculate cell and line sizes.
> Step: build the whole table.
> Step: init table outer spec.
> Step: parse table options.
> Step: split table.
> Step: init table inner spec.
> Step: parse table inner spec.
> Step: execute table commands.
> Step: calculate cell and line sizes.
> Step: build the whole table.
 <./classgg_1_1GgPoints_a132523e30fbb6afa7e27cf43d3ccaece_cgraph.pdf>
<classgg_1_1GgPoints_a132523e30fbb6afa7e27cf43d3ccaece_cgraph.pdf, id=10921, 33
6.25626pt x 176.66pt>
File: classgg_1_1GgPoints_a132523e30fbb6afa7e27cf43d3ccaece_cgraph.pdf Graphic 
file (type pdf)
<use classgg_1_1GgPoints_a132523e30fbb6afa7e27cf43d3ccaece_cgraph.pdf>
Package pdftex.def Info: classgg_1_1GgPoints_a132523e30fbb6afa7e27cf43d3ccaece_
cgraph.pdf  used on input line 175.
(pdftex.def)             Requested size: 335.0pt x 176.00183pt.



Package fancyhdr Warning: \headheight is too small (12.0pt): 
(fancyhdr)                Make it at least 12.00003pt, for example:
(fancyhdr)                \setlength{\headheight}{12.00003pt}.
(fancyhdr)                You might also make \topmargin smaller:
(fancyhdr)                \addtolength{\topmargin}{-0.00003pt}.

[183]
Underfull \hbox (badness 10000) detected at line 186
[][][]
 []


Underfull \hbox (badness 10000) detected at line 201
[][][]
 []

 <./classgg_1_1GgPoints_a7f3cad112cdcb664771259eebac5874c_icgraph.pdf>
<classgg_1_1GgPoints_a7f3cad112cdcb664771259eebac5874c_icgraph.pdf, id=10945, 3
36.25626pt x 100.375pt>
File: classgg_1_1GgPoints_a7f3cad112cdcb664771259eebac5874c_icgraph.pdf Graphic
 file (type pdf)
<use classgg_1_1GgPoints_a7f3cad112cdcb664771259eebac5874c_icgraph.pdf>
Package pdftex.def Info: classgg_1_1GgPoints_a7f3cad112cdcb664771259eebac5874c_
icgraph.pdf  used on input line 213.
(pdftex.def)             Requested size: 335.0pt x 100.00102pt.
> Step: init table outer spec.
> Step: parse table options.
> Step: split table.
> Step: init table inner spec.
> Step: parse table inner spec.
> Step: execute table commands.
> Step: calculate cell and line sizes.
> Step: build the whole table.
> Step: init table outer spec.
> Step: parse table options.
> Step: split table.
> Step: init table inner spec.
> Step: parse table inner spec.
> Step: execute table commands.
> Step: calculate cell and line sizes.
> Step: build the whole table.
 <./classgg_1_1GgPoints_aa1e392b623c66b9d82aaa2f899b58cfa_icgraph.pdf>
<classgg_1_1GgPoints_aa1e392b623c66b9d82aaa2f899b58cfa_icgraph.pdf, id=10956, 3
34.24875pt x 100.375pt>
File: classgg_1_1GgPoints_aa1e392b623c66b9d82aaa2f899b58cfa_icgraph.pdf Graphic
 file (type pdf)
<use classgg_1_1GgPoints_aa1e392b623c66b9d82aaa2f899b58cfa_icgraph.pdf>
Package pdftex.def Info: classgg_1_1GgPoints_aa1e392b623c66b9d82aaa2f899b58cfa_
icgraph.pdf  used on input line 242.
(pdftex.def)             Requested size: 333.0pt x 100.00868pt.



Package fancyhdr Warning: \headheight is too small (12.0pt): 
(fancyhdr)                Make it at least 12.00003pt, for example:
(fancyhdr)                \setlength{\headheight}{12.00003pt}.
(fancyhdr)                You might also make \topmargin smaller:
(fancyhdr)                \addtolength{\topmargin}{-0.00003pt}.

[184]
Underfull \hbox (badness 10000) detected at line 253
[][][]
 []


Underfull \hbox (badness 10000) detected at line 272
[][][]
 []

> Step: init table outer spec.
> Step: parse table options.
> Step: split table.
> Step: init table inner spec.
> Step: parse table inner spec.
> Step: execute table commands.
> Step: calculate cell and line sizes.
> Step: build the whole table.
> Step: init table outer spec.
> Step: parse table options.
> Step: split table.
> Step: init table inner spec.
> Step: parse table inner spec.
> Step: execute table commands.
> Step: calculate cell and line sizes.
> Step: build the whole table.
) (./classgg_1_1GgPointShader.tex <./classgg_1_1GgPointShader__inherit__graph.p
df>
<classgg_1_1GgPointShader__inherit__graph.pdf, id=10987, 186.6975pt x 156.585pt
>
File: classgg_1_1GgPointShader__inherit__graph.pdf Graphic file (type pdf)
<use classgg_1_1GgPointShader__inherit__graph.pdf>
Package pdftex.def Info: classgg_1_1GgPointShader__inherit__graph.pdf  used on 
input line 14.
(pdftex.def)             Requested size: 186.0pt x 156.0064pt.



Package fancyhdr Warning: \headheight is too small (12.0pt): 
(fancyhdr)                Make it at least 12.00003pt, for example:
(fancyhdr)                \setlength{\headheight}{12.00003pt}.
(fancyhdr)                You might also make \topmargin smaller:
(fancyhdr)                \addtolength{\topmargin}{-0.00003pt}.

[185] <./classgg_1_1GgPointShader_a0e243c613ba8cede855c017b403927e7_icgraph.pdf
>
<classgg_1_1GgPointShader_a0e243c613ba8cede855c017b403927e7_icgraph.pdf, id=110
34, 470.75874pt x 305.14pt>
File: classgg_1_1GgPointShader_a0e243c613ba8cede855c017b403927e7_icgraph.pdf Gr
aphic file (type pdf)
<use classgg_1_1GgPointShader_a0e243c613ba8cede855c017b403927e7_icgraph.pdf>
Package pdftex.def Info: classgg_1_1GgPointShader_a0e243c613ba8cede855c017b4039
27e7_icgraph.pdf  used on input line 85.
(pdftex.def)             Requested size: 350.0pt x 226.86629pt.



Package fancyhdr Warning: \headheight is too small (12.0pt): 
(fancyhdr)                Make it at least 12.00003pt, for example:
(fancyhdr)                \setlength{\headheight}{12.00003pt}.
(fancyhdr)                You might also make \topmargin smaller:
(fancyhdr)                \addtolength{\topmargin}{-0.00003pt}.

[186]
> Step: init table outer spec.
> Step: parse table options.
> Step: split table.
> Step: init table inner spec.
> Step: parse table inner spec.
> Step: execute table commands.
> Step: calculate cell and line sizes.
> Step: build the whole table.
> Step: init table outer spec.
> Step: parse table options.
> Step: split table.
> Step: init table inner spec.
> Step: parse table inner spec.
> Step: execute table commands.
> Step: calculate cell and line sizes.
> Step: build the whole table.
 <./classgg_1_1GgPointShader_ac4b6079bd97709dc5ff161b1ea738f9e_cgraph.pdf>
<classgg_1_1GgPointShader_ac4b6079bd97709dc5ff161b1ea738f9e_cgraph.pdf, id=1107
3, 344.28625pt x 150.5625pt>
File: classgg_1_1GgPointShader_ac4b6079bd97709dc5ff161b1ea738f9e_cgraph.pdf Gra
phic file (type pdf)
<use classgg_1_1GgPointShader_ac4b6079bd97709dc5ff161b1ea738f9e_cgraph.pdf>
Package pdftex.def Info: classgg_1_1GgPointShader_ac4b6079bd97709dc5ff161b1ea73
8f9e_cgraph.pdf  used on input line 118.
(pdftex.def)             Requested size: 343.0pt x 150.00154pt.



Package fancyhdr Warning: \headheight is too small (12.0pt): 
(fancyhdr)                Make it at least 12.00003pt, for example:
(fancyhdr)                \setlength{\headheight}{12.00003pt}.
(fancyhdr)                You might also make \topmargin smaller:
(fancyhdr)                \addtolength{\topmargin}{-0.00003pt}.

[187]
> Step: init table outer spec.
> Step: parse table options.
> Step: split table.
> Step: init table inner spec.
> Step: parse table inner spec.
> Step: execute table commands.
> Step: calculate cell and line sizes.
> Step: build the whole table.
> Step: init table outer spec.
> Step: parse table options.
> Step: split table.
> Step: init table inner spec.
> Step: parse table inner spec.
> Step: execute table commands.
> Step: calculate cell and line sizes.
> Step: build the whole table.
 <./classgg_1_1GgPointShader_a5c1dbc75d1854329692a5cc361a17402_cgraph.pdf>
<classgg_1_1GgPointShader_a5c1dbc75d1854329692a5cc361a17402_cgraph.pdf, id=1109
2, 326.21875pt x 112.42pt>
File: classgg_1_1GgPointShader_a5c1dbc75d1854329692a5cc361a17402_cgraph.pdf Gra
phic file (type pdf)
<use classgg_1_1GgPointShader_a5c1dbc75d1854329692a5cc361a17402_cgraph.pdf>
Package pdftex.def Info: classgg_1_1GgPointShader_a5c1dbc75d1854329692a5cc361a1
7402_cgraph.pdf  used on input line 147.
(pdftex.def)             Requested size: 325.0pt x 112.00974pt.



Package fancyhdr Warning: \headheight is too small (12.0pt): 
(fancyhdr)                Make it at least 12.00003pt, for example:
(fancyhdr)                \setlength{\headheight}{12.00003pt}.
(fancyhdr)                You might also make \topmargin smaller:
(fancyhdr)                \addtolength{\topmargin}{-0.00003pt}.

[188]
Underfull \hbox (badness 10000) detected at line 173
[][][]
 []

 <./classgg_1_1GgPointShader_a491b86fce18818a1a757bc1a81e0f60b_icgraph.pdf>
<classgg_1_1GgPointShader_a491b86fce18818a1a757bc1a81e0f60b_icgraph.pdf, id=111
15, 505.89pt x 263.98625pt>
File: classgg_1_1GgPointShader_a491b86fce18818a1a757bc1a81e0f60b_icgraph.pdf Gr
aphic file (type pdf)
<use classgg_1_1GgPointShader_a491b86fce18818a1a757bc1a81e0f60b_icgraph.pdf>
Package pdftex.def Info: classgg_1_1GgPointShader_a491b86fce18818a1a757bc1a81e0
f60b_icgraph.pdf  used on input line 185.
(pdftex.def)             Requested size: 350.0pt x 182.64212pt.
> Step: init table outer spec.
> Step: parse table options.
> Step: split table.
> Step: init table inner spec.
> Step: parse table inner spec.
> Step: execute table commands.
> Step: calculate cell and line sizes.
> Step: build the whole table.
> Step: init table outer spec.
> Step: parse table options.
> Step: split table.
> Step: init table inner spec.
> Step: parse table inner spec.
> Step: execute table commands.
> Step: calculate cell and line sizes.
> Step: build the whole table.

Underfull \hbox (badness 10000) detected at line 205
[][][]
 []

 <./classgg_1_1GgPointShader_aa087d78628364e0597217cdde75e6018_cgraph.pdf>
<classgg_1_1GgPointShader_aa087d78628364e0597217cdde75e6018_cgraph.pdf, id=1112
5, 362.35374pt x 100.375pt>
File: classgg_1_1GgPointShader_aa087d78628364e0597217cdde75e6018_cgraph.pdf Gra
phic file (type pdf)
<use classgg_1_1GgPointShader_aa087d78628364e0597217cdde75e6018_cgraph.pdf>
Package pdftex.def Info: classgg_1_1GgPointShader_aa087d78628364e0597217cdde75e
6018_cgraph.pdf  used on input line 217.
(pdftex.def)             Requested size: 350.0pt x 96.95468pt.



Package fancyhdr Warning: \headheight is too small (12.0pt): 
(fancyhdr)                Make it at least 12.00003pt, for example:
(fancyhdr)                \setlength{\headheight}{12.00003pt}.
(fancyhdr)                You might also make \topmargin smaller:
(fancyhdr)                \addtolength{\topmargin}{-0.00003pt}.

[189]
> Step: init table outer spec.
> Step: parse table options.
> Step: split table.
> Step: init table inner spec.
> Step: parse table inner spec.
> Step: execute table commands.
> Step: calculate cell and line sizes.
> Step: build the whole table.
> Step: init table outer spec.
> Step: parse table options.
> Step: split table.
> Step: init table inner spec.
> Step: parse table inner spec.
> Step: execute table commands.
> Step: calculate cell and line sizes.
> Step: build the whole table.

Underfull \hbox (badness 10000) detected at line 241
[][][]
 []

 <./classgg_1_1GgPointShader_a3e25078b5b610d7ffb00661523bf8010_icgraph.pdf>
<classgg_1_1GgPointShader_a3e25078b5b610d7ffb00661523bf8010_icgraph.pdf, id=111
45, 504.88625pt x 225.84375pt>
File: classgg_1_1GgPointShader_a3e25078b5b610d7ffb00661523bf8010_icgraph.pdf Gr
aphic file (type pdf)
<use classgg_1_1GgPointShader_a3e25078b5b610d7ffb00661523bf8010_icgraph.pdf>
Package pdftex.def Info: classgg_1_1GgPointShader_a3e25078b5b610d7ffb00661523bf
8010_icgraph.pdf  used on input line 253.
(pdftex.def)             Requested size: 350.0pt x 156.56291pt.
> Step: init table outer spec.
> Step: parse table options.
> Step: split table.
> Step: init table inner spec.
> Step: parse table inner spec.
> Step: execute table commands.
> Step: calculate cell and line sizes.
> Step: build the whole table.
> Step: init table outer spec.
> Step: parse table options.
> Step: split table.
> Step: init table inner spec.
> Step: parse table inner spec.
> Step: execute table commands.
> Step: calculate cell and line sizes.
> Step: build the whole table.
 <./classgg_1_1GgPointShader_a58d95699d054dd86c0a54846c00f691a_cgraph.pdf>
<classgg_1_1GgPointShader_a58d95699d054dd86c0a54846c00f691a_cgraph.pdf, id=1117
0, 470.75874pt x 175.65625pt>
File: classgg_1_1GgPointShader_a58d95699d054dd86c0a54846c00f691a_cgraph.pdf Gra
phic file (type pdf)
<use classgg_1_1GgPointShader_a58d95699d054dd86c0a54846c00f691a_cgraph.pdf>
Package pdftex.def Info: classgg_1_1GgPointShader_a58d95699d054dd86c0a54846c00f
691a_cgraph.pdf  used on input line 284.
(pdftex.def)             Requested size: 350.0pt x 130.59737pt.



Package fancyhdr Warning: \headheight is too small (12.0pt): 
(fancyhdr)                Make it at least 12.00003pt, for example:
(fancyhdr)                \setlength{\headheight}{12.00003pt}.
(fancyhdr)                You might also make \topmargin smaller:
(fancyhdr)                \addtolength{\topmargin}{-0.00003pt}.

[190]
> Step: init table outer spec.
> Step: parse table options.
> Step: split table.
> Step: init table inner spec.
> Step: parse table inner spec.
> Step: execute table commands.
> Step: calculate cell and line sizes.
> Step: build the whole table.
> Step: init table outer spec.
> Step: parse table options.
> Step: split table.
> Step: init table inner spec.
> Step: parse table inner spec.
> Step: execute table commands.
> Step: calculate cell and line sizes.
> Step: build the whole table.
 <./classgg_1_1GgPointShader_aa852790b42b43a23161fb86d551cb33b_cgraph.pdf>
<classgg_1_1GgPointShader_aa852790b42b43a23161fb86d551cb33b_cgraph.pdf, id=1119
2, 329.23pt x 162.6075pt>
File: classgg_1_1GgPointShader_aa852790b42b43a23161fb86d551cb33b_cgraph.pdf Gra
phic file (type pdf)
<use classgg_1_1GgPointShader_aa852790b42b43a23161fb86d551cb33b_cgraph.pdf>
Package pdftex.def Info: classgg_1_1GgPointShader_aa852790b42b43a23161fb86d551c
b33b_cgraph.pdf  used on input line 315.
(pdftex.def)             Requested size: 328.0pt x 162.00417pt.
 <./classgg_1_1GgPointShader_aa852790b42b43a23161fb86d551cb33b_icgraph.pdf>
<classgg_1_1GgPointShader_aa852790b42b43a23161fb86d551cb33b_icgraph.pdf, id=112
00, 491.8375pt x 289.08pt>
File: classgg_1_1GgPointShader_aa852790b42b43a23161fb86d551cb33b_icgraph.pdf Gr
aphic file (type pdf)
<use classgg_1_1GgPointShader_aa852790b42b43a23161fb86d551cb33b_icgraph.pdf>
Package pdftex.def Info: classgg_1_1GgPointShader_aa852790b42b43a23161fb86d551c
b33b_icgraph.pdf  used on input line 323.
(pdftex.def)             Requested size: 350.0pt x 205.7202pt.



Package fancyhdr Warning: \headheight is too small (12.0pt): 
(fancyhdr)                Make it at least 12.00003pt, for example:
(fancyhdr)                \setlength{\headheight}{12.00003pt}.
(fancyhdr)                You might also make \topmargin smaller:
(fancyhdr)                \addtolength{\topmargin}{-0.00003pt}.

[191]
> Step: init table outer spec.
> Step: parse table options.
> Step: split table.
> Step: init table inner spec.
> Step: parse table inner spec.
> Step: execute table commands.
> Step: calculate cell and line sizes.
> Step: build the whole table.
> Step: init table outer spec.
> Step: parse table options.
> Step: split table.
> Step: init table inner spec.
> Step: parse table inner spec.
> Step: execute table commands.
> Step: calculate cell and line sizes.
> Step: build the whole table.
 <./classgg_1_1GgPointShader_ad3d2435dbea4708f95d26a5f85a3b28b_cgraph.pdf>
<classgg_1_1GgPointShader_ad3d2435dbea4708f95d26a5f85a3b28b_cgraph.pdf, id=1123
0, 332.24126pt x 150.5625pt>
File: classgg_1_1GgPointShader_ad3d2435dbea4708f95d26a5f85a3b28b_cgraph.pdf Gra
phic file (type pdf)
<use classgg_1_1GgPointShader_ad3d2435dbea4708f95d26a5f85a3b28b_cgraph.pdf>
Package pdftex.def Info: classgg_1_1GgPointShader_ad3d2435dbea4708f95d26a5f85a3
b28b_cgraph.pdf  used on input line 352.
(pdftex.def)             Requested size: 331.0pt x 150.00844pt.
> Step: init table outer spec.
> Step: parse table options.
> Step: split table.
> Step: init table inner spec.
> Step: parse table inner spec.
> Step: execute table commands.
> Step: calculate cell and line sizes.
> Step: build the whole table.
> Step: init table outer spec.
> Step: parse table options.
> Step: split table.
> Step: init table inner spec.
> Step: parse table inner spec.
> Step: execute table commands.
> Step: calculate cell and line sizes.
> Step: build the whole table.



Package fancyhdr Warning: \headheight is too small (12.0pt): 
(fancyhdr)                Make it at least 12.00003pt, for example:
(fancyhdr)                \setlength{\headheight}{12.00003pt}.
(fancyhdr)                You might also make \topmargin smaller:
(fancyhdr)                \addtolength{\topmargin}{-0.00003pt}.

[192] <./classgg_1_1GgPointShader_ac6e9398fa71096e9866fcd84cb542a91_icgraph.pdf
>
<classgg_1_1GgPointShader_ac6e9398fa71096e9866fcd84cb542a91_icgraph.pdf, id=112
51, 659.46375pt x 363.3575pt>
File: classgg_1_1GgPointShader_ac6e9398fa71096e9866fcd84cb542a91_icgraph.pdf Gr
aphic file (type pdf)
<use classgg_1_1GgPointShader_ac6e9398fa71096e9866fcd84cb542a91_icgraph.pdf>
Package pdftex.def Info: classgg_1_1GgPointShader_ac6e9398fa71096e9866fcd84cb54
2a91_icgraph.pdf  used on input line 381.
(pdftex.def)             Requested size: 350.0pt x 192.85022pt.
> Step: init table outer spec.
> Step: parse table options.
> Step: split table.
> Step: init table inner spec.
> Step: parse table inner spec.
> Step: execute table commands.
> Step: calculate cell and line sizes.
> Step: build the whole table.
> Step: init table outer spec.
> Step: parse table options.
> Step: split table.
> Step: init table inner spec.
> Step: parse table inner spec.
> Step: execute table commands.
> Step: calculate cell and line sizes.
> Step: build the whole table.
 <./classgg_1_1GgPointShader_a634da09936448435b4d9b162d9ec28c1_cgraph.pdf>
<classgg_1_1GgPointShader_a634da09936448435b4d9b162d9ec28c1_cgraph.pdf, id=1126
8, 326.21875pt x 150.5625pt>
File: classgg_1_1GgPointShader_a634da09936448435b4d9b162d9ec28c1_cgraph.pdf Gra
phic file (type pdf)
<use classgg_1_1GgPointShader_a634da09936448435b4d9b162d9ec28c1_cgraph.pdf>
Package pdftex.def Info: classgg_1_1GgPointShader_a634da09936448435b4d9b162d9ec
28c1_cgraph.pdf  used on input line 406.
(pdftex.def)             Requested size: 325.0pt x 150.01303pt.



Package fancyhdr Warning: \headheight is too small (12.0pt): 
(fancyhdr)                Make it at least 12.00003pt, for example:
(fancyhdr)                \setlength{\headheight}{12.00003pt}.
(fancyhdr)                You might also make \topmargin smaller:
(fancyhdr)                \addtolength{\topmargin}{-0.00003pt}.

[193]
> Step: init table outer spec.
> Step: parse table options.
> Step: split table.
> Step: init table inner spec.
> Step: parse table inner spec.
> Step: execute table commands.
> Step: calculate cell and line sizes.
> Step: build the whole table.
> Step: init table outer spec.
> Step: parse table options.
> Step: split table.
> Step: init table inner spec.
> Step: parse table inner spec.
> Step: execute table commands.
> Step: calculate cell and line sizes.
> Step: build the whole table.
 <./classgg_1_1GgPointShader_a35ef8670f580eb11d40386aa63ac615b_icgraph.pdf>
<classgg_1_1GgPointShader_a35ef8670f580eb11d40386aa63ac615b_icgraph.pdf, id=112
90, 656.4525pt x 314.17375pt>
File: classgg_1_1GgPointShader_a35ef8670f580eb11d40386aa63ac615b_icgraph.pdf Gr
aphic file (type pdf)
<use classgg_1_1GgPointShader_a35ef8670f580eb11d40386aa63ac615b_icgraph.pdf>
Package pdftex.def Info: classgg_1_1GgPointShader_a35ef8670f580eb11d40386aa63ac
615b_icgraph.pdf  used on input line 431.
(pdftex.def)             Requested size: 350.0pt x 167.50842pt.
 <./classgg_1_1GgPointShader_a6809087ef5e8a563310c3fc396246e78_icgraph.pdf>
<classgg_1_1GgPointShader_a6809087ef5e8a563310c3fc396246e78_icgraph.pdf, id=113
03, 529.98pt x 519.9425pt>
File: classgg_1_1GgPointShader_a6809087ef5e8a563310c3fc396246e78_icgraph.pdf Gr
aphic file (type pdf)
<use classgg_1_1GgPointShader_a6809087ef5e8a563310c3fc396246e78_icgraph.pdf>
Package pdftex.def Info: classgg_1_1GgPointShader_a6809087ef5e8a563310c3fc39624
6e78_icgraph.pdf  used on input line 463.
(pdftex.def)             Requested size: 350.0pt x 343.37732pt.



Package fancyhdr Warning: \headheight is too small (12.0pt): 
(fancyhdr)                Make it at least 12.00003pt, for example:
(fancyhdr)                \setlength{\headheight}{12.00003pt}.
(fancyhdr)                You might also make \topmargin smaller:
(fancyhdr)                \addtolength{\topmargin}{-0.00003pt}.

[194]
> Step: init table outer spec.
> Step: parse table options.
> Step: split table.
> Step: init table inner spec.
> Step: parse table inner spec.
> Step: execute table commands.
> Step: calculate cell and line sizes.
> Step: build the whole table.
> Step: init table outer spec.
> Step: parse table options.
> Step: split table.
> Step: init table inner spec.
> Step: parse table inner spec.
> Step: execute table commands.
> Step: calculate cell and line sizes.
> Step: build the whole table.
 <./classgg_1_1GgPointShader_a8d46e3571f4ffdb85368e8b438baa09f_cgraph.pdf>
<classgg_1_1GgPointShader_a8d46e3571f4ffdb85368e8b438baa09f_cgraph.pdf, id=1133
1, 358.33875pt x 138.5175pt>
File: classgg_1_1GgPointShader_a8d46e3571f4ffdb85368e8b438baa09f_cgraph.pdf Gra
phic file (type pdf)
<use classgg_1_1GgPointShader_a8d46e3571f4ffdb85368e8b438baa09f_cgraph.pdf>
Package pdftex.def Info: classgg_1_1GgPointShader_a8d46e3571f4ffdb85368e8b438ba
a09f_cgraph.pdf  used on input line 488.
(pdftex.def)             Requested size: 350.0pt x 135.30235pt.



Package fancyhdr Warning: \headheight is too small (12.0pt): 
(fancyhdr)                Make it at least 12.00003pt, for example:
(fancyhdr)                \setlength{\headheight}{12.00003pt}.
(fancyhdr)                You might also make \topmargin smaller:
(fancyhdr)                \addtolength{\topmargin}{-0.00003pt}.

[195]
> Step: init table outer spec.
> Step: parse table options.
> Step: split table.
> Step: init table inner spec.
> Step: parse table inner spec.
> Step: execute table commands.
> Step: calculate cell and line sizes.
> Step: build the whole table.
> Step: init table outer spec.
> Step: parse table options.
> Step: split table.
> Step: init table inner spec.
> Step: parse table inner spec.
> Step: execute table commands.
> Step: calculate cell and line sizes.
> Step: build the whole table.
 <./classgg_1_1GgPointShader_a7108b9cd35e312266adfc40af1d658ca_cgraph.pdf>
<classgg_1_1GgPointShader_a7108b9cd35e312266adfc40af1d658ca_cgraph.pdf, id=1136
4, 358.33875pt x 138.5175pt>
File: classgg_1_1GgPointShader_a7108b9cd35e312266adfc40af1d658ca_cgraph.pdf Gra
phic file (type pdf)
<use classgg_1_1GgPointShader_a7108b9cd35e312266adfc40af1d658ca_cgraph.pdf>
Package pdftex.def Info: classgg_1_1GgPointShader_a7108b9cd35e312266adfc40af1d6
58ca_cgraph.pdf  used on input line 515.
(pdftex.def)             Requested size: 350.0pt x 135.30235pt.
> Step: init table outer spec.
> Step: parse table options.
> Step: split table.
> Step: init table inner spec.
> Step: parse table inner spec.
> Step: execute table commands.
> Step: calculate cell and line sizes.
> Step: build the whole table.
> Step: init table outer spec.
> Step: parse table options.
> Step: split table.
> Step: init table inner spec.
> Step: parse table inner spec.
> Step: execute table commands.
> Step: calculate cell and line sizes.
> Step: build the whole table.
 <./classgg_1_1GgPointShader_a2a41d6e019fea4ac9e8633b988f5fa91_cgraph.pdf>
<classgg_1_1GgPointShader_a2a41d6e019fea4ac9e8633b988f5fa91_cgraph.pdf, id=1137
4, 358.33875pt x 150.5625pt>
File: classgg_1_1GgPointShader_a2a41d6e019fea4ac9e8633b988f5fa91_cgraph.pdf Gra
phic file (type pdf)
<use classgg_1_1GgPointShader_a2a41d6e019fea4ac9e8633b988f5fa91_cgraph.pdf>
Package pdftex.def Info: classgg_1_1GgPointShader_a2a41d6e019fea4ac9e8633b988f5
fa91_cgraph.pdf  used on input line 540.
(pdftex.def)             Requested size: 350.0pt x 147.06778pt.



Package fancyhdr Warning: \headheight is too small (12.0pt): 
(fancyhdr)                Make it at least 12.00003pt, for example:
(fancyhdr)                \setlength{\headheight}{12.00003pt}.
(fancyhdr)                You might also make \topmargin smaller:
(fancyhdr)                \addtolength{\topmargin}{-0.00003pt}.

[196]
> Step: init table outer spec.
> Step: parse table options.
> Step: split table.
> Step: init table inner spec.
> Step: parse table inner spec.
> Step: execute table commands.
> Step: calculate cell and line sizes.
> Step: build the whole table.
> Step: init table outer spec.
> Step: parse table options.
> Step: split table.
> Step: init table inner spec.
> Step: parse table inner spec.
> Step: execute table commands.
> Step: calculate cell and line sizes.
> Step: build the whole table.
 <./classgg_1_1GgPointShader_ab6ebf90fca8545b5ea896ee5b19a2722_cgraph.pdf>
<classgg_1_1GgPointShader_ab6ebf90fca8545b5ea896ee5b19a2722_cgraph.pdf, id=1139
5, 358.33875pt x 150.5625pt>
File: classgg_1_1GgPointShader_ab6ebf90fca8545b5ea896ee5b19a2722_cgraph.pdf Gra
phic file (type pdf)
<use classgg_1_1GgPointShader_ab6ebf90fca8545b5ea896ee5b19a2722_cgraph.pdf>
Package pdftex.def Info: classgg_1_1GgPointShader_ab6ebf90fca8545b5ea896ee5b19a
2722_cgraph.pdf  used on input line 567.
(pdftex.def)             Requested size: 350.0pt x 147.06778pt.
) (./classgg_1_1GgQuaternion.tex <./classgg_1_1GgQuaternion__inherit__graph.pdf
>
<classgg_1_1GgQuaternion__inherit__graph.pdf, id=11404, 198.7425pt x 269.005pt>

File: classgg_1_1GgQuaternion__inherit__graph.pdf Graphic file (type pdf)
<use classgg_1_1GgQuaternion__inherit__graph.pdf>
Package pdftex.def Info: classgg_1_1GgQuaternion__inherit__graph.pdf  used on i
nput line 14.
(pdftex.def)             Requested size: 198.0pt x 268.00688pt.



Package fancyhdr Warning: \headheight is too small (12.0pt): 
(fancyhdr)                Make it at least 12.00003pt, for example:
(fancyhdr)                \setlength{\headheight}{12.00003pt}.
(fancyhdr)                You might also make \topmargin smaller:
(fancyhdr)                \addtolength{\topmargin}{-0.00003pt}.

[197] <./classgg_1_1GgQuaternion__coll__graph.pdf>
<classgg_1_1GgQuaternion__coll__graph.pdf, id=11422, 198.7425pt x 212.795pt>
File: classgg_1_1GgQuaternion__coll__graph.pdf Graphic file (type pdf)
<use classgg_1_1GgQuaternion__coll__graph.pdf>
Package pdftex.def Info: classgg_1_1GgQuaternion__coll__graph.pdf  used on inpu
t line 24.
(pdftex.def)             Requested size: 198.0pt x 212.00543pt.



Package fancyhdr Warning: \headheight is too small (12.0pt): 
(fancyhdr)                Make it at least 12.00003pt, for example:
(fancyhdr)                \setlength{\headheight}{12.00003pt}.
(fancyhdr)                You might also make \topmargin smaller:
(fancyhdr)                \addtolength{\topmargin}{-0.00003pt}.

[198]


Package fancyhdr Warning: \headheight is too small (12.0pt): 
(fancyhdr)                Make it at least 12.00003pt, for example:
(fancyhdr)                \setlength{\headheight}{12.00003pt}.
(fancyhdr)                You might also make \topmargin smaller:
(fancyhdr)                \addtolength{\topmargin}{-0.00003pt}.

[199]


Package fancyhdr Warning: \headheight is too small (12.0pt): 
(fancyhdr)                Make it at least 12.00003pt, for example:
(fancyhdr)                \setlength{\headheight}{12.00003pt}.
(fancyhdr)                You might also make \topmargin smaller:
(fancyhdr)                \addtolength{\topmargin}{-0.00003pt}.

[200]
> Step: init table outer spec.
> Step: parse table options.
> Step: split table.
> Step: init table inner spec.
> Step: parse table inner spec.
> Step: execute table commands.
> Step: calculate cell and line sizes.
> Step: build the whole table.
> Step: init table outer spec.
> Step: parse table options.
> Step: split table.
> Step: init table inner spec.
> Step: parse table inner spec.
> Step: execute table commands.
> Step: calculate cell and line sizes.
> Step: build the whole table.



Package fancyhdr Warning: \headheight is too small (12.0pt): 
(fancyhdr)                Make it at least 12.00003pt, for example:
(fancyhdr)                \setlength{\headheight}{12.00003pt}.
(fancyhdr)                You might also make \topmargin smaller:
(fancyhdr)                \addtolength{\topmargin}{-0.00003pt}.

[201] <./classgg_1_1GgQuaternion_afb2520684171465ad9ce63ae102b21b4_cgraph.pdf>
<classgg_1_1GgQuaternion_afb2520684171465ad9ce63ae102b21b4_cgraph.pdf, id=11930
, 395.4775pt x 100.375pt>
File: classgg_1_1GgQuaternion_afb2520684171465ad9ce63ae102b21b4_cgraph.pdf Grap
hic file (type pdf)
<use classgg_1_1GgQuaternion_afb2520684171465ad9ce63ae102b21b4_cgraph.pdf>
Package pdftex.def Info: classgg_1_1GgQuaternion_afb2520684171465ad9ce63ae102b2
1b4_cgraph.pdf  used on input line 367.
(pdftex.def)             Requested size: 350.0pt x 88.83415pt.
> Step: init table outer spec.
> Step: parse table options.
> Step: split table.
> Step: init table inner spec.
> Step: parse table inner spec.
> Step: execute table commands.
> Step: calculate cell and line sizes.
> Step: build the whole table.
> Step: init table outer spec.
> Step: parse table options.
> Step: split table.
> Step: init table inner spec.
> Step: parse table inner spec.
> Step: execute table commands.
> Step: calculate cell and line sizes.
> Step: build the whole table.
 <./classgg_1_1GgQuaternion_ad283030bd29ee3806192b2048abe6901_cgraph.pdf>
<classgg_1_1GgQuaternion_ad283030bd29ee3806192b2048abe6901_cgraph.pdf, id=11940
, 434.62375pt x 100.375pt>
File: classgg_1_1GgQuaternion_ad283030bd29ee3806192b2048abe6901_cgraph.pdf Grap
hic file (type pdf)
<use classgg_1_1GgQuaternion_ad283030bd29ee3806192b2048abe6901_cgraph.pdf>
Package pdftex.def Info: classgg_1_1GgQuaternion_ad283030bd29ee3806192b2048abe6
901_cgraph.pdf  used on input line 392.
(pdftex.def)             Requested size: 350.0pt x 80.83615pt.
> Step: init table outer spec.
> Step: parse table options.
> Step: split table.
> Step: init table inner spec.
> Step: parse table inner spec.
> Step: execute table commands.
> Step: calculate cell and line sizes.
> Step: build the whole table.
> Step: init table outer spec.
> Step: parse table options.
> Step: split table.
> Step: init table inner spec.
> Step: parse table inner spec.
> Step: execute table commands.
> Step: calculate cell and line sizes.
> Step: build the whole table.
 <./classgg_1_1GgQuaternion_ac796a2450075b410ca26b57b0ea0e2e7_cgraph.pdf>
<classgg_1_1GgQuaternion_ac796a2450075b410ca26b57b0ea0e2e7_cgraph.pdf, id=11950
, 434.62375pt x 100.375pt>
File: classgg_1_1GgQuaternion_ac796a2450075b410ca26b57b0ea0e2e7_cgraph.pdf Grap
hic file (type pdf)
<use classgg_1_1GgQuaternion_ac796a2450075b410ca26b57b0ea0e2e7_cgraph.pdf>
Package pdftex.def Info: classgg_1_1GgQuaternion_ac796a2450075b410ca26b57b0ea0e
2e7_cgraph.pdf  used on input line 417.
(pdftex.def)             Requested size: 350.0pt x 80.83615pt.



Package fancyhdr Warning: \headheight is too small (12.0pt): 
(fancyhdr)                Make it at least 12.00003pt, for example:
(fancyhdr)                \setlength{\headheight}{12.00003pt}.
(fancyhdr)                You might also make \topmargin smaller:
(fancyhdr)                \addtolength{\topmargin}{-0.00003pt}.

[202]
> Step: init table outer spec.
> Step: parse table options.
> Step: split table.
> Step: init table inner spec.
> Step: parse table inner spec.
> Step: execute table commands.
> Step: calculate cell and line sizes.
> Step: build the whole table.
> Step: init table outer spec.
> Step: parse table options.
> Step: split table.
> Step: init table inner spec.
> Step: parse table inner spec.
> Step: execute table commands.
> Step: calculate cell and line sizes.
> Step: build the whole table.
 <./classgg_1_1GgQuaternion_a4704246cdfc0f5046fa44b1f090984ae_cgraph.pdf>
<classgg_1_1GgQuaternion_a4704246cdfc0f5046fa44b1f090984ae_cgraph.pdf, id=11979
, 434.62375pt x 138.5175pt>
File: classgg_1_1GgQuaternion_a4704246cdfc0f5046fa44b1f090984ae_cgraph.pdf Grap
hic file (type pdf)
<use classgg_1_1GgQuaternion_a4704246cdfc0f5046fa44b1f090984ae_cgraph.pdf>
Package pdftex.def Info: classgg_1_1GgQuaternion_a4704246cdfc0f5046fa44b1f09098
4ae_cgraph.pdf  used on input line 442.
(pdftex.def)             Requested size: 350.0pt x 111.5539pt.
> Step: init table outer spec.
> Step: parse table options.
> Step: split table.
> Step: init table inner spec.
> Step: parse table inner spec.
> Step: execute table commands.
> Step: calculate cell and line sizes.
> Step: build the whole table.
> Step: init table outer spec.
> Step: parse table options.
> Step: split table.
> Step: init table inner spec.
> Step: parse table inner spec.
> Step: execute table commands.
> Step: calculate cell and line sizes.
> Step: build the whole table.
 <./classgg_1_1GgQuaternion_a22620f1559247cf092b086511f410a24_cgraph.pdf>
<classgg_1_1GgQuaternion_a22620f1559247cf092b086511f410a24_cgraph.pdf, id=11987
, 434.62375pt x 100.375pt>
File: classgg_1_1GgQuaternion_a22620f1559247cf092b086511f410a24_cgraph.pdf Grap
hic file (type pdf)
<use classgg_1_1GgQuaternion_a22620f1559247cf092b086511f410a24_cgraph.pdf>
Package pdftex.def Info: classgg_1_1GgQuaternion_a22620f1559247cf092b086511f410
a24_cgraph.pdf  used on input line 463.
(pdftex.def)             Requested size: 350.0pt x 80.83615pt.



Package fancyhdr Warning: \headheight is too small (12.0pt): 
(fancyhdr)                Make it at least 12.00003pt, for example:
(fancyhdr)                \setlength{\headheight}{12.00003pt}.
(fancyhdr)                You might also make \topmargin smaller:
(fancyhdr)                \addtolength{\topmargin}{-0.00003pt}.

[203]
> Step: init table outer spec.
> Step: parse table options.
> Step: split table.
> Step: init table inner spec.
> Step: parse table inner spec.
> Step: execute table commands.
> Step: calculate cell and line sizes.
> Step: build the whole table.
> Step: init table outer spec.
> Step: parse table options.
> Step: split table.
> Step: init table inner spec.
> Step: parse table inner spec.
> Step: execute table commands.
> Step: calculate cell and line sizes.
> Step: build the whole table.
 <./classgg_1_1GgQuaternion_a33ff51ae28bd45ba34b41d29259a9cef_cgraph.pdf>
<classgg_1_1GgQuaternion_a33ff51ae28bd45ba34b41d29259a9cef_cgraph.pdf, id=12007
, 434.62375pt x 100.375pt>
File: classgg_1_1GgQuaternion_a33ff51ae28bd45ba34b41d29259a9cef_cgraph.pdf Grap
hic file (type pdf)
<use classgg_1_1GgQuaternion_a33ff51ae28bd45ba34b41d29259a9cef_cgraph.pdf>
Package pdftex.def Info: classgg_1_1GgQuaternion_a33ff51ae28bd45ba34b41d29259a9
cef_cgraph.pdf  used on input line 484.
(pdftex.def)             Requested size: 350.0pt x 80.83615pt.
> Step: init table outer spec.
> Step: parse table options.
> Step: split table.
> Step: init table inner spec.
> Step: parse table inner spec.
> Step: execute table commands.
> Step: calculate cell and line sizes.
> Step: build the whole table.
> Step: init table outer spec.
> Step: parse table options.
> Step: split table.
> Step: init table inner spec.
> Step: parse table inner spec.
> Step: execute table commands.
> Step: calculate cell and line sizes.
> Step: build the whole table.

Underfull \hbox (badness 10000) detected at line 511
[][][]
 []

 <./classgg_1_1GgQuaternion_a9f0d6f91c003bcf99fc222ddd3c7b828_cgraph.pdf>
<classgg_1_1GgQuaternion_a9f0d6f91c003bcf99fc222ddd3c7b828_cgraph.pdf, id=12025
, 711.65875pt x 132.495pt>
File: classgg_1_1GgQuaternion_a9f0d6f91c003bcf99fc222ddd3c7b828_cgraph.pdf Grap
hic file (type pdf)
<use classgg_1_1GgQuaternion_a9f0d6f91c003bcf99fc222ddd3c7b828_cgraph.pdf>
Package pdftex.def Info: classgg_1_1GgQuaternion_a9f0d6f91c003bcf99fc222ddd3c7b
828_cgraph.pdf  used on input line 523.
(pdftex.def)             Requested size: 350.0pt x 65.16167pt.
> Step: init table outer spec.
> Step: parse table options.
> Step: split table.
> Step: init table inner spec.
> Step: parse table inner spec.
> Step: execute table commands.
> Step: calculate cell and line sizes.
> Step: build the whole table.
> Step: init table outer spec.
> Step: parse table options.
> Step: split table.
> Step: init table inner spec.
> Step: parse table inner spec.
> Step: execute table commands.
> Step: calculate cell and line sizes.
> Step: build the whole table.



Package fancyhdr Warning: \headheight is too small (12.0pt): 
(fancyhdr)                Make it at least 12.00003pt, for example:
(fancyhdr)                \setlength{\headheight}{12.00003pt}.
(fancyhdr)                You might also make \topmargin smaller:
(fancyhdr)                \addtolength{\topmargin}{-0.00003pt}.

[204]
Underfull \hbox (badness 10000) detected at line 539
[][][]
 []

 <./classgg_1_1GgQuaternion_ac38b2eb455f09133dfb7113b620658cd_cgraph.pdf>
<classgg_1_1GgQuaternion_ac38b2eb455f09133dfb7113b620658cd_cgraph.pdf, id=12055
, 716.6775pt x 189.70876pt>
File: classgg_1_1GgQuaternion_ac38b2eb455f09133dfb7113b620658cd_cgraph.pdf Grap
hic file (type pdf)
<use classgg_1_1GgQuaternion_ac38b2eb455f09133dfb7113b620658cd_cgraph.pdf>
Package pdftex.def Info: classgg_1_1GgQuaternion_ac38b2eb455f09133dfb7113b62065
8cd_cgraph.pdf  used on input line 551.
(pdftex.def)             Requested size: 350.0pt x 92.64836pt.
> Step: init table outer spec.
> Step: parse table options.
> Step: split table.
> Step: init table inner spec.
> Step: parse table inner spec.
> Step: execute table commands.
> Step: calculate cell and line sizes.
> Step: build the whole table.
> Step: init table outer spec.
> Step: parse table options.
> Step: split table.
> Step: init table inner spec.
> Step: parse table inner spec.
> Step: execute table commands.
> Step: calculate cell and line sizes.
> Step: build the whole table.

Underfull \hbox (badness 10000) detected at line 567
[][][]
 []

 <./classgg_1_1GgQuaternion_a2a80ad1641502997b6cec18590bbb830_cgraph.pdf>
<classgg_1_1GgQuaternion_a2a80ad1641502997b6cec18590bbb830_cgraph.pdf, id=12066
, 711.65875pt x 132.495pt>
File: classgg_1_1GgQuaternion_a2a80ad1641502997b6cec18590bbb830_cgraph.pdf Grap
hic file (type pdf)
<use classgg_1_1GgQuaternion_a2a80ad1641502997b6cec18590bbb830_cgraph.pdf>
Package pdftex.def Info: classgg_1_1GgQuaternion_a2a80ad1641502997b6cec18590bbb
830_cgraph.pdf  used on input line 579.
(pdftex.def)             Requested size: 350.0pt x 65.16167pt.
> Step: init table outer spec.
> Step: parse table options.
> Step: split table.
> Step: init table inner spec.
> Step: parse table inner spec.
> Step: execute table commands.
> Step: calculate cell and line sizes.
> Step: build the whole table.
> Step: init table outer spec.
> Step: parse table options.
> Step: split table.
> Step: init table inner spec.
> Step: parse table inner spec.
> Step: execute table commands.
> Step: calculate cell and line sizes.
> Step: build the whole table.



Package fancyhdr Warning: \headheight is too small (12.0pt): 
(fancyhdr)                Make it at least 12.00003pt, for example:
(fancyhdr)                \setlength{\headheight}{12.00003pt}.
(fancyhdr)                You might also make \topmargin smaller:
(fancyhdr)                \addtolength{\topmargin}{-0.00003pt}.

[205]


Package fancyhdr Warning: \headheight is too small (12.0pt): 
(fancyhdr)                Make it at least 12.00003pt, for example:
(fancyhdr)                \setlength{\headheight}{12.00003pt}.
(fancyhdr)                You might also make \topmargin smaller:
(fancyhdr)                \addtolength{\topmargin}{-0.00003pt}.

[206]
Underfull \hbox (badness 10000) detected at line 601
[][][]
 []

 <./classgg_1_1GgQuaternion_a5c776b116c954194ba457324c36b16b2_cgraph.pdf>
<classgg_1_1GgQuaternion_a5c776b116c954194ba457324c36b16b2_cgraph.pdf, id=12093
, 561.09625pt x 119.44624pt>
File: classgg_1_1GgQuaternion_a5c776b116c954194ba457324c36b16b2_cgraph.pdf Grap
hic file (type pdf)
<use classgg_1_1GgQuaternion_a5c776b116c954194ba457324c36b16b2_cgraph.pdf>
Package pdftex.def Info: classgg_1_1GgQuaternion_a5c776b116c954194ba457324c36b1
6b2_cgraph.pdf  used on input line 613.
(pdftex.def)             Requested size: 350.0pt x 74.50789pt.
 <./classgg_1_1GgQuaternion_a5c776b116c954194ba457324c36b16b2_icgraph.pdf>
<classgg_1_1GgQuaternion_a5c776b116c954194ba457324c36b16b2_icgraph.pdf, id=1210
1, 548.0475pt x 252.945pt>
File: classgg_1_1GgQuaternion_a5c776b116c954194ba457324c36b16b2_icgraph.pdf Gra
phic file (type pdf)
<use classgg_1_1GgQuaternion_a5c776b116c954194ba457324c36b16b2_icgraph.pdf>
Package pdftex.def Info: classgg_1_1GgQuaternion_a5c776b116c954194ba457324c36b1
6b2_icgraph.pdf  used on input line 621.
(pdftex.def)             Requested size: 350.0pt x 161.54074pt.

Underfull \hbox (badness 10000) detected at line 632
[][][]
 []

 <./classgg_1_1GgQuaternion_aa6149d5fc7b04e147179857ada502d51_cgraph.pdf>
<classgg_1_1GgQuaternion_aa6149d5fc7b04e147179857ada502d51_cgraph.pdf, id=12112
, 418.56375pt x 138.5175pt>
File: classgg_1_1GgQuaternion_aa6149d5fc7b04e147179857ada502d51_cgraph.pdf Grap
hic file (type pdf)
<use classgg_1_1GgQuaternion_aa6149d5fc7b04e147179857ada502d51_cgraph.pdf>
Package pdftex.def Info: classgg_1_1GgQuaternion_aa6149d5fc7b04e147179857ada502
d51_cgraph.pdf  used on input line 644.
(pdftex.def)             Requested size: 350.0pt x 115.82549pt.


LaTeX Font Info:    Font shape `OT1/phv/m/n' will be
(Font)              scaled to size 8.99994pt on input line 647.
LaTeX Font Info:    Font shape `OT1/phv/m/n' will be
(Font)              scaled to size 8.99994pt on input line 647.
LaTeX Font Info:    Font shape `OT1/phv/m/n' will be
(Font)              scaled to size 8.99994pt on input line 647.
LaTeX Font Info:    Font shape `OT1/phv/b/n' will be
(Font)              scaled to size 8.99994pt on input line 647.
LaTeX Font Info:    Font shape `OT1/phv/b/n' will be
(Font)              scaled to size 6.29996pt on input line 647.
LaTeX Font Info:    Font shape `OT1/phv/b/n' will be
(Font)              scaled to size 6.29996pt on input line 647.
LaTeX Font Info:    Font shape `OT1/phv/b/n' will be
(Font)              scaled to size 8.99994pt on input line 647.

Package fancyhdr Warning: \headheight is too small (12.0pt): 
(fancyhdr)                Make it at least 12.00003pt, for example:
(fancyhdr)                \setlength{\headheight}{12.00003pt}.
(fancyhdr)                You might also make \topmargin smaller:
(fancyhdr)                \addtolength{\topmargin}{-0.00003pt}.

LaTeX Font Info:    Font shape `OT1/phv/m/n' will be
(Font)              scaled to size 8.99994pt on input line 647.
LaTeX Font Info:    Font shape `OT1/phv/b/n' will be
(Font)              scaled to size 8.99994pt on input line 647.
LaTeX Font Info:    Font shape `OT1/phv/b/n' will be
(Font)              scaled to size 6.29996pt on input line 647.
LaTeX Font Info:    Font shape `OT1/phv/b/n' will be
(Font)              scaled to size 6.29996pt on input line 647.
[207] <./classgg_1_1GgQuaternion_aa6149d5fc7b04e147179857ada502d51_icgraph.pdf>
<classgg_1_1GgQuaternion_aa6149d5fc7b04e147179857ada502d51_icgraph.pdf, id=1212
8, 345.29pt x 100.375pt>
File: classgg_1_1GgQuaternion_aa6149d5fc7b04e147179857ada502d51_icgraph.pdf Gra
phic file (type pdf)
<use classgg_1_1GgQuaternion_aa6149d5fc7b04e147179857ada502d51_icgraph.pdf>
Package pdftex.def Info: classgg_1_1GgQuaternion_aa6149d5fc7b04e147179857ada502
d51_icgraph.pdf  used on input line 652.
(pdftex.def)             Requested size: 344.0pt x 100.00102pt.
> Step: init table outer spec.
> Step: parse table options.
> Step: split table.
> Step: init table inner spec.
> Step: parse table inner spec.
> Step: execute table commands.
> Step: calculate cell and line sizes.
> Step: build the whole table.
> Step: init table outer spec.
> Step: parse table options.
> Step: split table.
> Step: init table inner spec.
> Step: parse table inner spec.
> Step: execute table commands.
> Step: calculate cell and line sizes.
> Step: build the whole table.

Underfull \hbox (badness 10000) detected at line 668
[][][]
 []

 <./classgg_1_1GgQuaternion_a3b79aae4f347fe8020f90260c81878f8_cgraph.pdf>
<classgg_1_1GgQuaternion_a3b79aae4f347fe8020f90260c81878f8_cgraph.pdf, id=12146
, 561.09625pt x 137.51375pt>
File: classgg_1_1GgQuaternion_a3b79aae4f347fe8020f90260c81878f8_cgraph.pdf Grap
hic file (type pdf)
<use classgg_1_1GgQuaternion_a3b79aae4f347fe8020f90260c81878f8_cgraph.pdf>
Package pdftex.def Info: classgg_1_1GgQuaternion_a3b79aae4f347fe8020f90260c8187
8f8_cgraph.pdf  used on input line 680.
(pdftex.def)             Requested size: 350.0pt x 85.77802pt.



Package fancyhdr Warning: \headheight is too small (12.0pt): 
(fancyhdr)                Make it at least 12.00003pt, for example:
(fancyhdr)                \setlength{\headheight}{12.00003pt}.
(fancyhdr)                You might also make \topmargin smaller:
(fancyhdr)                \addtolength{\topmargin}{-0.00003pt}.

[208]
> Step: init table outer spec.
> Step: parse table options.
> Step: split table.
> Step: init table inner spec.
> Step: parse table inner spec.
> Step: execute table commands.
> Step: calculate cell and line sizes.
> Step: build the whole table.
> Step: init table outer spec.
> Step: parse table options.
> Step: split table.
> Step: init table inner spec.
> Step: parse table inner spec.
> Step: execute table commands.
> Step: calculate cell and line sizes.
> Step: build the whole table.

Underfull \hbox (badness 10000) detected at line 696
[][][]
 []

 <./classgg_1_1GgQuaternion_a4b44a2db7bfe4c0aa27358c2011360ec_cgraph.pdf>
<classgg_1_1GgQuaternion_a4b44a2db7bfe4c0aa27358c2011360ec_cgraph.pdf, id=12175
, 561.09625pt x 194.7275pt>
File: classgg_1_1GgQuaternion_a4b44a2db7bfe4c0aa27358c2011360ec_cgraph.pdf Grap
hic file (type pdf)
<use classgg_1_1GgQuaternion_a4b44a2db7bfe4c0aa27358c2011360ec_cgraph.pdf>
Package pdftex.def Info: classgg_1_1GgQuaternion_a4b44a2db7bfe4c0aa27358c201136
0ec_cgraph.pdf  used on input line 708.
(pdftex.def)             Requested size: 350.0pt x 121.46666pt.
> Step: init table outer spec.
> Step: parse table options.
> Step: split table.
> Step: init table inner spec.
> Step: parse table inner spec.
> Step: execute table commands.
> Step: calculate cell and line sizes.
> Step: build the whole table.
> Step: init table outer spec.
> Step: parse table options.
> Step: split table.
> Step: init table inner spec.
> Step: parse table inner spec.
> Step: execute table commands.
> Step: calculate cell and line sizes.
> Step: build the whole table.

Underfull \hbox (badness 10000) detected at line 724
[][][]
 []

 <./classgg_1_1GgQuaternion_a0d70c27c7840e8bcb1031e12669a9405_cgraph.pdf>
<classgg_1_1GgQuaternion_a0d70c27c7840e8bcb1031e12669a9405_cgraph.pdf, id=12186
, 580.1675pt x 176.66pt>
File: classgg_1_1GgQuaternion_a0d70c27c7840e8bcb1031e12669a9405_cgraph.pdf Grap
hic file (type pdf)
<use classgg_1_1GgQuaternion_a0d70c27c7840e8bcb1031e12669a9405_cgraph.pdf>
Package pdftex.def Info: classgg_1_1GgQuaternion_a0d70c27c7840e8bcb1031e12669a9
405_cgraph.pdf  used on input line 736.
(pdftex.def)             Requested size: 350.0pt x 106.57367pt.



Package fancyhdr Warning: \headheight is too small (12.0pt): 
(fancyhdr)                Make it at least 12.00003pt, for example:
(fancyhdr)                \setlength{\headheight}{12.00003pt}.
(fancyhdr)                You might also make \topmargin smaller:
(fancyhdr)                \addtolength{\topmargin}{-0.00003pt}.

[209]
> Step: init table outer spec.
> Step: parse table options.
> Step: split table.
> Step: init table inner spec.
> Step: parse table inner spec.
> Step: execute table commands.
> Step: calculate cell and line sizes.
> Step: build the whole table.
> Step: init table outer spec.
> Step: parse table options.
> Step: split table.
> Step: init table inner spec.
> Step: parse table inner spec.
> Step: execute table commands.
> Step: calculate cell and line sizes.
> Step: build the whole table.

Underfull \hbox (badness 10000) detected at line 758
[][][]
 []

 <./classgg_1_1GgQuaternion_a0d9f4c9b28fc3424ef26aed061448287_cgraph.pdf>
<classgg_1_1GgQuaternion_a0d9f4c9b28fc3424ef26aed061448287_cgraph.pdf, id=12210
, 400.49625pt x 118.4425pt>
File: classgg_1_1GgQuaternion_a0d9f4c9b28fc3424ef26aed061448287_cgraph.pdf Grap
hic file (type pdf)
<use classgg_1_1GgQuaternion_a0d9f4c9b28fc3424ef26aed061448287_cgraph.pdf>
Package pdftex.def Info: classgg_1_1GgQuaternion_a0d9f4c9b28fc3424ef26aed061448
287_cgraph.pdf  used on input line 770.
(pdftex.def)             Requested size: 350.0pt x 103.51402pt.
 <./classgg_1_1GgQuaternion_a0d9f4c9b28fc3424ef26aed061448287_icgraph.pdf>
<classgg_1_1GgQuaternion_a0d9f4c9b28fc3424ef26aed061448287_icgraph.pdf, id=1221
8, 559.08875pt x 252.945pt>
File: classgg_1_1GgQuaternion_a0d9f4c9b28fc3424ef26aed061448287_icgraph.pdf Gra
phic file (type pdf)
<use classgg_1_1GgQuaternion_a0d9f4c9b28fc3424ef26aed061448287_icgraph.pdf>
Package pdftex.def Info: classgg_1_1GgQuaternion_a0d9f4c9b28fc3424ef26aed061448
287_icgraph.pdf  used on input line 778.
(pdftex.def)             Requested size: 350.0pt x 158.35269pt.
> Step: init table outer spec.
> Step: parse table options.
> Step: split table.
> Step: init table inner spec.
> Step: parse table inner spec.
> Step: execute table commands.
> Step: calculate cell and line sizes.
> Step: build the whole table.
> Step: init table outer spec.
> Step: parse table options.
> Step: split table.
> Step: init table inner spec.
> Step: parse table inner spec.
> Step: execute table commands.
> Step: calculate cell and line sizes.
> Step: build the whole table.



Package fancyhdr Warning: \headheight is too small (12.0pt): 
(fancyhdr)                Make it at least 12.00003pt, for example:
(fancyhdr)                \setlength{\headheight}{12.00003pt}.
(fancyhdr)                You might also make \topmargin smaller:
(fancyhdr)                \addtolength{\topmargin}{-0.00003pt}.

[210]
Underfull \hbox (badness 10000) detected at line 794
[][][]
 []


Underfull \hbox (badness 10000) detected at line 797
[][][]
 []

 <./classgg_1_1GgQuaternion_a67653ac2a70b598147b4f2b1fd9cccab_cgraph.pdf>
<classgg_1_1GgQuaternion_a67653ac2a70b598147b4f2b1fd9cccab_cgraph.pdf, id=12245
, 916.42375pt x 291.0875pt>
File: classgg_1_1GgQuaternion_a67653ac2a70b598147b4f2b1fd9cccab_cgraph.pdf Grap
hic file (type pdf)
<use classgg_1_1GgQuaternion_a67653ac2a70b598147b4f2b1fd9cccab_cgraph.pdf>
Package pdftex.def Info: classgg_1_1GgQuaternion_a67653ac2a70b598147b4f2b1fd9cc
cab_cgraph.pdf  used on input line 809.
(pdftex.def)             Requested size: 350.0pt x 111.16959pt.
> Step: init table outer spec.
> Step: parse table options.
> Step: split table.
> Step: init table inner spec.
> Step: parse table inner spec.
> Step: execute table commands.
> Step: calculate cell and line sizes.
> Step: build the whole table.
> Step: init table outer spec.
> Step: parse table options.
> Step: split table.
> Step: init table inner spec.
> Step: parse table inner spec.
> Step: execute table commands.
> Step: calculate cell and line sizes.
> Step: build the whole table.

Underfull \hbox (badness 10000) detected at line 825
[][][]
 []

 <./classgg_1_1GgQuaternion_a65a6c0126b5f8a857046f8e1defca7cc_cgraph.pdf>
<classgg_1_1GgQuaternion_a65a6c0126b5f8a857046f8e1defca7cc_cgraph.pdf, id=12256
, 916.42375pt x 249.93375pt>
File: classgg_1_1GgQuaternion_a65a6c0126b5f8a857046f8e1defca7cc_cgraph.pdf Grap
hic file (type pdf)
<use classgg_1_1GgQuaternion_a65a6c0126b5f8a857046f8e1defca7cc_cgraph.pdf>
Package pdftex.def Info: classgg_1_1GgQuaternion_a65a6c0126b5f8a857046f8e1defca
7cc_cgraph.pdf  used on input line 837.
(pdftex.def)             Requested size: 350.0pt x 95.45251pt.



Package fancyhdr Warning: \headheight is too small (12.0pt): 
(fancyhdr)                Make it at least 12.00003pt, for example:
(fancyhdr)                \setlength{\headheight}{12.00003pt}.
(fancyhdr)                You might also make \topmargin smaller:
(fancyhdr)                \addtolength{\topmargin}{-0.00003pt}.

[211]
> Step: init table outer spec.
> Step: parse table options.
> Step: split table.
> Step: init table inner spec.
> Step: parse table inner spec.
> Step: execute table commands.
> Step: calculate cell and line sizes.
> Step: build the whole table.
> Step: init table outer spec.
> Step: parse table options.
> Step: split table.
> Step: init table inner spec.
> Step: parse table inner spec.
> Step: execute table commands.
> Step: calculate cell and line sizes.
> Step: build the whole table.

Underfull \hbox (badness 10000) detected at line 857
[][][]
 []

 <./classgg_1_1GgQuaternion_abdbd693a6cd020ed36293d3aec1b528c_cgraph.pdf>
<classgg_1_1GgQuaternion_abdbd693a6cd020ed36293d3aec1b528c_cgraph.pdf, id=12278
, 760.8425pt x 215.80624pt>
File: classgg_1_1GgQuaternion_abdbd693a6cd020ed36293d3aec1b528c_cgraph.pdf Grap
hic file (type pdf)
<use classgg_1_1GgQuaternion_abdbd693a6cd020ed36293d3aec1b528c_cgraph.pdf>
Package pdftex.def Info: classgg_1_1GgQuaternion_abdbd693a6cd020ed36293d3aec1b5
28c_cgraph.pdf  used on input line 869.
(pdftex.def)             Requested size: 350.0pt x 99.27536pt.
 <./classgg_1_1GgQuaternion_abdbd693a6cd020ed36293d3aec1b528c_icgraph.pdf>
<classgg_1_1GgQuaternion_abdbd693a6cd020ed36293d3aec1b528c_icgraph.pdf, id=1228
6, 356.33125pt x 138.5175pt>
File: classgg_1_1GgQuaternion_abdbd693a6cd020ed36293d3aec1b528c_icgraph.pdf Gra
phic file (type pdf)
<use classgg_1_1GgQuaternion_abdbd693a6cd020ed36293d3aec1b528c_icgraph.pdf>
Package pdftex.def Info: classgg_1_1GgQuaternion_abdbd693a6cd020ed36293d3aec1b5
28c_icgraph.pdf  used on input line 877.
(pdftex.def)             Requested size: 350.0pt x 136.06114pt.
> Step: init table outer spec.
> Step: parse table options.
> Step: split table.
> Step: init table inner spec.
> Step: parse table inner spec.
> Step: execute table commands.
> Step: calculate cell and line sizes.
> Step: build the whole table.
> Step: init table outer spec.
> Step: parse table options.
> Step: split table.
> Step: init table inner spec.
> Step: parse table inner spec.
> Step: execute table commands.
> Step: calculate cell and line sizes.
> Step: build the whole table.



Package fancyhdr Warning: \headheight is too small (12.0pt): 
(fancyhdr)                Make it at least 12.00003pt, for example:
(fancyhdr)                \setlength{\headheight}{12.00003pt}.
(fancyhdr)                You might also make \topmargin smaller:
(fancyhdr)                \addtolength{\topmargin}{-0.00003pt}.

[212]
Underfull \hbox (badness 10000) detected at line 905
[][][]
 []

 <./classgg_1_1GgQuaternion_ac7a0d84adeee39ee8b04327c4f3add36_cgraph.pdf>
<classgg_1_1GgQuaternion_ac7a0d84adeee39ee8b04327c4f3add36_cgraph.pdf, id=12310
, 236.885pt x 130.4875pt>
File: classgg_1_1GgQuaternion_ac7a0d84adeee39ee8b04327c4f3add36_cgraph.pdf Grap
hic file (type pdf)
<use classgg_1_1GgQuaternion_ac7a0d84adeee39ee8b04327c4f3add36_cgraph.pdf>
Package pdftex.def Info: classgg_1_1GgQuaternion_ac7a0d84adeee39ee8b04327c4f3ad
d36_cgraph.pdf  used on input line 917.
(pdftex.def)             Requested size: 236.0pt x 130.00333pt.
 <./classgg_1_1GgQuaternion_ac7a0d84adeee39ee8b04327c4f3add36_icgraph.pdf>
<classgg_1_1GgQuaternion_ac7a0d84adeee39ee8b04327c4f3add36_icgraph.pdf, id=1231
9, 430.60875pt x 130.4875pt>
File: classgg_1_1GgQuaternion_ac7a0d84adeee39ee8b04327c4f3add36_icgraph.pdf Gra
phic file (type pdf)
<use classgg_1_1GgQuaternion_ac7a0d84adeee39ee8b04327c4f3add36_icgraph.pdf>
Package pdftex.def Info: classgg_1_1GgQuaternion_ac7a0d84adeee39ee8b04327c4f3ad
d36_icgraph.pdf  used on input line 925.
(pdftex.def)             Requested size: 350.0pt x 106.06262pt.
> Step: init table outer spec.
> Step: parse table options.
> Step: split table.
> Step: init table inner spec.
> Step: parse table inner spec.
> Step: execute table commands.
> Step: calculate cell and line sizes.
> Step: build the whole table.
> Step: init table outer spec.
> Step: parse table options.
> Step: split table.
> Step: init table inner spec.
> Step: parse table inner spec.
> Step: execute table commands.
> Step: calculate cell and line sizes.
> Step: build the whole table.
 <./classgg_1_1GgQuaternion_a9bfa877fdb7e650afd1f5d760e510c4d_cgraph.pdf>
<classgg_1_1GgQuaternion_a9bfa877fdb7e650afd1f5d760e510c4d_cgraph.pdf, id=12336
, 430.60875pt x 130.4875pt>
File: classgg_1_1GgQuaternion_a9bfa877fdb7e650afd1f5d760e510c4d_cgraph.pdf Grap
hic file (type pdf)
<use classgg_1_1GgQuaternion_a9bfa877fdb7e650afd1f5d760e510c4d_cgraph.pdf>
Package pdftex.def Info: classgg_1_1GgQuaternion_a9bfa877fdb7e650afd1f5d760e510
c4d_cgraph.pdf  used on input line 950.
(pdftex.def)             Requested size: 350.0pt x 106.06262pt.



Package fancyhdr Warning: \headheight is too small (12.0pt): 
(fancyhdr)                Make it at least 12.00003pt, for example:
(fancyhdr)                \setlength{\headheight}{12.00003pt}.
(fancyhdr)                You might also make \topmargin smaller:
(fancyhdr)                \addtolength{\topmargin}{-0.00003pt}.

[213]
> Step: init table outer spec.
> Step: parse table options.
> Step: split table.
> Step: init table inner spec.
> Step: parse table inner spec.
> Step: execute table commands.
> Step: calculate cell and line sizes.
> Step: build the whole table.
> Step: init table outer spec.
> Step: parse table options.
> Step: split table.
> Step: init table inner spec.
> Step: parse table inner spec.
> Step: execute table commands.
> Step: calculate cell and line sizes.
> Step: build the whole table.
 <./classgg_1_1GgQuaternion_a1c213182c3dd309dc27b189ff4800603_cgraph.pdf>
<classgg_1_1GgQuaternion_a1c213182c3dd309dc27b189ff4800603_cgraph.pdf, id=12357
, 434.62375pt x 138.5175pt>
File: classgg_1_1GgQuaternion_a1c213182c3dd309dc27b189ff4800603_cgraph.pdf Grap
hic file (type pdf)
<use classgg_1_1GgQuaternion_a1c213182c3dd309dc27b189ff4800603_cgraph.pdf>
Package pdftex.def Info: classgg_1_1GgQuaternion_a1c213182c3dd309dc27b189ff4800
603_cgraph.pdf  used on input line 975.
(pdftex.def)             Requested size: 350.0pt x 111.5539pt.

Underfull \hbox (badness 10000) detected at line 986
[][][]
 []

 <./classgg_1_1GgQuaternion_a6e39d8318296545ba0053eda5a71a6a8_cgraph.pdf>
<classgg_1_1GgQuaternion_a6e39d8318296545ba0053eda5a71a6a8_cgraph.pdf, id=12369
, 219.82124pt x 118.4425pt>
File: classgg_1_1GgQuaternion_a6e39d8318296545ba0053eda5a71a6a8_cgraph.pdf Grap
hic file (type pdf)
<use classgg_1_1GgQuaternion_a6e39d8318296545ba0053eda5a71a6a8_cgraph.pdf>
Package pdftex.def Info: classgg_1_1GgQuaternion_a6e39d8318296545ba0053eda5a71a
6a8_cgraph.pdf  used on input line 998.
(pdftex.def)             Requested size: 219.0pt x 118.00302pt.


LaTeX Font Info:    Font shape `OT1/phv/m/n' will be
(Font)              scaled to size 8.99994pt on input line 1001.
LaTeX Font Info:    Font shape `OT1/phv/m/n' will be
(Font)              scaled to size 8.99994pt on input line 1001.
LaTeX Font Info:    Font shape `OT1/phv/m/n' will be
(Font)              scaled to size 8.99994pt on input line 1001.
LaTeX Font Info:    Font shape `OT1/phv/b/n' will be
(Font)              scaled to size 8.99994pt on input line 1001.
LaTeX Font Info:    Font shape `OT1/phv/b/n' will be
(Font)              scaled to size 8.99994pt on input line 1001.

Package fancyhdr Warning: \headheight is too small (12.0pt): 
(fancyhdr)                Make it at least 12.00003pt, for example:
(fancyhdr)                \setlength{\headheight}{12.00003pt}.
(fancyhdr)                You might also make \topmargin smaller:
(fancyhdr)                \addtolength{\topmargin}{-0.00003pt}.

LaTeX Font Info:    Font shape `OT1/phv/m/n' will be
(Font)              scaled to size 8.99994pt on input line 1001.
LaTeX Font Info:    Font shape `OT1/phv/b/n' will be
(Font)              scaled to size 8.99994pt on input line 1001.
LaTeX Font Info:    Font shape `OT1/phv/b/n' will be
(Font)              scaled to size 6.29996pt on input line 1001.
LaTeX Font Info:    Font shape `OT1/phv/b/n' will be
(Font)              scaled to size 6.29996pt on input line 1001.
[214] <./classgg_1_1GgQuaternion_a6e39d8318296545ba0053eda5a71a6a8_icgraph.pdf>
<classgg_1_1GgQuaternion_a6e39d8318296545ba0053eda5a71a6a8_icgraph.pdf, id=1238
6, 744.7825pt x 214.8025pt>
File: classgg_1_1GgQuaternion_a6e39d8318296545ba0053eda5a71a6a8_icgraph.pdf Gra
phic file (type pdf)
<use classgg_1_1GgQuaternion_a6e39d8318296545ba0053eda5a71a6a8_icgraph.pdf>
Package pdftex.def Info: classgg_1_1GgQuaternion_a6e39d8318296545ba0053eda5a71a
6a8_icgraph.pdf  used on input line 1006.
(pdftex.def)             Requested size: 350.0pt x 100.94734pt.
> Step: init table outer spec.
> Step: parse table options.
> Step: split table.
> Step: init table inner spec.
> Step: parse table inner spec.
> Step: execute table commands.
> Step: calculate cell and line sizes.
> Step: build the whole table.
> Step: init table outer spec.
> Step: parse table options.
> Step: split table.
> Step: init table inner spec.
> Step: parse table inner spec.
> Step: execute table commands.
> Step: calculate cell and line sizes.
> Step: build the whole table.
 <./classgg_1_1GgQuaternion_a7a551bed8460169b910c5a6c7fdc389a_cgraph.pdf>
<classgg_1_1GgQuaternion_a7a551bed8460169b910c5a6c7fdc389a_cgraph.pdf, id=12403
, 395.4775pt x 118.4425pt>
File: classgg_1_1GgQuaternion_a7a551bed8460169b910c5a6c7fdc389a_cgraph.pdf Grap
hic file (type pdf)
<use classgg_1_1GgQuaternion_a7a551bed8460169b910c5a6c7fdc389a_cgraph.pdf>
Package pdftex.def Info: classgg_1_1GgQuaternion_a7a551bed8460169b910c5a6c7fdc3
89a_cgraph.pdf  used on input line 1031.
(pdftex.def)             Requested size: 350.0pt x 104.82431pt.


LaTeX Font Info:    Font shape `OT1/phv/m/n' will be
(Font)              scaled to size 8.99994pt on input line 1040.
LaTeX Font Info:    Font shape `OT1/phv/m/n' will be
(Font)              scaled to size 8.99994pt on input line 1040.
LaTeX Font Info:    Font shape `OT1/phv/m/n' will be
(Font)              scaled to size 8.99994pt on input line 1040.
LaTeX Font Info:    Font shape `OT1/phv/b/n' will be
(Font)              scaled to size 8.99994pt on input line 1040.
LaTeX Font Info:    Font shape `OT1/phv/b/n' will be
(Font)              scaled to size 6.29996pt on input line 1040.
LaTeX Font Info:    Font shape `OT1/phv/b/n' will be
(Font)              scaled to size 6.29996pt on input line 1040.
LaTeX Font Info:    Font shape `OT1/phv/b/n' will be
(Font)              scaled to size 8.99994pt on input line 1040.

Package fancyhdr Warning: \headheight is too small (12.0pt): 
(fancyhdr)                Make it at least 12.00003pt, for example:
(fancyhdr)                \setlength{\headheight}{12.00003pt}.
(fancyhdr)                You might also make \topmargin smaller:
(fancyhdr)                \addtolength{\topmargin}{-0.00003pt}.

LaTeX Font Info:    Font shape `OT1/phv/m/n' will be
(Font)              scaled to size 8.99994pt on input line 1040.
LaTeX Font Info:    Font shape `OT1/phv/b/n' will be
(Font)              scaled to size 8.99994pt on input line 1040.
LaTeX Font Info:    Font shape `OT1/phv/b/n' will be
(Font)              scaled to size 6.29996pt on input line 1040.
LaTeX Font Info:    Font shape `OT1/phv/b/n' will be
(Font)              scaled to size 6.29996pt on input line 1040.
[215]
> Step: init table outer spec.
> Step: parse table options.
> Step: split table.
> Step: init table inner spec.
> Step: parse table inner spec.
> Step: execute table commands.
> Step: calculate cell and line sizes.
> Step: build the whole table.
> Step: init table outer spec.
> Step: parse table options.
> Step: split table.
> Step: init table inner spec.
> Step: parse table inner spec.
> Step: execute table commands.
> Step: calculate cell and line sizes.
> Step: build the whole table.
 <./classgg_1_1GgQuaternion_a605ed85eaa2a82e0d3e2097002d5c583_icgraph.pdf>
<classgg_1_1GgQuaternion_a605ed85eaa2a82e0d3e2097002d5c583_icgraph.pdf, id=1242
5, 392.46625pt x 150.5625pt>
File: classgg_1_1GgQuaternion_a605ed85eaa2a82e0d3e2097002d5c583_icgraph.pdf Gra
phic file (type pdf)
<use classgg_1_1GgQuaternion_a605ed85eaa2a82e0d3e2097002d5c583_icgraph.pdf>
Package pdftex.def Info: classgg_1_1GgQuaternion_a605ed85eaa2a82e0d3e2097002d5c
583_icgraph.pdf  used on input line 1056.
(pdftex.def)             Requested size: 350.0pt x 134.28047pt.

Underfull \hbox (badness 10000) detected at line 1067
[][][]
 []

 <./classgg_1_1GgQuaternion_ae76a0626497b4b3c203be499169a49af_cgraph.pdf>
<classgg_1_1GgQuaternion_ae76a0626497b4b3c203be499169a49af_cgraph.pdf, id=12436
, 579.16376pt x 176.66pt>
File: classgg_1_1GgQuaternion_ae76a0626497b4b3c203be499169a49af_cgraph.pdf Grap
hic file (type pdf)
<use classgg_1_1GgQuaternion_ae76a0626497b4b3c203be499169a49af_cgraph.pdf>
Package pdftex.def Info: classgg_1_1GgQuaternion_ae76a0626497b4b3c203be499169a4
9af_cgraph.pdf  used on input line 1079.
(pdftex.def)             Requested size: 350.0pt x 106.75966pt.
 <./classgg_1_1GgQuaternion_ae76a0626497b4b3c203be499169a49af_icgraph.pdf>
<classgg_1_1GgQuaternion_ae76a0626497b4b3c203be499169a49af_icgraph.pdf, id=1244
4, 307.1475pt x 100.375pt>
File: classgg_1_1GgQuaternion_ae76a0626497b4b3c203be499169a49af_icgraph.pdf Gra
phic file (type pdf)
<use classgg_1_1GgQuaternion_ae76a0626497b4b3c203be499169a49af_icgraph.pdf>
Package pdftex.def Info: classgg_1_1GgQuaternion_ae76a0626497b4b3c203be499169a4
9af_icgraph.pdf  used on input line 1087.
(pdftex.def)             Requested size: 306.0pt x 100.00562pt.



Package fancyhdr Warning: \headheight is too small (12.0pt): 
(fancyhdr)                Make it at least 12.00003pt, for example:
(fancyhdr)                \setlength{\headheight}{12.00003pt}.
(fancyhdr)                You might also make \topmargin smaller:
(fancyhdr)                \addtolength{\topmargin}{-0.00003pt}.

[216]
> Step: init table outer spec.
> Step: parse table options.
> Step: split table.
> Step: init table inner spec.
> Step: parse table inner spec.
> Step: execute table commands.
> Step: calculate cell and line sizes.
> Step: build the whole table.
> Step: init table outer spec.
> Step: parse table options.
> Step: split table.
> Step: init table inner spec.
> Step: parse table inner spec.
> Step: execute table commands.
> Step: calculate cell and line sizes.
> Step: build the whole table.

Underfull \hbox (badness 10000) detected at line 1103
[][][]
 []

 <./classgg_1_1GgQuaternion_a69f0f7d0a100bd3fa8ca71728bd02ec0_cgraph.pdf>
<classgg_1_1GgQuaternion_a69f0f7d0a100bd3fa8ca71728bd02ec0_cgraph.pdf, id=12473
, 580.1675pt x 119.44624pt>
File: classgg_1_1GgQuaternion_a69f0f7d0a100bd3fa8ca71728bd02ec0_cgraph.pdf Grap
hic file (type pdf)
<use classgg_1_1GgQuaternion_a69f0f7d0a100bd3fa8ca71728bd02ec0_cgraph.pdf>
Package pdftex.def Info: classgg_1_1GgQuaternion_a69f0f7d0a100bd3fa8ca71728bd02
ec0_cgraph.pdf  used on input line 1115.
(pdftex.def)             Requested size: 350.0pt x 72.05832pt.
> Step: init table outer spec.
> Step: parse table options.
> Step: split table.
> Step: init table inner spec.
> Step: parse table inner spec.
> Step: execute table commands.
> Step: calculate cell and line sizes.
> Step: build the whole table.
> Step: init table outer spec.
> Step: parse table options.
> Step: split table.
> Step: init table inner spec.
> Step: parse table inner spec.
> Step: execute table commands.
> Step: calculate cell and line sizes.
> Step: build the whole table.

Underfull \hbox (badness 10000) detected at line 1131
[][][]
 []

 <./classgg_1_1GgQuaternion_a482ad92d4b0edc0ff941146d3c692abd_cgraph.pdf>
<classgg_1_1GgQuaternion_a482ad92d4b0edc0ff941146d3c692abd_cgraph.pdf, id=12491
, 580.1675pt x 151.56625pt>
File: classgg_1_1GgQuaternion_a482ad92d4b0edc0ff941146d3c692abd_cgraph.pdf Grap
hic file (type pdf)
<use classgg_1_1GgQuaternion_a482ad92d4b0edc0ff941146d3c692abd_cgraph.pdf>
Package pdftex.def Info: classgg_1_1GgQuaternion_a482ad92d4b0edc0ff941146d3c692
abd_cgraph.pdf  used on input line 1143.
(pdftex.def)             Requested size: 350.0pt x 91.43536pt.



Package fancyhdr Warning: \headheight is too small (12.0pt): 
(fancyhdr)                Make it at least 12.00003pt, for example:
(fancyhdr)                \setlength{\headheight}{12.00003pt}.
(fancyhdr)                You might also make \topmargin smaller:
(fancyhdr)                \addtolength{\topmargin}{-0.00003pt}.

[217]
> Step: init table outer spec.
> Step: parse table options.
> Step: split table.
> Step: init table inner spec.
> Step: parse table inner spec.
> Step: execute table commands.
> Step: calculate cell and line sizes.
> Step: build the whole table.
> Step: init table outer spec.
> Step: parse table options.
> Step: split table.
> Step: init table inner spec.
> Step: parse table inner spec.
> Step: execute table commands.
> Step: calculate cell and line sizes.
> Step: build the whole table.

Underfull \hbox (badness 10000) detected at line 1159
[][][]
 []

 <./classgg_1_1GgQuaternion_affe2fa2c0d88961b5af9259ece604ff1_cgraph.pdf>
<classgg_1_1GgQuaternion_affe2fa2c0d88961b5af9259ece604ff1_cgraph.pdf, id=12513
, 580.1675pt x 119.44624pt>
File: classgg_1_1GgQuaternion_affe2fa2c0d88961b5af9259ece604ff1_cgraph.pdf Grap
hic file (type pdf)
<use classgg_1_1GgQuaternion_affe2fa2c0d88961b5af9259ece604ff1_cgraph.pdf>
Package pdftex.def Info: classgg_1_1GgQuaternion_affe2fa2c0d88961b5af9259ece604
ff1_cgraph.pdf  used on input line 1171.
(pdftex.def)             Requested size: 350.0pt x 72.05832pt.
> Step: init table outer spec.
> Step: parse table options.
> Step: split table.
> Step: init table inner spec.
> Step: parse table inner spec.
> Step: execute table commands.
> Step: calculate cell and line sizes.
> Step: build the whole table.
> Step: init table outer spec.
> Step: parse table options.
> Step: split table.
> Step: init table inner spec.
> Step: parse table inner spec.
> Step: execute table commands.
> Step: calculate cell and line sizes.
> Step: build the whole table.



Package fancyhdr Warning: \headheight is too small (12.0pt): 
(fancyhdr)                Make it at least 12.00003pt, for example:
(fancyhdr)                \setlength{\headheight}{12.00003pt}.
(fancyhdr)                You might also make \topmargin smaller:
(fancyhdr)                \addtolength{\topmargin}{-0.00003pt}.

[218]
Underfull \hbox (badness 10000) detected at line 1193
[][][]
 []

 <./classgg_1_1GgQuaternion_ad0b43dbf846eb5c01192dfe63e3d131d_cgraph.pdf>
<classgg_1_1GgQuaternion_ad0b43dbf846eb5c01192dfe63e3d131d_cgraph.pdf, id=12534
, 409.53pt x 100.375pt>
File: classgg_1_1GgQuaternion_ad0b43dbf846eb5c01192dfe63e3d131d_cgraph.pdf Grap
hic file (type pdf)
<use classgg_1_1GgQuaternion_ad0b43dbf846eb5c01192dfe63e3d131d_cgraph.pdf>
Package pdftex.def Info: classgg_1_1GgQuaternion_ad0b43dbf846eb5c01192dfe63e3d1
31d_cgraph.pdf  used on input line 1205.
(pdftex.def)             Requested size: 350.0pt x 85.78934pt.
 <./classgg_1_1GgQuaternion_ad0b43dbf846eb5c01192dfe63e3d131d_icgraph.pdf>
<classgg_1_1GgQuaternion_ad0b43dbf846eb5c01192dfe63e3d131d_icgraph.pdf, id=1254
2, 749.80125pt x 405.515pt>
File: classgg_1_1GgQuaternion_ad0b43dbf846eb5c01192dfe63e3d131d_icgraph.pdf Gra
phic file (type pdf)
<use classgg_1_1GgQuaternion_ad0b43dbf846eb5c01192dfe63e3d131d_icgraph.pdf>
Package pdftex.def Info: classgg_1_1GgQuaternion_ad0b43dbf846eb5c01192dfe63e3d1
31d_icgraph.pdf  used on input line 1213.
(pdftex.def)             Requested size: 350.0pt x 189.29266pt.
> Step: init table outer spec.
> Step: parse table options.
> Step: split table.
> Step: init table inner spec.
> Step: parse table inner spec.
> Step: execute table commands.
> Step: calculate cell and line sizes.
> Step: build the whole table.
> Step: init table outer spec.
> Step: parse table options.
> Step: split table.
> Step: init table inner spec.
> Step: parse table inner spec.
> Step: execute table commands.
> Step: calculate cell and line sizes.
> Step: build the whole table.

Underfull \hbox (badness 10000) detected at line 1229
[][][]
 []

 <./classgg_1_1GgQuaternion_a43b85fc04b7be9fa39859ecac808009d_cgraph.pdf>
<classgg_1_1GgQuaternion_a43b85fc04b7be9fa39859ecac808009d_cgraph.pdf, id=12560
, 439.6425pt x 138.5175pt>
File: classgg_1_1GgQuaternion_a43b85fc04b7be9fa39859ecac808009d_cgraph.pdf Grap
hic file (type pdf)
<use classgg_1_1GgQuaternion_a43b85fc04b7be9fa39859ecac808009d_cgraph.pdf>
Package pdftex.def Info: classgg_1_1GgQuaternion_a43b85fc04b7be9fa39859ecac8080
09d_cgraph.pdf  used on input line 1241.
(pdftex.def)             Requested size: 350.0pt x 110.27728pt.



Package fancyhdr Warning: \headheight is too small (12.0pt): 
(fancyhdr)                Make it at least 12.00003pt, for example:
(fancyhdr)                \setlength{\headheight}{12.00003pt}.
(fancyhdr)                You might also make \topmargin smaller:
(fancyhdr)                \addtolength{\topmargin}{-0.00003pt}.

[219]
> Step: init table outer spec.
> Step: parse table options.
> Step: split table.
> Step: init table inner spec.
> Step: parse table inner spec.
> Step: execute table commands.
> Step: calculate cell and line sizes.
> Step: build the whole table.
> Step: init table outer spec.
> Step: parse table options.
> Step: split table.
> Step: init table inner spec.
> Step: parse table inner spec.
> Step: execute table commands.
> Step: calculate cell and line sizes.
> Step: build the whole table.

Underfull \hbox (badness 10000) detected at line 1257
[][][]
 []

 <./classgg_1_1GgQuaternion_af9a9577581a5f9bbebd675998f741215_icgraph.pdf>
<classgg_1_1GgQuaternion_af9a9577581a5f9bbebd675998f741215_icgraph.pdf, id=1258
0, 721.69624pt x 264.99pt>
File: classgg_1_1GgQuaternion_af9a9577581a5f9bbebd675998f741215_icgraph.pdf Gra
phic file (type pdf)
<use classgg_1_1GgQuaternion_af9a9577581a5f9bbebd675998f741215_icgraph.pdf>
Package pdftex.def Info: classgg_1_1GgQuaternion_af9a9577581a5f9bbebd675998f741
215_icgraph.pdf  used on input line 1269.
(pdftex.def)             Requested size: 350.0pt x 128.5119pt.
> Step: init table outer spec.
> Step: parse table options.
> Step: split table.
> Step: init table inner spec.
> Step: parse table inner spec.
> Step: execute table commands.
> Step: calculate cell and line sizes.
> Step: build the whole table.
> Step: init table outer spec.
> Step: parse table options.
> Step: split table.
> Step: init table inner spec.
> Step: parse table inner spec.
> Step: execute table commands.
> Step: calculate cell and line sizes.
> Step: build the whole table.



Package fancyhdr Warning: \headheight is too small (12.0pt): 
(fancyhdr)                Make it at least 12.00003pt, for example:
(fancyhdr)                \setlength{\headheight}{12.00003pt}.
(fancyhdr)                You might also make \topmargin smaller:
(fancyhdr)                \addtolength{\topmargin}{-0.00003pt}.

[220]
Underfull \hbox (badness 10000) detected at line 1285
[][][]
 []

 <./classgg_1_1GgQuaternion_a90f272d2f0306a012f574f2b710fea44_cgraph.pdf>
<classgg_1_1GgQuaternion_a90f272d2f0306a012f574f2b710fea44_cgraph.pdf, id=12610
, 601.24625pt x 129.48375pt>
File: classgg_1_1GgQuaternion_a90f272d2f0306a012f574f2b710fea44_cgraph.pdf Grap
hic file (type pdf)
<use classgg_1_1GgQuaternion_a90f272d2f0306a012f574f2b710fea44_cgraph.pdf>
Package pdftex.def Info: classgg_1_1GgQuaternion_a90f272d2f0306a012f574f2b710fe
a44_cgraph.pdf  used on input line 1297.
(pdftex.def)             Requested size: 350.0pt x 75.37721pt.
> Step: init table outer spec.
> Step: parse table options.
> Step: split table.
> Step: init table inner spec.
> Step: parse table inner spec.
> Step: execute table commands.
> Step: calculate cell and line sizes.
> Step: build the whole table.
> Step: init table outer spec.
> Step: parse table options.
> Step: split table.
> Step: init table inner spec.
> Step: parse table inner spec.
> Step: execute table commands.
> Step: calculate cell and line sizes.
> Step: build the whole table.

Underfull \hbox (badness 10000) detected at line 1313
[][][]
 []

 <./classgg_1_1GgQuaternion_ac26325cc6cb393f6632f7e854a9df643_cgraph.pdf>
<classgg_1_1GgQuaternion_ac26325cc6cb393f6632f7e854a9df643_cgraph.pdf, id=12628
, 601.24625pt x 170.6375pt>
File: classgg_1_1GgQuaternion_ac26325cc6cb393f6632f7e854a9df643_cgraph.pdf Grap
hic file (type pdf)
<use classgg_1_1GgQuaternion_ac26325cc6cb393f6632f7e854a9df643_cgraph.pdf>
Package pdftex.def Info: classgg_1_1GgQuaternion_ac26325cc6cb393f6632f7e854a9df
643_cgraph.pdf  used on input line 1325.
(pdftex.def)             Requested size: 350.0pt x 99.33432pt.
> Step: init table outer spec.
> Step: parse table options.
> Step: split table.
> Step: init table inner spec.
> Step: parse table inner spec.
> Step: execute table commands.
> Step: calculate cell and line sizes.
> Step: build the whole table.
> Step: init table outer spec.
> Step: parse table options.
> Step: split table.
> Step: init table inner spec.
> Step: parse table inner spec.
> Step: execute table commands.
> Step: calculate cell and line sizes.
> Step: build the whole table.



Package fancyhdr Warning: \headheight is too small (12.0pt): 
(fancyhdr)                Make it at least 12.00003pt, for example:
(fancyhdr)                \setlength{\headheight}{12.00003pt}.
(fancyhdr)                You might also make \topmargin smaller:
(fancyhdr)                \addtolength{\topmargin}{-0.00003pt}.

[221]
Underfull \hbox (badness 10000) detected at line 1341
[][][]
 []

 <./classgg_1_1GgQuaternion_a7491c56443f52e93324f75485983cd3a_cgraph.pdf>
<classgg_1_1GgQuaternion_a7491c56443f52e93324f75485983cd3a_cgraph.pdf, id=12651
, 581.17125pt x 137.51375pt>
File: classgg_1_1GgQuaternion_a7491c56443f52e93324f75485983cd3a_cgraph.pdf Grap
hic file (type pdf)
<use classgg_1_1GgQuaternion_a7491c56443f52e93324f75485983cd3a_cgraph.pdf>
Package pdftex.def Info: classgg_1_1GgQuaternion_a7491c56443f52e93324f75485983c
d3a_cgraph.pdf  used on input line 1353.
(pdftex.def)             Requested size: 350.0pt x 82.81523pt.
> Step: init table outer spec.
> Step: parse table options.
> Step: split table.
> Step: init table inner spec.
> Step: parse table inner spec.
> Step: execute table commands.
> Step: calculate cell and line sizes.
> Step: build the whole table.
> Step: init table outer spec.
> Step: parse table options.
> Step: split table.
> Step: init table inner spec.
> Step: parse table inner spec.
> Step: execute table commands.
> Step: calculate cell and line sizes.
> Step: build the whole table.

Underfull \hbox (badness 10000) detected at line 1375
[][][]
 []

 <./classgg_1_1GgQuaternion_ab212808c51a79a9bf730acebd4225247_cgraph.pdf>
<classgg_1_1GgQuaternion_ab212808c51a79a9bf730acebd4225247_cgraph.pdf, id=12662
, 420.57124pt x 118.4425pt>
File: classgg_1_1GgQuaternion_ab212808c51a79a9bf730acebd4225247_cgraph.pdf Grap
hic file (type pdf)
<use classgg_1_1GgQuaternion_ab212808c51a79a9bf730acebd4225247_cgraph.pdf>
Package pdftex.def Info: classgg_1_1GgQuaternion_ab212808c51a79a9bf730acebd4225
247_cgraph.pdf  used on input line 1387.
(pdftex.def)             Requested size: 350.0pt x 98.56929pt.
 <./classgg_1_1GgQuaternion_ab212808c51a79a9bf730acebd4225247_icgraph.pdf>
<classgg_1_1GgQuaternion_ab212808c51a79a9bf730acebd4225247_icgraph.pdf, id=1267
0, 585.18625pt x 214.8025pt>
File: classgg_1_1GgQuaternion_ab212808c51a79a9bf730acebd4225247_icgraph.pdf Gra
phic file (type pdf)
<use classgg_1_1GgQuaternion_ab212808c51a79a9bf730acebd4225247_icgraph.pdf>
Package pdftex.def Info: classgg_1_1GgQuaternion_ab212808c51a79a9bf730acebd4225
247_icgraph.pdf  used on input line 1395.
(pdftex.def)             Requested size: 350.0pt x 128.47934pt.



Package fancyhdr Warning: \headheight is too small (12.0pt): 
(fancyhdr)                Make it at least 12.00003pt, for example:
(fancyhdr)                \setlength{\headheight}{12.00003pt}.
(fancyhdr)                You might also make \topmargin smaller:
(fancyhdr)                \addtolength{\topmargin}{-0.00003pt}.

[222]
> Step: init table outer spec.
> Step: parse table options.
> Step: split table.
> Step: init table inner spec.
> Step: parse table inner spec.
> Step: execute table commands.
> Step: calculate cell and line sizes.
> Step: build the whole table.
> Step: init table outer spec.
> Step: parse table options.
> Step: split table.
> Step: init table inner spec.
> Step: parse table inner spec.
> Step: execute table commands.
> Step: calculate cell and line sizes.
> Step: build the whole table.

Underfull \hbox (badness 10000) detected at line 1411
[][][]
 []

 <./classgg_1_1GgQuaternion_a471642fc24c7f2af4c7d587eb079c0cd_cgraph.pdf>
<classgg_1_1GgQuaternion_a471642fc24c7f2af4c7d587eb079c0cd_cgraph.pdf, id=12691
, 779.91376pt x 215.80624pt>
File: classgg_1_1GgQuaternion_a471642fc24c7f2af4c7d587eb079c0cd_cgraph.pdf Grap
hic file (type pdf)
<use classgg_1_1GgQuaternion_a471642fc24c7f2af4c7d587eb079c0cd_cgraph.pdf>
Package pdftex.def Info: classgg_1_1GgQuaternion_a471642fc24c7f2af4c7d587eb079c
0cd_cgraph.pdf  used on input line 1423.
(pdftex.def)             Requested size: 350.0pt x 96.84517pt.
> Step: init table outer spec.
> Step: parse table options.
> Step: split table.
> Step: init table inner spec.
> Step: parse table inner spec.
> Step: execute table commands.
> Step: calculate cell and line sizes.
> Step: build the whole table.
> Step: init table outer spec.
> Step: parse table options.
> Step: split table.
> Step: init table inner spec.
> Step: parse table inner spec.
> Step: execute table commands.
> Step: calculate cell and line sizes.
> Step: build the whole table.



Package fancyhdr Warning: \headheight is too small (12.0pt): 
(fancyhdr)                Make it at least 12.00003pt, for example:
(fancyhdr)                \setlength{\headheight}{12.00003pt}.
(fancyhdr)                You might also make \topmargin smaller:
(fancyhdr)                \addtolength{\topmargin}{-0.00003pt}.

[223]
Underfull \hbox (badness 10000) detected at line 1443
[][][]
 []

 <./classgg_1_1GgQuaternion_a3a1be65570aae13d963e894f02c88beb_cgraph.pdf>
<classgg_1_1GgQuaternion_a3a1be65570aae13d963e894f02c88beb_cgraph.pdf, id=12713
, 604.2575pt x 194.7275pt>
File: classgg_1_1GgQuaternion_a3a1be65570aae13d963e894f02c88beb_cgraph.pdf Grap
hic file (type pdf)
<use classgg_1_1GgQuaternion_a3a1be65570aae13d963e894f02c88beb_cgraph.pdf>
Package pdftex.def Info: classgg_1_1GgQuaternion_a3a1be65570aae13d963e894f02c88
beb_cgraph.pdf  used on input line 1455.
(pdftex.def)             Requested size: 350.0pt x 112.79048pt.
 <./classgg_1_1GgQuaternion_a3a1be65570aae13d963e894f02c88beb_icgraph.pdf>
<classgg_1_1GgQuaternion_a3a1be65570aae13d963e894f02c88beb_icgraph.pdf, id=1272
1, 552.0625pt x 214.8025pt>
File: classgg_1_1GgQuaternion_a3a1be65570aae13d963e894f02c88beb_icgraph.pdf Gra
phic file (type pdf)
<use classgg_1_1GgQuaternion_a3a1be65570aae13d963e894f02c88beb_icgraph.pdf>
Package pdftex.def Info: classgg_1_1GgQuaternion_a3a1be65570aae13d963e894f02c88
beb_icgraph.pdf  used on input line 1463.
(pdftex.def)             Requested size: 350.0pt x 136.1883pt.

Underfull \hbox (badness 10000) detected at line 1474
[][][]
 []

 <./classgg_1_1GgQuaternion_a5570b27f958ccde717bc997cca85a0fd_cgraph.pdf>
<classgg_1_1GgQuaternion_a5570b27f958ccde717bc997cca85a0fd_cgraph.pdf, id=12732
, 424.58624pt x 100.375pt>
File: classgg_1_1GgQuaternion_a5570b27f958ccde717bc997cca85a0fd_cgraph.pdf Grap
hic file (type pdf)
<use classgg_1_1GgQuaternion_a5570b27f958ccde717bc997cca85a0fd_cgraph.pdf>
Package pdftex.def Info: classgg_1_1GgQuaternion_a5570b27f958ccde717bc997cca85a
0fd_cgraph.pdf  used on input line 1486.
(pdftex.def)             Requested size: 350.0pt x 82.74605pt.
 <./classgg_1_1GgQuaternion_a5570b27f958ccde717bc997cca85a0fd_icgraph.pdf>
<classgg_1_1GgQuaternion_a5570b27f958ccde717bc997cca85a0fd_icgraph.pdf, id=1274
0, 388.45125pt x 100.375pt>
File: classgg_1_1GgQuaternion_a5570b27f958ccde717bc997cca85a0fd_icgraph.pdf Gra
phic file (type pdf)
<use classgg_1_1GgQuaternion_a5570b27f958ccde717bc997cca85a0fd_icgraph.pdf>
Package pdftex.def Info: classgg_1_1GgQuaternion_a5570b27f958ccde717bc997cca85a
0fd_icgraph.pdf  used on input line 1494.
(pdftex.def)             Requested size: 350.0pt x 90.4408pt.



Package fancyhdr Warning: \headheight is too small (12.0pt): 
(fancyhdr)                Make it at least 12.00003pt, for example:
(fancyhdr)                \setlength{\headheight}{12.00003pt}.
(fancyhdr)                You might also make \topmargin smaller:
(fancyhdr)                \addtolength{\topmargin}{-0.00003pt}.

[224]
> Step: init table outer spec.
> Step: parse table options.
> Step: split table.
> Step: init table inner spec.
> Step: parse table inner spec.
> Step: execute table commands.
> Step: calculate cell and line sizes.
> Step: build the whole table.
> Step: init table outer spec.
> Step: parse table options.
> Step: split table.
> Step: init table inner spec.
> Step: parse table inner spec.
> Step: execute table commands.
> Step: calculate cell and line sizes.
> Step: build the whole table.

Underfull \hbox (badness 10000) detected at line 1510
[][][]
 []

 <./classgg_1_1GgQuaternion_a78779d311b64b91e00bdee479fd490ca_cgraph.pdf>
<classgg_1_1GgQuaternion_a78779d311b64b91e00bdee479fd490ca_cgraph.pdf, id=12768
, 597.23125pt x 176.66pt>
File: classgg_1_1GgQuaternion_a78779d311b64b91e00bdee479fd490ca_cgraph.pdf Grap
hic file (type pdf)
<use classgg_1_1GgQuaternion_a78779d311b64b91e00bdee479fd490ca_cgraph.pdf>
Package pdftex.def Info: classgg_1_1GgQuaternion_a78779d311b64b91e00bdee479fd49
0ca_cgraph.pdf  used on input line 1522.
(pdftex.def)             Requested size: 350.0pt x 103.53032pt.
> Step: init table outer spec.
> Step: parse table options.
> Step: split table.
> Step: init table inner spec.
> Step: parse table inner spec.
> Step: execute table commands.
> Step: calculate cell and line sizes.
> Step: build the whole table.
> Step: init table outer spec.
> Step: parse table options.
> Step: split table.
> Step: init table inner spec.
> Step: parse table inner spec.
> Step: execute table commands.
> Step: calculate cell and line sizes.
> Step: build the whole table.

Underfull \hbox (badness 10000) detected at line 1538
[][][]
 []

 <./classgg_1_1GgQuaternion_a46f9d1612fdd1fc39db6c8ba7e574a86_cgraph.pdf>
<classgg_1_1GgQuaternion_a46f9d1612fdd1fc39db6c8ba7e574a86_cgraph.pdf, id=12779
, 419.5675pt x 176.66pt>
File: classgg_1_1GgQuaternion_a46f9d1612fdd1fc39db6c8ba7e574a86_cgraph.pdf Grap
hic file (type pdf)
<use classgg_1_1GgQuaternion_a46f9d1612fdd1fc39db6c8ba7e574a86_cgraph.pdf>
Package pdftex.def Info: classgg_1_1GgQuaternion_a46f9d1612fdd1fc39db6c8ba7e574
a86_cgraph.pdf  used on input line 1550.
(pdftex.def)             Requested size: 350.0pt x 147.36905pt.


LaTeX Font Info:    Font shape `OT1/phv/m/n' will be
(Font)              scaled to size 8.99994pt on input line 1553.
LaTeX Font Info:    Font shape `OT1/phv/m/n' will be
(Font)              scaled to size 8.99994pt on input line 1553.
LaTeX Font Info:    Font shape `OT1/phv/m/n' will be
(Font)              scaled to size 8.99994pt on input line 1553.
LaTeX Font Info:    Font shape `OT1/phv/b/n' will be
(Font)              scaled to size 8.99994pt on input line 1553.
LaTeX Font Info:    Font shape `OT1/phv/b/n' will be
(Font)              scaled to size 6.29996pt on input line 1553.
LaTeX Font Info:    Font shape `OT1/phv/b/n' will be
(Font)              scaled to size 6.29996pt on input line 1553.
LaTeX Font Info:    Font shape `OT1/phv/b/n' will be
(Font)              scaled to size 8.99994pt on input line 1553.

Package fancyhdr Warning: \headheight is too small (12.0pt): 
(fancyhdr)                Make it at least 12.00003pt, for example:
(fancyhdr)                \setlength{\headheight}{12.00003pt}.
(fancyhdr)                You might also make \topmargin smaller:
(fancyhdr)                \addtolength{\topmargin}{-0.00003pt}.

LaTeX Font Info:    Font shape `OT1/phv/m/n' will be
(Font)              scaled to size 8.99994pt on input line 1553.
LaTeX Font Info:    Font shape `OT1/phv/b/n' will be
(Font)              scaled to size 8.99994pt on input line 1553.
LaTeX Font Info:    Font shape `OT1/phv/b/n' will be
(Font)              scaled to size 6.29996pt on input line 1553.
LaTeX Font Info:    Font shape `OT1/phv/b/n' will be
(Font)              scaled to size 6.29996pt on input line 1553.
[225] <./classgg_1_1GgQuaternion_a46f9d1612fdd1fc39db6c8ba7e574a86_icgraph.pdf>
<classgg_1_1GgQuaternion_a46f9d1612fdd1fc39db6c8ba7e574a86_icgraph.pdf, id=1279
7, 503.8825pt x 176.66pt>
File: classgg_1_1GgQuaternion_a46f9d1612fdd1fc39db6c8ba7e574a86_icgraph.pdf Gra
phic file (type pdf)
<use classgg_1_1GgQuaternion_a46f9d1612fdd1fc39db6c8ba7e574a86_icgraph.pdf>
Package pdftex.def Info: classgg_1_1GgQuaternion_a46f9d1612fdd1fc39db6c8ba7e574
a86_icgraph.pdf  used on input line 1558.
(pdftex.def)             Requested size: 350.0pt x 122.7096pt.
> Step: init table outer spec.
> Step: parse table options.
> Step: split table.
> Step: init table inner spec.
> Step: parse table inner spec.
> Step: execute table commands.
> Step: calculate cell and line sizes.
> Step: build the whole table.
> Step: init table outer spec.
> Step: parse table options.
> Step: split table.
> Step: init table inner spec.
> Step: parse table inner spec.
> Step: execute table commands.
> Step: calculate cell and line sizes.
> Step: build the whole table.

Underfull \hbox (badness 10000) detected at line 1574
[][][]
 []

 <./classgg_1_1GgQuaternion_a267f6a8171f8676956833ff1cb98878f_cgraph.pdf>
<classgg_1_1GgQuaternion_a267f6a8171f8676956833ff1cb98878f_cgraph.pdf, id=12815
, 600.2425pt x 176.66pt>
File: classgg_1_1GgQuaternion_a267f6a8171f8676956833ff1cb98878f_cgraph.pdf Grap
hic file (type pdf)
<use classgg_1_1GgQuaternion_a267f6a8171f8676956833ff1cb98878f_cgraph.pdf>
Package pdftex.def Info: classgg_1_1GgQuaternion_a267f6a8171f8676956833ff1cb988
78f_cgraph.pdf  used on input line 1586.
(pdftex.def)             Requested size: 350.0pt x 103.01277pt.



Package fancyhdr Warning: \headheight is too small (12.0pt): 
(fancyhdr)                Make it at least 12.00003pt, for example:
(fancyhdr)                \setlength{\headheight}{12.00003pt}.
(fancyhdr)                You might also make \topmargin smaller:
(fancyhdr)                \addtolength{\topmargin}{-0.00003pt}.

[226]
> Step: init table outer spec.
> Step: parse table options.
> Step: split table.
> Step: init table inner spec.
> Step: parse table inner spec.
> Step: execute table commands.
> Step: calculate cell and line sizes.
> Step: build the whole table.
> Step: init table outer spec.
> Step: parse table options.
> Step: split table.
> Step: init table inner spec.
> Step: parse table inner spec.
> Step: execute table commands.
> Step: calculate cell and line sizes.
> Step: build the whole table.

Underfull \hbox (badness 10000) detected at line 1602
[][][]
 []

 <./classgg_1_1GgQuaternion_ad0f6e1a2521ec6594818f67eda133c3d_cgraph.pdf>
<classgg_1_1GgQuaternion_ad0f6e1a2521ec6594818f67eda133c3d_cgraph.pdf, id=12835
, 419.5675pt x 100.375pt>
File: classgg_1_1GgQuaternion_ad0f6e1a2521ec6594818f67eda133c3d_cgraph.pdf Grap
hic file (type pdf)
<use classgg_1_1GgQuaternion_ad0f6e1a2521ec6594818f67eda133c3d_cgraph.pdf>
Package pdftex.def Info: classgg_1_1GgQuaternion_ad0f6e1a2521ec6594818f67eda133
c3d_cgraph.pdf  used on input line 1614.
(pdftex.def)             Requested size: 350.0pt x 83.7324pt.
 <./classgg_1_1GgQuaternion_ad0f6e1a2521ec6594818f67eda133c3d_icgraph.pdf>
<classgg_1_1GgQuaternion_ad0f6e1a2521ec6594818f67eda133c3d_icgraph.pdf, id=1284
3, 558.085pt x 138.5175pt>
File: classgg_1_1GgQuaternion_ad0f6e1a2521ec6594818f67eda133c3d_icgraph.pdf Gra
phic file (type pdf)
<use classgg_1_1GgQuaternion_ad0f6e1a2521ec6594818f67eda133c3d_icgraph.pdf>
Package pdftex.def Info: classgg_1_1GgQuaternion_ad0f6e1a2521ec6594818f67eda133
c3d_icgraph.pdf  used on input line 1622.
(pdftex.def)             Requested size: 350.0pt x 86.87334pt.


LaTeX Font Info:    Font shape `OT1/phv/m/n' will be
(Font)              scaled to size 8.99994pt on input line 1631.
LaTeX Font Info:    Font shape `OT1/phv/m/n' will be
(Font)              scaled to size 8.99994pt on input line 1631.
LaTeX Font Info:    Font shape `OT1/phv/m/n' will be
(Font)              scaled to size 8.99994pt on input line 1631.
LaTeX Font Info:    Font shape `OT1/phv/b/n' will be
(Font)              scaled to size 8.99994pt on input line 1631.
LaTeX Font Info:    Font shape `OT1/phv/b/n' will be
(Font)              scaled to size 6.29996pt on input line 1631.
LaTeX Font Info:    Font shape `OT1/phv/b/n' will be
(Font)              scaled to size 6.29996pt on input line 1631.
LaTeX Font Info:    Font shape `OT1/phv/b/n' will be
(Font)              scaled to size 8.99994pt on input line 1631.

Package fancyhdr Warning: \headheight is too small (12.0pt): 
(fancyhdr)                Make it at least 12.00003pt, for example:
(fancyhdr)                \setlength{\headheight}{12.00003pt}.
(fancyhdr)                You might also make \topmargin smaller:
(fancyhdr)                \addtolength{\topmargin}{-0.00003pt}.

LaTeX Font Info:    Font shape `OT1/phv/m/n' will be
(Font)              scaled to size 8.99994pt on input line 1631.
LaTeX Font Info:    Font shape `OT1/phv/b/n' will be
(Font)              scaled to size 8.99994pt on input line 1631.
LaTeX Font Info:    Font shape `OT1/phv/b/n' will be
(Font)              scaled to size 6.29996pt on input line 1631.
LaTeX Font Info:    Font shape `OT1/phv/b/n' will be
(Font)              scaled to size 6.29996pt on input line 1631.
[227]
> Step: init table outer spec.
> Step: parse table options.
> Step: split table.
> Step: init table inner spec.
> Step: parse table inner spec.
> Step: execute table commands.
> Step: calculate cell and line sizes.
> Step: build the whole table.
> Step: init table outer spec.
> Step: parse table options.
> Step: split table.
> Step: init table inner spec.
> Step: parse table inner spec.
> Step: execute table commands.
> Step: calculate cell and line sizes.
> Step: build the whole table.

Underfull \hbox (badness 10000) detected at line 1638
[][][]
 []

 <./classgg_1_1GgQuaternion_a518c5ce498e0375156b494091670aa59_cgraph.pdf>
<classgg_1_1GgQuaternion_a518c5ce498e0375156b494091670aa59_cgraph.pdf, id=12874
, 613.29124pt x 129.48375pt>
File: classgg_1_1GgQuaternion_a518c5ce498e0375156b494091670aa59_cgraph.pdf Grap
hic file (type pdf)
<use classgg_1_1GgQuaternion_a518c5ce498e0375156b494091670aa59_cgraph.pdf>
Package pdftex.def Info: classgg_1_1GgQuaternion_a518c5ce498e0375156b494091670a
a59_cgraph.pdf  used on input line 1650.
(pdftex.def)             Requested size: 350.0pt x 73.8954pt.
> Step: init table outer spec.
> Step: parse table options.
> Step: split table.
> Step: init table inner spec.
> Step: parse table inner spec.
> Step: execute table commands.
> Step: calculate cell and line sizes.
> Step: build the whole table.
> Step: init table outer spec.
> Step: parse table options.
> Step: split table.
> Step: init table inner spec.
> Step: parse table inner spec.
> Step: execute table commands.
> Step: calculate cell and line sizes.
> Step: build the whole table.

Underfull \hbox (badness 10000) detected at line 1666
[][][]
 []

 <./classgg_1_1GgQuaternion_a28466c146ec1217765b028025a001777_cgraph.pdf>
<classgg_1_1GgQuaternion_a28466c146ec1217765b028025a001777_cgraph.pdf, id=12892
, 613.29124pt x 170.6375pt>
File: classgg_1_1GgQuaternion_a28466c146ec1217765b028025a001777_cgraph.pdf Grap
hic file (type pdf)
<use classgg_1_1GgQuaternion_a28466c146ec1217765b028025a001777_cgraph.pdf>
Package pdftex.def Info: classgg_1_1GgQuaternion_a28466c146ec1217765b028025a001
777_cgraph.pdf  used on input line 1678.
(pdftex.def)             Requested size: 350.0pt x 97.38155pt.
> Step: init table outer spec.
> Step: parse table options.
> Step: split table.
> Step: init table inner spec.
> Step: parse table inner spec.
> Step: execute table commands.
> Step: calculate cell and line sizes.
> Step: build the whole table.
> Step: init table outer spec.
> Step: parse table options.
> Step: split table.
> Step: init table inner spec.
> Step: parse table inner spec.
> Step: execute table commands.
> Step: calculate cell and line sizes.
> Step: build the whole table.



Package fancyhdr Warning: \headheight is too small (12.0pt): 
(fancyhdr)                Make it at least 12.00003pt, for example:
(fancyhdr)                \setlength{\headheight}{12.00003pt}.
(fancyhdr)                You might also make \topmargin smaller:
(fancyhdr)                \addtolength{\topmargin}{-0.00003pt}.

[228]


Package fancyhdr Warning: \headheight is too small (12.0pt): 
(fancyhdr)                Make it at least 12.00003pt, for example:
(fancyhdr)                \setlength{\headheight}{12.00003pt}.
(fancyhdr)                You might also make \topmargin smaller:
(fancyhdr)                \addtolength{\topmargin}{-0.00003pt}.

[229]
Underfull \hbox (badness 10000) detected at line 1694
[][][]
 []

 <./classgg_1_1GgQuaternion_a619f0507b382522d4bd262699c49e8fe_cgraph.pdf>
<classgg_1_1GgQuaternion_a619f0507b382522d4bd262699c49e8fe_cgraph.pdf, id=12919
, 426.59375pt x 100.375pt>
File: classgg_1_1GgQuaternion_a619f0507b382522d4bd262699c49e8fe_cgraph.pdf Grap
hic file (type pdf)
<use classgg_1_1GgQuaternion_a619f0507b382522d4bd262699c49e8fe_cgraph.pdf>
Package pdftex.def Info: classgg_1_1GgQuaternion_a619f0507b382522d4bd262699c49e
8fe_cgraph.pdf  used on input line 1706.
(pdftex.def)             Requested size: 350.0pt x 82.35855pt.
> Step: init table outer spec.
> Step: parse table options.
> Step: split table.
> Step: init table inner spec.
> Step: parse table inner spec.
> Step: execute table commands.
> Step: calculate cell and line sizes.
> Step: build the whole table.
> Step: init table outer spec.
> Step: parse table options.
> Step: split table.
> Step: init table inner spec.
> Step: parse table inner spec.
> Step: execute table commands.
> Step: calculate cell and line sizes.
> Step: build the whole table.

Underfull \hbox (badness 10000) detected at line 1728
[][][]
 []

 <./classgg_1_1GgQuaternion_a62e4b4ebf3eeca028c2a085d3d407553_cgraph.pdf>
<classgg_1_1GgQuaternion_a62e4b4ebf3eeca028c2a085d3d407553_cgraph.pdf, id=12930
, 426.59375pt x 118.4425pt>
File: classgg_1_1GgQuaternion_a62e4b4ebf3eeca028c2a085d3d407553_cgraph.pdf Grap
hic file (type pdf)
<use classgg_1_1GgQuaternion_a62e4b4ebf3eeca028c2a085d3d407553_cgraph.pdf>
Package pdftex.def Info: classgg_1_1GgQuaternion_a62e4b4ebf3eeca028c2a085d3d407
553_cgraph.pdf  used on input line 1740.
(pdftex.def)             Requested size: 350.0pt x 97.1831pt.
 <./classgg_1_1GgQuaternion_a62e4b4ebf3eeca028c2a085d3d407553_icgraph.pdf>
<classgg_1_1GgQuaternion_a62e4b4ebf3eeca028c2a085d3d407553_icgraph.pdf, id=1293
8, 598.235pt x 214.8025pt>
File: classgg_1_1GgQuaternion_a62e4b4ebf3eeca028c2a085d3d407553_icgraph.pdf Gra
phic file (type pdf)
<use classgg_1_1GgQuaternion_a62e4b4ebf3eeca028c2a085d3d407553_icgraph.pdf>
Package pdftex.def Info: classgg_1_1GgQuaternion_a62e4b4ebf3eeca028c2a085d3d407
553_icgraph.pdf  used on input line 1748.
(pdftex.def)             Requested size: 350.0pt x 125.67369pt.



Package fancyhdr Warning: \headheight is too small (12.0pt): 
(fancyhdr)                Make it at least 12.00003pt, for example:
(fancyhdr)                \setlength{\headheight}{12.00003pt}.
(fancyhdr)                You might also make \topmargin smaller:
(fancyhdr)                \addtolength{\topmargin}{-0.00003pt}.

[230]
> Step: init table outer spec.
> Step: parse table options.
> Step: split table.
> Step: init table inner spec.
> Step: parse table inner spec.
> Step: execute table commands.
> Step: calculate cell and line sizes.
> Step: build the whole table.
> Step: init table outer spec.
> Step: parse table options.
> Step: split table.
> Step: init table inner spec.
> Step: parse table inner spec.
> Step: execute table commands.
> Step: calculate cell and line sizes.
> Step: build the whole table.

Underfull \hbox (badness 10000) detected at line 1764
[][][]
 []

 <./classgg_1_1GgQuaternion_a7829ffa84538358008d7e37c247308e1_cgraph.pdf>
<classgg_1_1GgQuaternion_a7829ffa84538358008d7e37c247308e1_cgraph.pdf, id=12966
, 782.925pt x 138.5175pt>
File: classgg_1_1GgQuaternion_a7829ffa84538358008d7e37c247308e1_cgraph.pdf Grap
hic file (type pdf)
<use classgg_1_1GgQuaternion_a7829ffa84538358008d7e37c247308e1_cgraph.pdf>
Package pdftex.def Info: classgg_1_1GgQuaternion_a7829ffa84538358008d7e37c24730
8e1_cgraph.pdf  used on input line 1776.
(pdftex.def)             Requested size: 350.0pt x 61.92436pt.
> Step: init table outer spec.
> Step: parse table options.
> Step: split table.
> Step: init table inner spec.
> Step: parse table inner spec.
> Step: execute table commands.
> Step: calculate cell and line sizes.
> Step: build the whole table.
> Step: init table outer spec.
> Step: parse table options.
> Step: split table.
> Step: init table inner spec.
> Step: parse table inner spec.
> Step: execute table commands.
> Step: calculate cell and line sizes.
> Step: build the whole table.

Underfull \hbox (badness 10000) detected at line 1792
[][][]
 []

 <./classgg_1_1GgQuaternion_af529d76bbf4048ad56625575c7af3668_cgraph.pdf>
<classgg_1_1GgQuaternion_af529d76bbf4048ad56625575c7af3668_cgraph.pdf, id=12977
, 585.18625pt x 100.375pt>
File: classgg_1_1GgQuaternion_af529d76bbf4048ad56625575c7af3668_cgraph.pdf Grap
hic file (type pdf)
<use classgg_1_1GgQuaternion_af529d76bbf4048ad56625575c7af3668_cgraph.pdf>
Package pdftex.def Info: classgg_1_1GgQuaternion_af529d76bbf4048ad56625575c7af3
668_cgraph.pdf  used on input line 1804.
(pdftex.def)             Requested size: 350.0pt x 60.03706pt.


LaTeX Font Info:    Font shape `OT1/phv/m/n' will be
(Font)              scaled to size 8.99994pt on input line 1807.
LaTeX Font Info:    Font shape `OT1/phv/m/n' will be
(Font)              scaled to size 8.99994pt on input line 1807.
LaTeX Font Info:    Font shape `OT1/phv/m/n' will be
(Font)              scaled to size 8.99994pt on input line 1807.
LaTeX Font Info:    Font shape `OT1/phv/b/n' will be
(Font)              scaled to size 8.99994pt on input line 1807.
LaTeX Font Info:    Font shape `OT1/phv/b/n' will be
(Font)              scaled to size 6.29996pt on input line 1807.
LaTeX Font Info:    Font shape `OT1/phv/b/n' will be
(Font)              scaled to size 6.29996pt on input line 1807.
LaTeX Font Info:    Font shape `OT1/phv/b/n' will be
(Font)              scaled to size 8.99994pt on input line 1807.

Package fancyhdr Warning: \headheight is too small (12.0pt): 
(fancyhdr)                Make it at least 12.00003pt, for example:
(fancyhdr)                \setlength{\headheight}{12.00003pt}.
(fancyhdr)                You might also make \topmargin smaller:
(fancyhdr)                \addtolength{\topmargin}{-0.00003pt}.

LaTeX Font Info:    Font shape `OT1/phv/m/n' will be
(Font)              scaled to size 8.99994pt on input line 1807.
LaTeX Font Info:    Font shape `OT1/phv/b/n' will be
(Font)              scaled to size 8.99994pt on input line 1807.
LaTeX Font Info:    Font shape `OT1/phv/b/n' will be
(Font)              scaled to size 6.29996pt on input line 1807.
LaTeX Font Info:    Font shape `OT1/phv/b/n' will be
(Font)              scaled to size 6.29996pt on input line 1807.
[231] <./classgg_1_1GgQuaternion_af529d76bbf4048ad56625575c7af3668_icgraph.pdf>
<classgg_1_1GgQuaternion_af529d76bbf4048ad56625575c7af3668_icgraph.pdf, id=1299
6, 591.20876pt x 176.66pt>
File: classgg_1_1GgQuaternion_af529d76bbf4048ad56625575c7af3668_icgraph.pdf Gra
phic file (type pdf)
<use classgg_1_1GgQuaternion_af529d76bbf4048ad56625575c7af3668_icgraph.pdf>
Package pdftex.def Info: classgg_1_1GgQuaternion_af529d76bbf4048ad56625575c7af3
668_icgraph.pdf  used on input line 1812.
(pdftex.def)             Requested size: 350.0pt x 104.587pt.
> Step: init table outer spec.
> Step: parse table options.
> Step: split table.
> Step: init table inner spec.
> Step: parse table inner spec.
> Step: execute table commands.
> Step: calculate cell and line sizes.
> Step: build the whole table.
> Step: init table outer spec.
> Step: parse table options.
> Step: split table.
> Step: init table inner spec.
> Step: parse table inner spec.
> Step: execute table commands.
> Step: calculate cell and line sizes.
> Step: build the whole table.

Underfull \hbox (badness 10000) detected at line 1828
[][][]
 []

 <./classgg_1_1GgQuaternion_a4400b1921ecc23b0607e9800742342e6_cgraph.pdf>
<classgg_1_1GgQuaternion_a4400b1921ecc23b0607e9800742342e6_cgraph.pdf, id=13007
, 604.2575pt x 119.44624pt>
File: classgg_1_1GgQuaternion_a4400b1921ecc23b0607e9800742342e6_cgraph.pdf Grap
hic file (type pdf)
<use classgg_1_1GgQuaternion_a4400b1921ecc23b0607e9800742342e6_cgraph.pdf>
Package pdftex.def Info: classgg_1_1GgQuaternion_a4400b1921ecc23b0607e980074234
2e6_cgraph.pdf  used on input line 1840.
(pdftex.def)             Requested size: 350.0pt x 69.1859pt.
> Step: init table outer spec.
> Step: parse table options.
> Step: split table.
> Step: init table inner spec.
> Step: parse table inner spec.
> Step: execute table commands.
> Step: calculate cell and line sizes.
> Step: build the whole table.
> Step: init table outer spec.
> Step: parse table options.
> Step: split table.
> Step: init table inner spec.
> Step: parse table inner spec.
> Step: execute table commands.
> Step: calculate cell and line sizes.
> Step: build the whole table.



Package fancyhdr Warning: \headheight is too small (12.0pt): 
(fancyhdr)                Make it at least 12.00003pt, for example:
(fancyhdr)                \setlength{\headheight}{12.00003pt}.
(fancyhdr)                You might also make \topmargin smaller:
(fancyhdr)                \addtolength{\topmargin}{-0.00003pt}.

[232]


Package fancyhdr Warning: \headheight is too small (12.0pt): 
(fancyhdr)                Make it at least 12.00003pt, for example:
(fancyhdr)                \setlength{\headheight}{12.00003pt}.
(fancyhdr)                You might also make \topmargin smaller:
(fancyhdr)                \addtolength{\topmargin}{-0.00003pt}.

[233]
Underfull \hbox (badness 10000) detected at line 1858
[][][]
 []

 <./classgg_1_1GgQuaternion_a48a3652e3eeab6b9b34a404cd5f1dddf_cgraph.pdf>
<classgg_1_1GgQuaternion_a48a3652e3eeab6b9b34a404cd5f1dddf_cgraph.pdf, id=13035
, 604.2575pt x 119.44624pt>
File: classgg_1_1GgQuaternion_a48a3652e3eeab6b9b34a404cd5f1dddf_cgraph.pdf Grap
hic file (type pdf)
<use classgg_1_1GgQuaternion_a48a3652e3eeab6b9b34a404cd5f1dddf_cgraph.pdf>
Package pdftex.def Info: classgg_1_1GgQuaternion_a48a3652e3eeab6b9b34a404cd5f1d
ddf_cgraph.pdf  used on input line 1870.
(pdftex.def)             Requested size: 350.0pt x 69.1859pt.
> Step: init table outer spec.
> Step: parse table options.
> Step: split table.
> Step: init table inner spec.
> Step: parse table inner spec.
> Step: execute table commands.
> Step: calculate cell and line sizes.
> Step: build the whole table.
> Step: init table outer spec.
> Step: parse table options.
> Step: split table.
> Step: init table inner spec.
> Step: parse table inner spec.
> Step: execute table commands.
> Step: calculate cell and line sizes.
> Step: build the whole table.

Underfull \hbox (badness 10000) detected at line 1892
[][][]
 []

 <./classgg_1_1GgQuaternion_a82d0620de0f023642b08d7e0f23e0687_cgraph.pdf>
<classgg_1_1GgQuaternion_a82d0620de0f023642b08d7e0f23e0687_cgraph.pdf, id=13046
, 421.575pt x 100.375pt>
File: classgg_1_1GgQuaternion_a82d0620de0f023642b08d7e0f23e0687_cgraph.pdf Grap
hic file (type pdf)
<use classgg_1_1GgQuaternion_a82d0620de0f023642b08d7e0f23e0687_cgraph.pdf>
Package pdftex.def Info: classgg_1_1GgQuaternion_a82d0620de0f023642b08d7e0f23e0
687_cgraph.pdf  used on input line 1904.
(pdftex.def)             Requested size: 350.0pt x 83.33418pt.
 <./classgg_1_1GgQuaternion_a82d0620de0f023642b08d7e0f23e0687_icgraph.pdf>
<classgg_1_1GgQuaternion_a82d0620de0f023642b08d7e0f23e0687_icgraph.pdf, id=1305
4, 718.685pt x 367.3725pt>
File: classgg_1_1GgQuaternion_a82d0620de0f023642b08d7e0f23e0687_icgraph.pdf Gra
phic file (type pdf)
<use classgg_1_1GgQuaternion_a82d0620de0f023642b08d7e0f23e0687_icgraph.pdf>
Package pdftex.def Info: classgg_1_1GgQuaternion_a82d0620de0f023642b08d7e0f23e0
687_icgraph.pdf  used on input line 1912.
(pdftex.def)             Requested size: 350.0pt x 178.91537pt.



Package fancyhdr Warning: \headheight is too small (12.0pt): 
(fancyhdr)                Make it at least 12.00003pt, for example:
(fancyhdr)                \setlength{\headheight}{12.00003pt}.
(fancyhdr)                You might also make \topmargin smaller:
(fancyhdr)                \addtolength{\topmargin}{-0.00003pt}.

[234]
> Step: init table outer spec.
> Step: parse table options.
> Step: split table.
> Step: init table inner spec.
> Step: parse table inner spec.
> Step: execute table commands.
> Step: calculate cell and line sizes.
> Step: build the whole table.
> Step: init table outer spec.
> Step: parse table options.
> Step: split table.
> Step: init table inner spec.
> Step: parse table inner spec.
> Step: execute table commands.
> Step: calculate cell and line sizes.
> Step: build the whole table.

Underfull \hbox (badness 10000) detected at line 1928
[][][]
 []

 <./classgg_1_1GgQuaternion_a6f9cd8893b1adbbaf17588b1ba5ee9c3_cgraph.pdf>
<classgg_1_1GgQuaternion_a6f9cd8893b1adbbaf17588b1ba5ee9c3_cgraph.pdf, id=13075
, 428.60126pt x 100.375pt>
File: classgg_1_1GgQuaternion_a6f9cd8893b1adbbaf17588b1ba5ee9c3_cgraph.pdf Grap
hic file (type pdf)
<use classgg_1_1GgQuaternion_a6f9cd8893b1adbbaf17588b1ba5ee9c3_cgraph.pdf>
Package pdftex.def Info: classgg_1_1GgQuaternion_a6f9cd8893b1adbbaf17588b1ba5ee
9c3_cgraph.pdf  used on input line 1940.
(pdftex.def)             Requested size: 350.0pt x 81.968pt.
 <./classgg_1_1GgQuaternion_a6f9cd8893b1adbbaf17588b1ba5ee9c3_icgraph.pdf>
<classgg_1_1GgQuaternion_a6f9cd8893b1adbbaf17588b1ba5ee9c3_icgraph.pdf, id=1308
3, 740.7675pt x 214.8025pt>
File: classgg_1_1GgQuaternion_a6f9cd8893b1adbbaf17588b1ba5ee9c3_icgraph.pdf Gra
phic file (type pdf)
<use classgg_1_1GgQuaternion_a6f9cd8893b1adbbaf17588b1ba5ee9c3_icgraph.pdf>
Package pdftex.def Info: classgg_1_1GgQuaternion_a6f9cd8893b1adbbaf17588b1ba5ee
9c3_icgraph.pdf  used on input line 1948.
(pdftex.def)             Requested size: 350.0pt x 101.49144pt.



Package fancyhdr Warning: \headheight is too small (12.0pt): 
(fancyhdr)                Make it at least 12.00003pt, for example:
(fancyhdr)                \setlength{\headheight}{12.00003pt}.
(fancyhdr)                You might also make \topmargin smaller:
(fancyhdr)                \addtolength{\topmargin}{-0.00003pt}.

[235]
> Step: init table outer spec.
> Step: parse table options.
> Step: split table.
> Step: init table inner spec.
> Step: parse table inner spec.
> Step: execute table commands.
> Step: calculate cell and line sizes.
> Step: build the whole table.
> Step: init table outer spec.
> Step: parse table options.
> Step: split table.
> Step: init table inner spec.
> Step: parse table inner spec.
> Step: execute table commands.
> Step: calculate cell and line sizes.
> Step: build the whole table.

Underfull \hbox (badness 10000) detected at line 1964
[][][]
 []

 <./classgg_1_1GgQuaternion_a308e08f78d2dfeadc2efbcd7a470d6bd_cgraph.pdf>
<classgg_1_1GgQuaternion_a308e08f78d2dfeadc2efbcd7a470d6bd_cgraph.pdf, id=13104
, 428.60126pt x 100.375pt>
File: classgg_1_1GgQuaternion_a308e08f78d2dfeadc2efbcd7a470d6bd_cgraph.pdf Grap
hic file (type pdf)
<use classgg_1_1GgQuaternion_a308e08f78d2dfeadc2efbcd7a470d6bd_cgraph.pdf>
Package pdftex.def Info: classgg_1_1GgQuaternion_a308e08f78d2dfeadc2efbcd7a470d
6bd_cgraph.pdf  used on input line 1976.
(pdftex.def)             Requested size: 350.0pt x 81.968pt.
 <./classgg_1_1GgQuaternion_a308e08f78d2dfeadc2efbcd7a470d6bd_icgraph.pdf>
<classgg_1_1GgQuaternion_a308e08f78d2dfeadc2efbcd7a470d6bd_icgraph.pdf, id=1311
2, 740.7675pt x 214.8025pt>
File: classgg_1_1GgQuaternion_a308e08f78d2dfeadc2efbcd7a470d6bd_icgraph.pdf Gra
phic file (type pdf)
<use classgg_1_1GgQuaternion_a308e08f78d2dfeadc2efbcd7a470d6bd_icgraph.pdf>
Package pdftex.def Info: classgg_1_1GgQuaternion_a308e08f78d2dfeadc2efbcd7a470d
6bd_icgraph.pdf  used on input line 1984.
(pdftex.def)             Requested size: 350.0pt x 101.49144pt.
> Step: init table outer spec.
> Step: parse table options.
> Step: split table.
> Step: init table inner spec.
> Step: parse table inner spec.
> Step: execute table commands.
> Step: calculate cell and line sizes.
> Step: build the whole table.
> Step: init table outer spec.
> Step: parse table options.
> Step: split table.
> Step: init table inner spec.
> Step: parse table inner spec.
> Step: execute table commands.
> Step: calculate cell and line sizes.
> Step: build the whole table.

Underfull \hbox (badness 10000) detected at line 2000
[][][]
 []

 <./classgg_1_1GgQuaternion_a345f63c1d1278daece7b1a09d279d74a_cgraph.pdf>
<classgg_1_1GgQuaternion_a345f63c1d1278daece7b1a09d279d74a_cgraph.pdf, id=13124
, 427.5975pt x 100.375pt>
File: classgg_1_1GgQuaternion_a345f63c1d1278daece7b1a09d279d74a_cgraph.pdf Grap
hic file (type pdf)
<use classgg_1_1GgQuaternion_a345f63c1d1278daece7b1a09d279d74a_cgraph.pdf>
Package pdftex.def Info: classgg_1_1GgQuaternion_a345f63c1d1278daece7b1a09d279d
74a_cgraph.pdf  used on input line 2012.
(pdftex.def)             Requested size: 350.0pt x 82.15945pt.


LaTeX Font Info:    Font shape `OT1/phv/m/n' will be
(Font)              scaled to size 8.99994pt on input line 2015.
LaTeX Font Info:    Font shape `OT1/phv/m/n' will be
(Font)              scaled to size 8.99994pt on input line 2015.
LaTeX Font Info:    Font shape `OT1/phv/m/n' will be
(Font)              scaled to size 8.99994pt on input line 2015.
LaTeX Font Info:    Font shape `OT1/phv/b/n' will be
(Font)              scaled to size 8.99994pt on input line 2015.
LaTeX Font Info:    Font shape `OT1/phv/b/n' will be
(Font)              scaled to size 8.99994pt on input line 2015.

Package fancyhdr Warning: \headheight is too small (12.0pt): 
(fancyhdr)                Make it at least 12.00003pt, for example:
(fancyhdr)                \setlength{\headheight}{12.00003pt}.
(fancyhdr)                You might also make \topmargin smaller:
(fancyhdr)                \addtolength{\topmargin}{-0.00003pt}.

LaTeX Font Info:    Font shape `OT1/phv/m/n' will be
(Font)              scaled to size 8.99994pt on input line 2015.
LaTeX Font Info:    Font shape `OT1/phv/b/n' will be
(Font)              scaled to size 8.99994pt on input line 2015.
LaTeX Font Info:    Font shape `OT1/phv/b/n' will be
(Font)              scaled to size 6.29996pt on input line 2015.
LaTeX Font Info:    Font shape `OT1/phv/b/n' will be
(Font)              scaled to size 6.29996pt on input line 2015.
[236] <./classgg_1_1GgQuaternion_a345f63c1d1278daece7b1a09d279d74a_icgraph.pdf>
<classgg_1_1GgQuaternion_a345f63c1d1278daece7b1a09d279d74a_icgraph.pdf, id=1314
2, 739.76375pt x 214.8025pt>
File: classgg_1_1GgQuaternion_a345f63c1d1278daece7b1a09d279d74a_icgraph.pdf Gra
phic file (type pdf)
<use classgg_1_1GgQuaternion_a345f63c1d1278daece7b1a09d279d74a_icgraph.pdf>
Package pdftex.def Info: classgg_1_1GgQuaternion_a345f63c1d1278daece7b1a09d279d
74a_icgraph.pdf  used on input line 2020.
(pdftex.def)             Requested size: 350.0pt x 101.62909pt.
> Step: init table outer spec.
> Step: parse table options.
> Step: split table.
> Step: init table inner spec.
> Step: parse table inner spec.
> Step: execute table commands.
> Step: calculate cell and line sizes.
> Step: build the whole table.
> Step: init table outer spec.
> Step: parse table options.
> Step: split table.
> Step: init table inner spec.
> Step: parse table inner spec.
> Step: execute table commands.
> Step: calculate cell and line sizes.
> Step: build the whole table.

Underfull \hbox (badness 10000) detected at line 2040
[][][]
 []

 <./classgg_1_1GgQuaternion_aff9ca9585790c621dec95e18aa7c9c57_cgraph.pdf>
<classgg_1_1GgQuaternion_aff9ca9585790c621dec95e18aa7c9c57_cgraph.pdf, id=13167
, 591.20876pt x 119.44624pt>
File: classgg_1_1GgQuaternion_aff9ca9585790c621dec95e18aa7c9c57_cgraph.pdf Grap
hic file (type pdf)
<use classgg_1_1GgQuaternion_aff9ca9585790c621dec95e18aa7c9c57_cgraph.pdf>
Package pdftex.def Info: classgg_1_1GgQuaternion_aff9ca9585790c621dec95e18aa7c9
c57_cgraph.pdf  used on input line 2052.
(pdftex.def)             Requested size: 350.0pt x 70.71506pt.



Package fancyhdr Warning: \headheight is too small (12.0pt): 
(fancyhdr)                Make it at least 12.00003pt, for example:
(fancyhdr)                \setlength{\headheight}{12.00003pt}.
(fancyhdr)                You might also make \topmargin smaller:
(fancyhdr)                \addtolength{\topmargin}{-0.00003pt}.

[237]
> Step: init table outer spec.
> Step: parse table options.
> Step: split table.
> Step: init table inner spec.
> Step: parse table inner spec.
> Step: execute table commands.
> Step: calculate cell and line sizes.
> Step: build the whole table.
> Step: init table outer spec.
> Step: parse table options.
> Step: split table.
> Step: init table inner spec.
> Step: parse table inner spec.
> Step: execute table commands.
> Step: calculate cell and line sizes.
> Step: build the whole table.

Underfull \hbox (badness 10000) detected at line 2072
[][][]
 []

 <./classgg_1_1GgQuaternion_aeacb9e8dbdcc7854fca46b7b88ec9d57_cgraph.pdf>
<classgg_1_1GgQuaternion_aeacb9e8dbdcc7854fca46b7b88ec9d57_cgraph.pdf, id=13196
, 591.20876pt x 119.44624pt>
File: classgg_1_1GgQuaternion_aeacb9e8dbdcc7854fca46b7b88ec9d57_cgraph.pdf Grap
hic file (type pdf)
<use classgg_1_1GgQuaternion_aeacb9e8dbdcc7854fca46b7b88ec9d57_cgraph.pdf>
Package pdftex.def Info: classgg_1_1GgQuaternion_aeacb9e8dbdcc7854fca46b7b88ec9
d57_cgraph.pdf  used on input line 2084.
(pdftex.def)             Requested size: 350.0pt x 70.71506pt.
> Step: init table outer spec.
> Step: parse table options.
> Step: split table.
> Step: init table inner spec.
> Step: parse table inner spec.
> Step: execute table commands.
> Step: calculate cell and line sizes.
> Step: build the whole table.
> Step: init table outer spec.
> Step: parse table options.
> Step: split table.
> Step: init table inner spec.
> Step: parse table inner spec.
> Step: execute table commands.
> Step: calculate cell and line sizes.
> Step: build the whole table.

Underfull \hbox (badness 10000) detected at line 2104
[][][]
 []

 <./classgg_1_1GgQuaternion_aec0568f0aa49b7038eee69c3fec3f510_cgraph.pdf>
<classgg_1_1GgQuaternion_aec0568f0aa49b7038eee69c3fec3f510_cgraph.pdf, id=13214
, 591.20876pt x 119.44624pt>
File: classgg_1_1GgQuaternion_aec0568f0aa49b7038eee69c3fec3f510_cgraph.pdf Grap
hic file (type pdf)
<use classgg_1_1GgQuaternion_aec0568f0aa49b7038eee69c3fec3f510_cgraph.pdf>
Package pdftex.def Info: classgg_1_1GgQuaternion_aec0568f0aa49b7038eee69c3fec3f
510_cgraph.pdf  used on input line 2116.
(pdftex.def)             Requested size: 350.0pt x 70.71506pt.



Package fancyhdr Warning: \headheight is too small (12.0pt): 
(fancyhdr)                Make it at least 12.00003pt, for example:
(fancyhdr)                \setlength{\headheight}{12.00003pt}.
(fancyhdr)                You might also make \topmargin smaller:
(fancyhdr)                \addtolength{\topmargin}{-0.00003pt}.

[238]
> Step: init table outer spec.
> Step: parse table options.
> Step: split table.
> Step: init table inner spec.
> Step: parse table inner spec.
> Step: execute table commands.
> Step: calculate cell and line sizes.
> Step: build the whole table.
> Step: init table outer spec.
> Step: parse table options.
> Step: split table.
> Step: init table inner spec.
> Step: parse table inner spec.
> Step: execute table commands.
> Step: calculate cell and line sizes.
> Step: build the whole table.

Underfull \hbox (badness 10000) detected at line 2136
[][][]
 []

 <./classgg_1_1GgQuaternion_aa2ca6c2380083877c0d1014650f91d77_cgraph.pdf>
<classgg_1_1GgQuaternion_aa2ca6c2380083877c0d1014650f91d77_cgraph.pdf, id=13234
, 415.5525pt x 100.375pt>
File: classgg_1_1GgQuaternion_aa2ca6c2380083877c0d1014650f91d77_cgraph.pdf Grap
hic file (type pdf)
<use classgg_1_1GgQuaternion_aa2ca6c2380083877c0d1014650f91d77_cgraph.pdf>
Package pdftex.def Info: classgg_1_1GgQuaternion_aa2ca6c2380083877c0d1014650f91
d77_cgraph.pdf  used on input line 2148.
(pdftex.def)             Requested size: 350.0pt x 84.54414pt.
 <./classgg_1_1GgQuaternion_aa2ca6c2380083877c0d1014650f91d77_icgraph.pdf>
<classgg_1_1GgQuaternion_aa2ca6c2380083877c0d1014650f91d77_icgraph.pdf, id=1324
2, 497.86pt x 252.945pt>
File: classgg_1_1GgQuaternion_aa2ca6c2380083877c0d1014650f91d77_icgraph.pdf Gra
phic file (type pdf)
<use classgg_1_1GgQuaternion_aa2ca6c2380083877c0d1014650f91d77_icgraph.pdf>
Package pdftex.def Info: classgg_1_1GgQuaternion_aa2ca6c2380083877c0d1014650f91
d77_icgraph.pdf  used on input line 2156.
(pdftex.def)             Requested size: 350.0pt x 177.8245pt.



Package fancyhdr Warning: \headheight is too small (12.0pt): 
(fancyhdr)                Make it at least 12.00003pt, for example:
(fancyhdr)                \setlength{\headheight}{12.00003pt}.
(fancyhdr)                You might also make \topmargin smaller:
(fancyhdr)                \addtolength{\topmargin}{-0.00003pt}.

[239]
> Step: init table outer spec.
> Step: parse table options.
> Step: split table.
> Step: init table inner spec.
> Step: parse table inner spec.
> Step: execute table commands.
> Step: calculate cell and line sizes.
> Step: build the whole table.
> Step: init table outer spec.
> Step: parse table options.
> Step: split table.
> Step: init table inner spec.
> Step: parse table inner spec.
> Step: execute table commands.
> Step: calculate cell and line sizes.
> Step: build the whole table.

Underfull \hbox (badness 10000) detected at line 2172
[][][]
 []

 <./classgg_1_1GgQuaternion_aea8fb5c63a8ef3c656e69022bdaeeb55_cgraph.pdf>
<classgg_1_1GgQuaternion_aea8fb5c63a8ef3c656e69022bdaeeb55_cgraph.pdf, id=13272
, 619.31375pt x 119.44624pt>
File: classgg_1_1GgQuaternion_aea8fb5c63a8ef3c656e69022bdaeeb55_cgraph.pdf Grap
hic file (type pdf)
<use classgg_1_1GgQuaternion_aea8fb5c63a8ef3c656e69022bdaeeb55_cgraph.pdf>
Package pdftex.def Info: classgg_1_1GgQuaternion_aea8fb5c63a8ef3c656e69022bdaee
b55_cgraph.pdf  used on input line 2184.
(pdftex.def)             Requested size: 350.0pt x 67.5073pt.
> Step: init table outer spec.
> Step: parse table options.
> Step: split table.
> Step: init table inner spec.
> Step: parse table inner spec.
> Step: execute table commands.
> Step: calculate cell and line sizes.
> Step: build the whole table.
> Step: init table outer spec.
> Step: parse table options.
> Step: split table.
> Step: init table inner spec.
> Step: parse table inner spec.
> Step: execute table commands.
> Step: calculate cell and line sizes.
> Step: build the whole table.



Package fancyhdr Warning: \headheight is too small (12.0pt): 
(fancyhdr)                Make it at least 12.00003pt, for example:
(fancyhdr)                \setlength{\headheight}{12.00003pt}.
(fancyhdr)                You might also make \topmargin smaller:
(fancyhdr)                \addtolength{\topmargin}{-0.00003pt}.

[240]
Underfull \hbox (badness 10000) detected at line 2200
[][][]
 []

 <./classgg_1_1GgQuaternion_aff9fb59fc88f68cf0d595b27aab31e8b_cgraph.pdf>
<classgg_1_1GgQuaternion_aff9fb59fc88f68cf0d595b27aab31e8b_cgraph.pdf, id=13300
, 619.31375pt x 151.56625pt>
File: classgg_1_1GgQuaternion_aff9fb59fc88f68cf0d595b27aab31e8b_cgraph.pdf Grap
hic file (type pdf)
<use classgg_1_1GgQuaternion_aff9fb59fc88f68cf0d595b27aab31e8b_cgraph.pdf>
Package pdftex.def Info: classgg_1_1GgQuaternion_aff9fb59fc88f68cf0d595b27aab31
e8b_cgraph.pdf  used on input line 2212.
(pdftex.def)             Requested size: 350.0pt x 85.66052pt.
> Step: init table outer spec.
> Step: parse table options.
> Step: split table.
> Step: init table inner spec.
> Step: parse table inner spec.
> Step: execute table commands.
> Step: calculate cell and line sizes.
> Step: build the whole table.
> Step: init table outer spec.
> Step: parse table options.
> Step: split table.
> Step: init table inner spec.
> Step: parse table inner spec.
> Step: execute table commands.
> Step: calculate cell and line sizes.
> Step: build the whole table.

Underfull \hbox (badness 10000) detected at line 2228
[][][]
 []

 <./classgg_1_1GgQuaternion_a2f19017a52c028e1be588c7a97fb95a2_cgraph.pdf>
<classgg_1_1GgQuaternion_a2f19017a52c028e1be588c7a97fb95a2_cgraph.pdf, id=13311
, 619.31375pt x 119.44624pt>
File: classgg_1_1GgQuaternion_a2f19017a52c028e1be588c7a97fb95a2_cgraph.pdf Grap
hic file (type pdf)
<use classgg_1_1GgQuaternion_a2f19017a52c028e1be588c7a97fb95a2_cgraph.pdf>
Package pdftex.def Info: classgg_1_1GgQuaternion_a2f19017a52c028e1be588c7a97fb9
5a2_cgraph.pdf  used on input line 2240.
(pdftex.def)             Requested size: 350.0pt x 67.5073pt.
> Step: init table outer spec.
> Step: parse table options.
> Step: split table.
> Step: init table inner spec.
> Step: parse table inner spec.
> Step: execute table commands.
> Step: calculate cell and line sizes.
> Step: build the whole table.
> Step: init table outer spec.
> Step: parse table options.
> Step: split table.
> Step: init table inner spec.
> Step: parse table inner spec.
> Step: execute table commands.
> Step: calculate cell and line sizes.
> Step: build the whole table.



Package fancyhdr Warning: \headheight is too small (12.0pt): 
(fancyhdr)                Make it at least 12.00003pt, for example:
(fancyhdr)                \setlength{\headheight}{12.00003pt}.
(fancyhdr)                You might also make \topmargin smaller:
(fancyhdr)                \addtolength{\topmargin}{-0.00003pt}.

[241]
Underfull \hbox (badness 10000) detected at line 2262
[][][]
 []

 <./classgg_1_1GgQuaternion_ae4f92a1abd12399ed4dbfdfd6412b85e_cgraph.pdf>
<classgg_1_1GgQuaternion_ae4f92a1abd12399ed4dbfdfd6412b85e_cgraph.pdf, id=13333
, 429.605pt x 100.375pt>
File: classgg_1_1GgQuaternion_ae4f92a1abd12399ed4dbfdfd6412b85e_cgraph.pdf Grap
hic file (type pdf)
<use classgg_1_1GgQuaternion_ae4f92a1abd12399ed4dbfdfd6412b85e_cgraph.pdf>
Package pdftex.def Info: classgg_1_1GgQuaternion_ae4f92a1abd12399ed4dbfdfd6412b
85e_cgraph.pdf  used on input line 2274.
(pdftex.def)             Requested size: 350.0pt x 81.77655pt.
 <./classgg_1_1GgQuaternion_ae4f92a1abd12399ed4dbfdfd6412b85e_icgraph.pdf>
<classgg_1_1GgQuaternion_ae4f92a1abd12399ed4dbfdfd6412b85e_icgraph.pdf, id=1334
1, 776.9025pt x 414.54875pt>
File: classgg_1_1GgQuaternion_ae4f92a1abd12399ed4dbfdfd6412b85e_icgraph.pdf Gra
phic file (type pdf)
<use classgg_1_1GgQuaternion_ae4f92a1abd12399ed4dbfdfd6412b85e_icgraph.pdf>
Package pdftex.def Info: classgg_1_1GgQuaternion_ae4f92a1abd12399ed4dbfdfd6412b
85e_icgraph.pdf  used on input line 2282.
(pdftex.def)             Requested size: 350.0pt x 186.76027pt.
> Step: init table outer spec.
> Step: parse table options.
> Step: split table.
> Step: init table inner spec.
> Step: parse table inner spec.
> Step: execute table commands.
> Step: calculate cell and line sizes.
> Step: build the whole table.
> Step: init table outer spec.
> Step: parse table options.
> Step: split table.
> Step: init table inner spec.
> Step: parse table inner spec.
> Step: execute table commands.
> Step: calculate cell and line sizes.
> Step: build the whole table.

Underfull \hbox (badness 10000) detected at line 2298
[][][]
 []

 <./classgg_1_1GgQuaternion_a27839a23639579fda888036fce688d94_cgraph.pdf>
<classgg_1_1GgQuaternion_a27839a23639579fda888036fce688d94_cgraph.pdf, id=13359
, 408.52625pt x 100.375pt>
File: classgg_1_1GgQuaternion_a27839a23639579fda888036fce688d94_cgraph.pdf Grap
hic file (type pdf)
<use classgg_1_1GgQuaternion_a27839a23639579fda888036fce688d94_cgraph.pdf>
Package pdftex.def Info: classgg_1_1GgQuaternion_a27839a23639579fda888036fce688
d94_cgraph.pdf  used on input line 2310.
(pdftex.def)             Requested size: 350.0pt x 85.99916pt.



Package fancyhdr Warning: \headheight is too small (12.0pt): 
(fancyhdr)                Make it at least 12.00003pt, for example:
(fancyhdr)                \setlength{\headheight}{12.00003pt}.
(fancyhdr)                You might also make \topmargin smaller:
(fancyhdr)                \addtolength{\topmargin}{-0.00003pt}.

[242]
> Step: init table outer spec.
> Step: parse table options.
> Step: split table.
> Step: init table inner spec.
> Step: parse table inner spec.
> Step: execute table commands.
> Step: calculate cell and line sizes.
> Step: build the whole table.
> Step: init table outer spec.
> Step: parse table options.
> Step: split table.
> Step: init table inner spec.
> Step: parse table inner spec.
> Step: execute table commands.
> Step: calculate cell and line sizes.
> Step: build the whole table.

Underfull \hbox (badness 10000) detected at line 2326
[][][]
 []

 <./classgg_1_1GgQuaternion_a0cd304d7225291c1aa18e84075ba30e7_cgraph.pdf>
<classgg_1_1GgQuaternion_a0cd304d7225291c1aa18e84075ba30e7_cgraph.pdf, id=13386
, 408.52625pt x 138.5175pt>
File: classgg_1_1GgQuaternion_a0cd304d7225291c1aa18e84075ba30e7_cgraph.pdf Grap
hic file (type pdf)
<use classgg_1_1GgQuaternion_a0cd304d7225291c1aa18e84075ba30e7_cgraph.pdf>
Package pdftex.def Info: classgg_1_1GgQuaternion_a0cd304d7225291c1aa18e84075ba3
0e7_cgraph.pdf  used on input line 2338.
(pdftex.def)             Requested size: 350.0pt x 118.67886pt.
> Step: init table outer spec.
> Step: parse table options.
> Step: split table.
> Step: init table inner spec.
> Step: parse table inner spec.
> Step: execute table commands.
> Step: calculate cell and line sizes.
> Step: build the whole table.
> Step: init table outer spec.
> Step: parse table options.
> Step: split table.
> Step: init table inner spec.
> Step: parse table inner spec.
> Step: execute table commands.
> Step: calculate cell and line sizes.
> Step: build the whole table.



Package fancyhdr Warning: \headheight is too small (12.0pt): 
(fancyhdr)                Make it at least 12.00003pt, for example:
(fancyhdr)                \setlength{\headheight}{12.00003pt}.
(fancyhdr)                You might also make \topmargin smaller:
(fancyhdr)                \addtolength{\topmargin}{-0.00003pt}.

[243]
Underfull \hbox (badness 10000) detected at line 2354
[][][]
 []

 <./classgg_1_1GgQuaternion_afb6e7a2b4e80ab9720a07d5b030daa9a_cgraph.pdf>
<classgg_1_1GgQuaternion_afb6e7a2b4e80ab9720a07d5b030daa9a_cgraph.pdf, id=13409
, 408.52625pt x 100.375pt>
File: classgg_1_1GgQuaternion_afb6e7a2b4e80ab9720a07d5b030daa9a_cgraph.pdf Grap
hic file (type pdf)
<use classgg_1_1GgQuaternion_afb6e7a2b4e80ab9720a07d5b030daa9a_cgraph.pdf>
Package pdftex.def Info: classgg_1_1GgQuaternion_afb6e7a2b4e80ab9720a07d5b030da
a9a_cgraph.pdf  used on input line 2366.
(pdftex.def)             Requested size: 350.0pt x 85.99916pt.
> Step: init table outer spec.
> Step: parse table options.
> Step: split table.
> Step: init table inner spec.
> Step: parse table inner spec.
> Step: execute table commands.
> Step: calculate cell and line sizes.
> Step: build the whole table.
> Step: init table outer spec.
> Step: parse table options.
> Step: split table.
> Step: init table inner spec.
> Step: parse table inner spec.
> Step: execute table commands.
> Step: calculate cell and line sizes.
> Step: build the whole table.

Underfull \hbox (badness 10000) detected at line 2388
[][][]
 []

 <./classgg_1_1GgQuaternion_a010873f8c906d3c878529d7fccc5e654_cgraph.pdf>
<classgg_1_1GgQuaternion_a010873f8c906d3c878529d7fccc5e654_cgraph.pdf, id=13420
, 408.52625pt x 100.375pt>
File: classgg_1_1GgQuaternion_a010873f8c906d3c878529d7fccc5e654_cgraph.pdf Grap
hic file (type pdf)
<use classgg_1_1GgQuaternion_a010873f8c906d3c878529d7fccc5e654_cgraph.pdf>
Package pdftex.def Info: classgg_1_1GgQuaternion_a010873f8c906d3c878529d7fccc5e
654_cgraph.pdf  used on input line 2400.
(pdftex.def)             Requested size: 350.0pt x 85.99916pt.

Underfull \hbox (badness 10000) detected at line 2411
[][][]
 []

 <./classgg_1_1GgQuaternion_a7948622a1020c4b8cff6a699cbea8696_cgraph.pdf>
<classgg_1_1GgQuaternion_a7948622a1020c4b8cff6a699cbea8696_cgraph.pdf, id=13430
, 415.5525pt x 100.375pt>
File: classgg_1_1GgQuaternion_a7948622a1020c4b8cff6a699cbea8696_cgraph.pdf Grap
hic file (type pdf)
<use classgg_1_1GgQuaternion_a7948622a1020c4b8cff6a699cbea8696_cgraph.pdf>
Package pdftex.def Info: classgg_1_1GgQuaternion_a7948622a1020c4b8cff6a699cbea8
696_cgraph.pdf  used on input line 2423.
(pdftex.def)             Requested size: 350.0pt x 84.54414pt.


LaTeX Font Info:    Font shape `OT1/phv/m/n' will be
(Font)              scaled to size 8.99994pt on input line 2426.
LaTeX Font Info:    Font shape `OT1/phv/m/n' will be
(Font)              scaled to size 8.99994pt on input line 2426.
LaTeX Font Info:    Font shape `OT1/phv/m/n' will be
(Font)              scaled to size 8.99994pt on input line 2426.
LaTeX Font Info:    Font shape `OT1/phv/b/n' will be
(Font)              scaled to size 8.99994pt on input line 2426.
LaTeX Font Info:    Font shape `OT1/phv/b/n' will be
(Font)              scaled to size 8.99994pt on input line 2426.

Package fancyhdr Warning: \headheight is too small (12.0pt): 
(fancyhdr)                Make it at least 12.00003pt, for example:
(fancyhdr)                \setlength{\headheight}{12.00003pt}.
(fancyhdr)                You might also make \topmargin smaller:
(fancyhdr)                \addtolength{\topmargin}{-0.00003pt}.

LaTeX Font Info:    Font shape `OT1/phv/m/n' will be
(Font)              scaled to size 8.99994pt on input line 2426.
LaTeX Font Info:    Font shape `OT1/phv/b/n' will be
(Font)              scaled to size 8.99994pt on input line 2426.
LaTeX Font Info:    Font shape `OT1/phv/b/n' will be
(Font)              scaled to size 6.29996pt on input line 2426.
LaTeX Font Info:    Font shape `OT1/phv/b/n' will be
(Font)              scaled to size 6.29996pt on input line 2426.
[244] <./classgg_1_1GgQuaternion_a7948622a1020c4b8cff6a699cbea8696_icgraph.pdf>
<classgg_1_1GgQuaternion_a7948622a1020c4b8cff6a699cbea8696_icgraph.pdf, id=1344
8, 304.13625pt x 100.375pt>
File: classgg_1_1GgQuaternion_a7948622a1020c4b8cff6a699cbea8696_icgraph.pdf Gra
phic file (type pdf)
<use classgg_1_1GgQuaternion_a7948622a1020c4b8cff6a699cbea8696_icgraph.pdf>
Package pdftex.def Info: classgg_1_1GgQuaternion_a7948622a1020c4b8cff6a699cbea8
696_icgraph.pdf  used on input line 2431.
(pdftex.def)             Requested size: 303.0pt x 100.00255pt.

Underfull \hbox (badness 10000) detected at line 2442
[][][]
 []

 <./classgg_1_1GgQuaternion_a8667e065b18d857126f5481d0be8d527_cgraph.pdf>
<classgg_1_1GgQuaternion_a8667e065b18d857126f5481d0be8d527_cgraph.pdf, id=13459
, 761.84625pt x 138.5175pt>
File: classgg_1_1GgQuaternion_a8667e065b18d857126f5481d0be8d527_cgraph.pdf Grap
hic file (type pdf)
<use classgg_1_1GgQuaternion_a8667e065b18d857126f5481d0be8d527_cgraph.pdf>
Package pdftex.def Info: classgg_1_1GgQuaternion_a8667e065b18d857126f5481d0be8d
527_cgraph.pdf  used on input line 2454.
(pdftex.def)             Requested size: 350.0pt x 63.63638pt.
 <./classgg_1_1GgQuaternion_a8667e065b18d857126f5481d0be8d527_icgraph.pdf>
<classgg_1_1GgQuaternion_a8667e065b18d857126f5481d0be8d527_icgraph.pdf, id=1346
7, 373.395pt x 176.66pt>
File: classgg_1_1GgQuaternion_a8667e065b18d857126f5481d0be8d527_icgraph.pdf Gra
phic file (type pdf)
<use classgg_1_1GgQuaternion_a8667e065b18d857126f5481d0be8d527_icgraph.pdf>
Package pdftex.def Info: classgg_1_1GgQuaternion_a8667e065b18d857126f5481d0be8d
527_icgraph.pdf  used on input line 2462.
(pdftex.def)             Requested size: 350.0pt x 165.59946pt.



Package fancyhdr Warning: \headheight is too small (12.0pt): 
(fancyhdr)                Make it at least 12.00003pt, for example:
(fancyhdr)                \setlength{\headheight}{12.00003pt}.
(fancyhdr)                You might also make \topmargin smaller:
(fancyhdr)                \addtolength{\topmargin}{-0.00003pt}.

[245] <./classgg_1_1GgQuaternion_a27ecd995d49c45f327b929245209e5d5_cgraph.pdf>
<classgg_1_1GgQuaternion_a27ecd995d49c45f327b929245209e5d5_cgraph.pdf, id=13490
, 588.1975pt x 119.44624pt>
File: classgg_1_1GgQuaternion_a27ecd995d49c45f327b929245209e5d5_cgraph.pdf Grap
hic file (type pdf)
<use classgg_1_1GgQuaternion_a27ecd995d49c45f327b929245209e5d5_cgraph.pdf>
Package pdftex.def Info: classgg_1_1GgQuaternion_a27ecd995d49c45f327b929245209e
5d5_cgraph.pdf  used on input line 2480.
(pdftex.def)             Requested size: 350.0pt x 71.07594pt.
 <./classgg_1_1GgQuaternion_a4734934212e1a68561a53a5b6afc2284_cgraph.pdf>
<classgg_1_1GgQuaternion_a4734934212e1a68561a53a5b6afc2284_cgraph.pdf, id=13502
, 413.545pt x 138.5175pt>
File: classgg_1_1GgQuaternion_a4734934212e1a68561a53a5b6afc2284_cgraph.pdf Grap
hic file (type pdf)
<use classgg_1_1GgQuaternion_a4734934212e1a68561a53a5b6afc2284_cgraph.pdf>
Package pdftex.def Info: classgg_1_1GgQuaternion_a4734934212e1a68561a53a5b6afc2
284_cgraph.pdf  used on input line 2498.
(pdftex.def)             Requested size: 350.0pt x 117.23526pt.
 <./classgg_1_1GgQuaternion_af9f61507e493e0953c12eeac5856a211_cgraph.pdf>
<classgg_1_1GgQuaternion_af9f61507e493e0953c12eeac5856a211_cgraph.pdf, id=13513
, 413.545pt x 100.375pt>
File: classgg_1_1GgQuaternion_af9f61507e493e0953c12eeac5856a211_cgraph.pdf Grap
hic file (type pdf)
<use classgg_1_1GgQuaternion_af9f61507e493e0953c12eeac5856a211_cgraph.pdf>
Package pdftex.def Info: classgg_1_1GgQuaternion_af9f61507e493e0953c12eeac5856a
211_cgraph.pdf  used on input line 2516.
(pdftex.def)             Requested size: 350.0pt x 84.95308pt.


LaTeX Font Info:    Font shape `OT1/phv/m/n' will be
(Font)              scaled to size 8.99994pt on input line 2519.
LaTeX Font Info:    Font shape `OT1/phv/m/n' will be
(Font)              scaled to size 8.99994pt on input line 2519.
LaTeX Font Info:    Font shape `OT1/phv/m/n' will be
(Font)              scaled to size 8.99994pt on input line 2519.
LaTeX Font Info:    Font shape `OT1/phv/b/n' will be
(Font)              scaled to size 8.99994pt on input line 2519.
LaTeX Font Info:    Font shape `OT1/phv/b/n' will be
(Font)              scaled to size 8.99994pt on input line 2519.

Package fancyhdr Warning: \headheight is too small (12.0pt): 
(fancyhdr)                Make it at least 12.00003pt, for example:
(fancyhdr)                \setlength{\headheight}{12.00003pt}.
(fancyhdr)                You might also make \topmargin smaller:
(fancyhdr)                \addtolength{\topmargin}{-0.00003pt}.

LaTeX Font Info:    Font shape `OT1/phv/m/n' will be
(Font)              scaled to size 8.99994pt on input line 2519.
LaTeX Font Info:    Font shape `OT1/phv/b/n' will be
(Font)              scaled to size 8.99994pt on input line 2519.
LaTeX Font Info:    Font shape `OT1/phv/b/n' will be
(Font)              scaled to size 6.29996pt on input line 2519.
LaTeX Font Info:    Font shape `OT1/phv/b/n' will be
(Font)              scaled to size 6.29996pt on input line 2519.
[246] <./classgg_1_1GgQuaternion_af9f61507e493e0953c12eeac5856a211_icgraph.pdf>
<classgg_1_1GgQuaternion_af9f61507e493e0953c12eeac5856a211_icgraph.pdf, id=1353
2, 392.46625pt x 100.375pt>
File: classgg_1_1GgQuaternion_af9f61507e493e0953c12eeac5856a211_icgraph.pdf Gra
phic file (type pdf)
<use classgg_1_1GgQuaternion_af9f61507e493e0953c12eeac5856a211_icgraph.pdf>
Package pdftex.def Info: classgg_1_1GgQuaternion_af9f61507e493e0953c12eeac5856a
211_icgraph.pdf  used on input line 2524.
(pdftex.def)             Requested size: 350.0pt x 89.52031pt.
 <./classgg_1_1GgQuaternion_a59c994d71db6de3acf9ce85ab351e170_cgraph.pdf>
<classgg_1_1GgQuaternion_a59c994d71db6de3acf9ce85ab351e170_cgraph.pdf, id=13544
, 786.94pt x 175.65625pt>
File: classgg_1_1GgQuaternion_a59c994d71db6de3acf9ce85ab351e170_cgraph.pdf Grap
hic file (type pdf)
<use classgg_1_1GgQuaternion_a59c994d71db6de3acf9ce85ab351e170_cgraph.pdf>
Package pdftex.def Info: classgg_1_1GgQuaternion_a59c994d71db6de3acf9ce85ab351e
170_cgraph.pdf  used on input line 2542.
(pdftex.def)             Requested size: 350.0pt x 78.12254pt.
 <./classgg_1_1GgQuaternion_aacf8bcdfdee4ddff74b8d6dad1a05ecb_cgraph.pdf>
<classgg_1_1GgQuaternion_aacf8bcdfdee4ddff74b8d6dad1a05ecb_cgraph.pdf, id=13556
, 606.265pt x 170.6375pt>
File: classgg_1_1GgQuaternion_aacf8bcdfdee4ddff74b8d6dad1a05ecb_cgraph.pdf Grap
hic file (type pdf)
<use classgg_1_1GgQuaternion_aacf8bcdfdee4ddff74b8d6dad1a05ecb_cgraph.pdf>
Package pdftex.def Info: classgg_1_1GgQuaternion_aacf8bcdfdee4ddff74b8d6dad1a05
ecb_cgraph.pdf  used on input line 2560.
(pdftex.def)             Requested size: 350.0pt x 98.51155pt.



Package fancyhdr Warning: \headheight is too small (12.0pt): 
(fancyhdr)                Make it at least 12.00003pt, for example:
(fancyhdr)                \setlength{\headheight}{12.00003pt}.
(fancyhdr)                You might also make \topmargin smaller:
(fancyhdr)                \addtolength{\topmargin}{-0.00003pt}.

[247] <./classgg_1_1GgQuaternion_a497525637b98332b7571b57c319f672d_cgraph.pdf>
<classgg_1_1GgQuaternion_a497525637b98332b7571b57c319f672d_cgraph.pdf, id=13579
, 606.265pt x 129.48375pt>
File: classgg_1_1GgQuaternion_a497525637b98332b7571b57c319f672d_cgraph.pdf Grap
hic file (type pdf)
<use classgg_1_1GgQuaternion_a497525637b98332b7571b57c319f672d_cgraph.pdf>
Package pdftex.def Info: classgg_1_1GgQuaternion_a497525637b98332b7571b57c319f6
72d_cgraph.pdf  used on input line 2578.
(pdftex.def)             Requested size: 350.0pt x 74.75287pt.
 <./classgg_1_1GgQuaternion_a497525637b98332b7571b57c319f672d_icgraph.pdf>
<classgg_1_1GgQuaternion_a497525637b98332b7571b57c319f672d_icgraph.pdf, id=1358
7, 404.51125pt x 100.375pt>
File: classgg_1_1GgQuaternion_a497525637b98332b7571b57c319f672d_icgraph.pdf Gra
phic file (type pdf)
<use classgg_1_1GgQuaternion_a497525637b98332b7571b57c319f672d_icgraph.pdf>
Package pdftex.def Info: classgg_1_1GgQuaternion_a497525637b98332b7571b57c319f6
72d_icgraph.pdf  used on input line 2586.
(pdftex.def)             Requested size: 350.0pt x 86.85074pt.
 <./classgg_1_1GgQuaternion_ac3c2cbeb20d1ab86e8900cef918718b3_cgraph.pdf>
<classgg_1_1GgQuaternion_ac3c2cbeb20d1ab86e8900cef918718b3_cgraph.pdf, id=13599
, 913.4125pt x 195.73125pt>
File: classgg_1_1GgQuaternion_ac3c2cbeb20d1ab86e8900cef918718b3_cgraph.pdf Grap
hic file (type pdf)
<use classgg_1_1GgQuaternion_ac3c2cbeb20d1ab86e8900cef918718b3_cgraph.pdf>
Package pdftex.def Info: classgg_1_1GgQuaternion_ac3c2cbeb20d1ab86e8900cef91871
8b3_cgraph.pdf  used on input line 2604.
(pdftex.def)             Requested size: 350.0pt x 74.99985pt.
 <./classgg_1_1GgQuaternion_ade17d80d5e710bf94f0d4061df507d93_cgraph.pdf>
<classgg_1_1GgQuaternion_ade17d80d5e710bf94f0d4061df507d93_cgraph.pdf, id=13611
, 742.775pt x 189.70876pt>
File: classgg_1_1GgQuaternion_ade17d80d5e710bf94f0d4061df507d93_cgraph.pdf Grap
hic file (type pdf)
<use classgg_1_1GgQuaternion_ade17d80d5e710bf94f0d4061df507d93_cgraph.pdf>
Package pdftex.def Info: classgg_1_1GgQuaternion_ade17d80d5e710bf94f0d4061df507
d93_cgraph.pdf  used on input line 2622.
(pdftex.def)             Requested size: 350.0pt x 89.3918pt.



Package fancyhdr Warning: \headheight is too small (12.0pt): 
(fancyhdr)                Make it at least 12.00003pt, for example:
(fancyhdr)                \setlength{\headheight}{12.00003pt}.
(fancyhdr)                You might also make \topmargin smaller:
(fancyhdr)                \addtolength{\topmargin}{-0.00003pt}.

[248] <./classgg_1_1GgQuaternion_a4f536343e54923de7d58507a86edcde0_cgraph.pdf>
<classgg_1_1GgQuaternion_a4f536343e54923de7d58507a86edcde0_cgraph.pdf, id=13634
, 736.7525pt x 132.495pt>
File: classgg_1_1GgQuaternion_a4f536343e54923de7d58507a86edcde0_cgraph.pdf Grap
hic file (type pdf)
<use classgg_1_1GgQuaternion_a4f536343e54923de7d58507a86edcde0_cgraph.pdf>
Package pdftex.def Info: classgg_1_1GgQuaternion_a4f536343e54923de7d58507a86edc
de0_cgraph.pdf  used on input line 2640.
(pdftex.def)             Requested size: 350.0pt x 62.94183pt.
 <./classgg_1_1GgQuaternion_a4f536343e54923de7d58507a86edcde0_icgraph.pdf>
<classgg_1_1GgQuaternion_a4f536343e54923de7d58507a86edcde0_icgraph.pdf, id=1364
2, 397.485pt x 100.375pt>
File: classgg_1_1GgQuaternion_a4f536343e54923de7d58507a86edcde0_icgraph.pdf Gra
phic file (type pdf)
<use classgg_1_1GgQuaternion_a4f536343e54923de7d58507a86edcde0_icgraph.pdf>
Package pdftex.def Info: classgg_1_1GgQuaternion_a4f536343e54923de7d58507a86edc
de0_icgraph.pdf  used on input line 2648.
(pdftex.def)             Requested size: 350.0pt x 88.38692pt.
 <./classgg_1_1GgQuaternion_aa86d4c5f3e16b44741cd5b8c6b8237ba_cgraph.pdf>
<classgg_1_1GgQuaternion_aa86d4c5f3e16b44741cd5b8c6b8237ba_cgraph.pdf, id=13655
, 592.2125pt x 119.44624pt>
File: classgg_1_1GgQuaternion_aa86d4c5f3e16b44741cd5b8c6b8237ba_cgraph.pdf Grap
hic file (type pdf)
<use classgg_1_1GgQuaternion_aa86d4c5f3e16b44741cd5b8c6b8237ba_cgraph.pdf>
Package pdftex.def Info: classgg_1_1GgQuaternion_aa86d4c5f3e16b44741cd5b8c6b823
7ba_cgraph.pdf  used on input line 2666.
(pdftex.def)             Requested size: 350.0pt x 70.59477pt.
 <./classgg_1_1GgQuaternion_a1c60aac088934be6a86e18a98ec7a426_cgraph.pdf>
<classgg_1_1GgQuaternion_a1c60aac088934be6a86e18a98ec7a426_cgraph.pdf, id=13667
, 592.2125pt x 151.56625pt>
File: classgg_1_1GgQuaternion_a1c60aac088934be6a86e18a98ec7a426_cgraph.pdf Grap
hic file (type pdf)
<use classgg_1_1GgQuaternion_a1c60aac088934be6a86e18a98ec7a426_cgraph.pdf>
Package pdftex.def Info: classgg_1_1GgQuaternion_a1c60aac088934be6a86e18a98ec7a
426_cgraph.pdf  used on input line 2684.
(pdftex.def)             Requested size: 350.0pt x 89.57825pt.



Package fancyhdr Warning: \headheight is too small (12.0pt): 
(fancyhdr)                Make it at least 12.00003pt, for example:
(fancyhdr)                \setlength{\headheight}{12.00003pt}.
(fancyhdr)                You might also make \topmargin smaller:
(fancyhdr)                \addtolength{\topmargin}{-0.00003pt}.

[249] <./classgg_1_1GgQuaternion_aa3cfaae9bec190c2201663cd810de9a1_cgraph.pdf>
<classgg_1_1GgQuaternion_aa3cfaae9bec190c2201663cd810de9a1_cgraph.pdf, id=13690
, 592.2125pt x 119.44624pt>
File: classgg_1_1GgQuaternion_aa3cfaae9bec190c2201663cd810de9a1_cgraph.pdf Grap
hic file (type pdf)
<use classgg_1_1GgQuaternion_aa3cfaae9bec190c2201663cd810de9a1_cgraph.pdf>
Package pdftex.def Info: classgg_1_1GgQuaternion_aa3cfaae9bec190c2201663cd810de
9a1_cgraph.pdf  used on input line 2702.
(pdftex.def)             Requested size: 350.0pt x 70.59477pt.
 <./classgg_1_1GgQuaternion_a6f252e4145c521b3203c5aa55efad565_cgraph.pdf>
<classgg_1_1GgQuaternion_a6f252e4145c521b3203c5aa55efad565_cgraph.pdf, id=13702
, 946.53625pt x 195.73125pt>
File: classgg_1_1GgQuaternion_a6f252e4145c521b3203c5aa55efad565_cgraph.pdf Grap
hic file (type pdf)
<use classgg_1_1GgQuaternion_a6f252e4145c521b3203c5aa55efad565_cgraph.pdf>
Package pdftex.def Info: classgg_1_1GgQuaternion_a6f252e4145c521b3203c5aa55efad
565_cgraph.pdf  used on input line 2720.
(pdftex.def)             Requested size: 350.0pt x 72.37462pt.
 <./classgg_1_1GgQuaternion_a9c2658eaec948dc9e6f2e0f7c0c87287_cgraph.pdf>
<classgg_1_1GgQuaternion_a9c2658eaec948dc9e6f2e0f7c0c87287_cgraph.pdf, id=13714
, 772.8875pt x 152.57pt>
File: classgg_1_1GgQuaternion_a9c2658eaec948dc9e6f2e0f7c0c87287_cgraph.pdf Grap
hic file (type pdf)
<use classgg_1_1GgQuaternion_a9c2658eaec948dc9e6f2e0f7c0c87287_cgraph.pdf>
Package pdftex.def Info: classgg_1_1GgQuaternion_a9c2658eaec948dc9e6f2e0f7c0c87
287_cgraph.pdf  used on input line 2738.
(pdftex.def)             Requested size: 350.0pt x 69.0912pt.
 <./classgg_1_1GgQuaternion_ab7f35213532d8d0d57fd2667388626f8_cgraph.pdf>
<classgg_1_1GgQuaternion_ab7f35213532d8d0d57fd2667388626f8_cgraph.pdf, id=13725
, 772.8875pt x 157.58875pt>
File: classgg_1_1GgQuaternion_ab7f35213532d8d0d57fd2667388626f8_cgraph.pdf Grap
hic file (type pdf)
<use classgg_1_1GgQuaternion_ab7f35213532d8d0d57fd2667388626f8_cgraph.pdf>
Package pdftex.def Info: classgg_1_1GgQuaternion_ab7f35213532d8d0d57fd266738862
6f8_cgraph.pdf  used on input line 2756.
(pdftex.def)             Requested size: 350.0pt x 71.36394pt.


LaTeX Font Info:    Font shape `OT1/phv/m/n' will be
(Font)              scaled to size 8.99994pt on input line 2759.
LaTeX Font Info:    Font shape `OT1/phv/m/n' will be
(Font)              scaled to size 8.99994pt on input line 2759.
LaTeX Font Info:    Font shape `OT1/phv/m/n' will be
(Font)              scaled to size 8.99994pt on input line 2759.
LaTeX Font Info:    Font shape `OT1/phv/b/n' will be
(Font)              scaled to size 8.99994pt on input line 2759.
LaTeX Font Info:    Font shape `OT1/phv/b/n' will be
(Font)              scaled to size 8.99994pt on input line 2759.

Package fancyhdr Warning: \headheight is too small (12.0pt): 
(fancyhdr)                Make it at least 12.00003pt, for example:
(fancyhdr)                \setlength{\headheight}{12.00003pt}.
(fancyhdr)                You might also make \topmargin smaller:
(fancyhdr)                \addtolength{\topmargin}{-0.00003pt}.

LaTeX Font Info:    Font shape `OT1/phv/m/n' will be
(Font)              scaled to size 8.99994pt on input line 2759.
LaTeX Font Info:    Font shape `OT1/phv/b/n' will be
(Font)              scaled to size 8.99994pt on input line 2759.
LaTeX Font Info:    Font shape `OT1/phv/b/n' will be
(Font)              scaled to size 6.29996pt on input line 2759.
LaTeX Font Info:    Font shape `OT1/phv/b/n' will be
(Font)              scaled to size 6.29996pt on input line 2759.
[250] <./classgg_1_1GgQuaternion_ab7f35213532d8d0d57fd2667388626f8_icgraph.pdf>
<classgg_1_1GgQuaternion_ab7f35213532d8d0d57fd2667388626f8_icgraph.pdf, id=1374
5, 391.4625pt x 100.375pt>
File: classgg_1_1GgQuaternion_ab7f35213532d8d0d57fd2667388626f8_icgraph.pdf Gra
phic file (type pdf)
<use classgg_1_1GgQuaternion_ab7f35213532d8d0d57fd2667388626f8_icgraph.pdf>
Package pdftex.def Info: classgg_1_1GgQuaternion_ab7f35213532d8d0d57fd266738862
6f8_icgraph.pdf  used on input line 2764.
(pdftex.def)             Requested size: 350.0pt x 89.74852pt.
 <./classgg_1_1GgQuaternion_aa1379091e843a1672a8aeae250a7abb1_cgraph.pdf>
<classgg_1_1GgQuaternion_aa1379091e843a1672a8aeae250a7abb1_cgraph.pdf, id=13757
, 787.94376pt x 157.58875pt>
File: classgg_1_1GgQuaternion_aa1379091e843a1672a8aeae250a7abb1_cgraph.pdf Grap
hic file (type pdf)
<use classgg_1_1GgQuaternion_aa1379091e843a1672a8aeae250a7abb1_cgraph.pdf>
Package pdftex.def Info: classgg_1_1GgQuaternion_aa1379091e843a1672a8aeae250a7a
bb1_cgraph.pdf  used on input line 2782.
(pdftex.def)             Requested size: 350.0pt x 69.99811pt.
 <./classgg_1_1GgQuaternion_ae8da90eb5a723a60397bd584bc4feb76_cgraph.pdf>
<classgg_1_1GgQuaternion_ae8da90eb5a723a60397bd584bc4feb76_cgraph.pdf, id=13769
, 609.27625pt x 151.56625pt>
File: classgg_1_1GgQuaternion_ae8da90eb5a723a60397bd584bc4feb76_cgraph.pdf Grap
hic file (type pdf)
<use classgg_1_1GgQuaternion_ae8da90eb5a723a60397bd584bc4feb76_cgraph.pdf>
Package pdftex.def Info: classgg_1_1GgQuaternion_ae8da90eb5a723a60397bd584bc4fe
b76_cgraph.pdf  used on input line 2800.
(pdftex.def)             Requested size: 350.0pt x 87.06895pt.


LaTeX Font Info:    Font shape `OT1/phv/m/n' will be
(Font)              scaled to size 8.99994pt on input line 2813.
LaTeX Font Info:    Font shape `OT1/phv/m/n' will be
(Font)              scaled to size 8.99994pt on input line 2813.
LaTeX Font Info:    Font shape `OT1/phv/m/n' will be
(Font)              scaled to size 8.99994pt on input line 2813.
LaTeX Font Info:    Font shape `OT1/phv/b/n' will be
(Font)              scaled to size 8.99994pt on input line 2813.
LaTeX Font Info:    Font shape `OT1/phv/b/n' will be
(Font)              scaled to size 6.29996pt on input line 2813.
LaTeX Font Info:    Font shape `OT1/phv/b/n' will be
(Font)              scaled to size 6.29996pt on input line 2813.
LaTeX Font Info:    Font shape `OT1/phv/b/n' will be
(Font)              scaled to size 8.99994pt on input line 2813.

Package fancyhdr Warning: \headheight is too small (12.0pt): 
(fancyhdr)                Make it at least 12.00003pt, for example:
(fancyhdr)                \setlength{\headheight}{12.00003pt}.
(fancyhdr)                You might also make \topmargin smaller:
(fancyhdr)                \addtolength{\topmargin}{-0.00003pt}.

LaTeX Font Info:    Font shape `OT1/phv/m/n' will be
(Font)              scaled to size 8.99994pt on input line 2813.
LaTeX Font Info:    Font shape `OT1/phv/b/n' will be
(Font)              scaled to size 8.99994pt on input line 2813.
LaTeX Font Info:    Font shape `OT1/phv/b/n' will be
(Font)              scaled to size 6.29996pt on input line 2813.
LaTeX Font Info:    Font shape `OT1/phv/b/n' will be
(Font)              scaled to size 6.29996pt on input line 2813.
[251] <./classgg_1_1GgQuaternion_a19849468f39f0371884696892578b52f_cgraph.pdf>
<classgg_1_1GgQuaternion_a19849468f39f0371884696892578b52f_cgraph.pdf, id=13793
, 609.27625pt x 119.44624pt>
File: classgg_1_1GgQuaternion_a19849468f39f0371884696892578b52f_cgraph.pdf Grap
hic file (type pdf)
<use classgg_1_1GgQuaternion_a19849468f39f0371884696892578b52f_cgraph.pdf>
Package pdftex.def Info: classgg_1_1GgQuaternion_a19849468f39f0371884696892578b
52f_cgraph.pdf  used on input line 2818.
(pdftex.def)             Requested size: 350.0pt x 68.61725pt.
 <./classgg_1_1GgQuaternion_a19849468f39f0371884696892578b52f_icgraph.pdf>
<classgg_1_1GgQuaternion_a19849468f39f0371884696892578b52f_icgraph.pdf, id=1380
1, 403.5075pt x 100.375pt>
File: classgg_1_1GgQuaternion_a19849468f39f0371884696892578b52f_icgraph.pdf Gra
phic file (type pdf)
<use classgg_1_1GgQuaternion_a19849468f39f0371884696892578b52f_icgraph.pdf>
Package pdftex.def Info: classgg_1_1GgQuaternion_a19849468f39f0371884696892578b
52f_icgraph.pdf  used on input line 2826.
(pdftex.def)             Requested size: 350.0pt x 87.06516pt.
 <./classgg_1_1GgQuaternion_a824ab3b06f1194f5f43f343596113ca7_cgraph.pdf>
<classgg_1_1GgQuaternion_a824ab3b06f1194f5f43f343596113ca7_cgraph.pdf, id=13813
, 746.79pt x 175.65625pt>
File: classgg_1_1GgQuaternion_a824ab3b06f1194f5f43f343596113ca7_cgraph.pdf Grap
hic file (type pdf)
<use classgg_1_1GgQuaternion_a824ab3b06f1194f5f43f343596113ca7_cgraph.pdf>
Package pdftex.def Info: classgg_1_1GgQuaternion_a824ab3b06f1194f5f43f343596113
ca7_cgraph.pdf  used on input line 2844.
(pdftex.def)             Requested size: 350.0pt x 82.32526pt.
 <./classgg_1_1GgQuaternion_af2046f124013908bbc115020b4573fb8_cgraph.pdf>
<classgg_1_1GgQuaternion_af2046f124013908bbc115020b4573fb8_cgraph.pdf, id=13825
, 573.14125pt x 194.7275pt>
File: classgg_1_1GgQuaternion_af2046f124013908bbc115020b4573fb8_cgraph.pdf Grap
hic file (type pdf)
<use classgg_1_1GgQuaternion_af2046f124013908bbc115020b4573fb8_cgraph.pdf>
Package pdftex.def Info: classgg_1_1GgQuaternion_af2046f124013908bbc115020b4573
fb8_cgraph.pdf  used on input line 2862.
(pdftex.def)             Requested size: 350.0pt x 118.91432pt.



Package fancyhdr Warning: \headheight is too small (12.0pt): 
(fancyhdr)                Make it at least 12.00003pt, for example:
(fancyhdr)                \setlength{\headheight}{12.00003pt}.
(fancyhdr)                You might also make \topmargin smaller:
(fancyhdr)                \addtolength{\topmargin}{-0.00003pt}.

[252] <./classgg_1_1GgQuaternion_a9a390b8f63028ecd4c79b95f7eb0515f_cgraph.pdf>
<classgg_1_1GgQuaternion_a9a390b8f63028ecd4c79b95f7eb0515f_cgraph.pdf, id=13848
, 573.14125pt x 137.51375pt>
File: classgg_1_1GgQuaternion_a9a390b8f63028ecd4c79b95f7eb0515f_cgraph.pdf Grap
hic file (type pdf)
<use classgg_1_1GgQuaternion_a9a390b8f63028ecd4c79b95f7eb0515f_cgraph.pdf>
Package pdftex.def Info: classgg_1_1GgQuaternion_a9a390b8f63028ecd4c79b95f7eb05
15f_cgraph.pdf  used on input line 2880.
(pdftex.def)             Requested size: 350.0pt x 83.97559pt.
 <./classgg_1_1GgQuaternion_a9a390b8f63028ecd4c79b95f7eb0515f_icgraph.pdf>
<classgg_1_1GgQuaternion_a9a390b8f63028ecd4c79b95f7eb0515f_icgraph.pdf, id=1385
6, 391.4625pt x 100.375pt>
File: classgg_1_1GgQuaternion_a9a390b8f63028ecd4c79b95f7eb0515f_icgraph.pdf Gra
phic file (type pdf)
<use classgg_1_1GgQuaternion_a9a390b8f63028ecd4c79b95f7eb0515f_icgraph.pdf>
Package pdftex.def Info: classgg_1_1GgQuaternion_a9a390b8f63028ecd4c79b95f7eb05
15f_icgraph.pdf  used on input line 2888.
(pdftex.def)             Requested size: 350.0pt x 89.74852pt.
 <./classgg_1_1GgQuaternion_a26c2bb3780f51dcc7a20ccbbc4865b90_cgraph.pdf>
<classgg_1_1GgQuaternion_a26c2bb3780f51dcc7a20ccbbc4865b90_cgraph.pdf, id=13868
, 778.91pt x 175.65625pt>
File: classgg_1_1GgQuaternion_a26c2bb3780f51dcc7a20ccbbc4865b90_cgraph.pdf Grap
hic file (type pdf)
<use classgg_1_1GgQuaternion_a26c2bb3780f51dcc7a20ccbbc4865b90_cgraph.pdf>
Package pdftex.def Info: classgg_1_1GgQuaternion_a26c2bb3780f51dcc7a20ccbbc4865
b90_cgraph.pdf  used on input line 2906.
(pdftex.def)             Requested size: 350.0pt x 78.92932pt.
 <./classgg_1_1GgQuaternion_a9eb399ffee386f8e80b44e942a4b11ea_cgraph.pdf>
<classgg_1_1GgQuaternion_a9eb399ffee386f8e80b44e942a4b11ea_cgraph.pdf, id=13880
, 600.2425pt x 170.6375pt>
File: classgg_1_1GgQuaternion_a9eb399ffee386f8e80b44e942a4b11ea_cgraph.pdf Grap
hic file (type pdf)
<use classgg_1_1GgQuaternion_a9eb399ffee386f8e80b44e942a4b11ea_cgraph.pdf>
Package pdftex.def Info: classgg_1_1GgQuaternion_a9eb399ffee386f8e80b44e942a4b1
1ea_cgraph.pdf  used on input line 2924.
(pdftex.def)             Requested size: 350.0pt x 99.50096pt.



Package fancyhdr Warning: \headheight is too small (12.0pt): 
(fancyhdr)                Make it at least 12.00003pt, for example:
(fancyhdr)                \setlength{\headheight}{12.00003pt}.
(fancyhdr)                You might also make \topmargin smaller:
(fancyhdr)                \addtolength{\topmargin}{-0.00003pt}.

[253] <./classgg_1_1GgQuaternion_acb443d6b9fd2cf90942ec8b77172528c_cgraph.pdf>
<classgg_1_1GgQuaternion_acb443d6b9fd2cf90942ec8b77172528c_cgraph.pdf, id=13903
, 600.2425pt x 129.48375pt>
File: classgg_1_1GgQuaternion_acb443d6b9fd2cf90942ec8b77172528c_cgraph.pdf Grap
hic file (type pdf)
<use classgg_1_1GgQuaternion_acb443d6b9fd2cf90942ec8b77172528c_cgraph.pdf>
Package pdftex.def Info: classgg_1_1GgQuaternion_acb443d6b9fd2cf90942ec8b771725
28c_cgraph.pdf  used on input line 2942.
(pdftex.def)             Requested size: 350.0pt x 75.50366pt.
 <./classgg_1_1GgQuaternion_acb443d6b9fd2cf90942ec8b77172528c_icgraph.pdf>
<classgg_1_1GgQuaternion_acb443d6b9fd2cf90942ec8b77172528c_icgraph.pdf, id=1391
1, 403.5075pt x 100.375pt>
File: classgg_1_1GgQuaternion_acb443d6b9fd2cf90942ec8b77172528c_icgraph.pdf Gra
phic file (type pdf)
<use classgg_1_1GgQuaternion_acb443d6b9fd2cf90942ec8b77172528c_icgraph.pdf>
Package pdftex.def Info: classgg_1_1GgQuaternion_acb443d6b9fd2cf90942ec8b771725
28c_icgraph.pdf  used on input line 2950.
(pdftex.def)             Requested size: 350.0pt x 87.06516pt.
> Step: init table outer spec.
> Step: parse table options.
> Step: split table.
> Step: init table inner spec.
> Step: parse table inner spec.
> Step: execute table commands.
> Step: calculate cell and line sizes.
> Step: build the whole table.
> Step: init table outer spec.
> Step: parse table options.
> Step: split table.
> Step: init table inner spec.
> Step: parse table inner spec.
> Step: execute table commands.
> Step: calculate cell and line sizes.
> Step: build the whole table.

Underfull \hbox (badness 10000) detected at line 2966
[][][]
 []

 <./classgg_1_1GgQuaternion_ade4e8ace3b9839738eea02c4e2be70a1_cgraph.pdf>
<classgg_1_1GgQuaternion_ade4e8ace3b9839738eea02c4e2be70a1_cgraph.pdf, id=13921
, 415.5525pt x 100.375pt>
File: classgg_1_1GgQuaternion_ade4e8ace3b9839738eea02c4e2be70a1_cgraph.pdf Grap
hic file (type pdf)
<use classgg_1_1GgQuaternion_ade4e8ace3b9839738eea02c4e2be70a1_cgraph.pdf>
Package pdftex.def Info: classgg_1_1GgQuaternion_ade4e8ace3b9839738eea02c4e2be7
0a1_cgraph.pdf  used on input line 2974.
(pdftex.def)             Requested size: 350.0pt x 84.54414pt.


LaTeX Font Info:    Font shape `OT1/phv/m/n' will be
(Font)              scaled to size 8.99994pt on input line 2977.
LaTeX Font Info:    Font shape `OT1/phv/m/n' will be
(Font)              scaled to size 8.99994pt on input line 2977.
LaTeX Font Info:    Font shape `OT1/phv/m/n' will be
(Font)              scaled to size 8.99994pt on input line 2977.
LaTeX Font Info:    Font shape `OT1/phv/b/n' will be
(Font)              scaled to size 8.99994pt on input line 2977.
LaTeX Font Info:    Font shape `OT1/phv/b/n' will be
(Font)              scaled to size 8.99994pt on input line 2977.

Package fancyhdr Warning: \headheight is too small (12.0pt): 
(fancyhdr)                Make it at least 12.00003pt, for example:
(fancyhdr)                \setlength{\headheight}{12.00003pt}.
(fancyhdr)                You might also make \topmargin smaller:
(fancyhdr)                \addtolength{\topmargin}{-0.00003pt}.

LaTeX Font Info:    Font shape `OT1/phv/m/n' will be
(Font)              scaled to size 8.99994pt on input line 2977.
LaTeX Font Info:    Font shape `OT1/phv/b/n' will be
(Font)              scaled to size 8.99994pt on input line 2977.
LaTeX Font Info:    Font shape `OT1/phv/b/n' will be
(Font)              scaled to size 6.29996pt on input line 2977.
LaTeX Font Info:    Font shape `OT1/phv/b/n' will be
(Font)              scaled to size 6.29996pt on input line 2977.
[254] <./classgg_1_1GgQuaternion_ade4e8ace3b9839738eea02c4e2be70a1_icgraph.pdf>
<classgg_1_1GgQuaternion_ade4e8ace3b9839738eea02c4e2be70a1_icgraph.pdf, id=1393
9, 389.455pt x 100.375pt>
File: classgg_1_1GgQuaternion_ade4e8ace3b9839738eea02c4e2be70a1_icgraph.pdf Gra
phic file (type pdf)
<use classgg_1_1GgQuaternion_ade4e8ace3b9839738eea02c4e2be70a1_icgraph.pdf>
Package pdftex.def Info: classgg_1_1GgQuaternion_ade4e8ace3b9839738eea02c4e2be7
0a1_icgraph.pdf  used on input line 2982.
(pdftex.def)             Requested size: 350.0pt x 90.20952pt.
 <./classgg_1_1GgQuaternion_ae1e4c3e0920aca13ab3085eea15e576e_cgraph.pdf>
<classgg_1_1GgQuaternion_ae1e4c3e0920aca13ab3085eea15e576e_cgraph.pdf, id=13951
, 415.5525pt x 138.5175pt>
File: classgg_1_1GgQuaternion_ae1e4c3e0920aca13ab3085eea15e576e_cgraph.pdf Grap
hic file (type pdf)
<use classgg_1_1GgQuaternion_ae1e4c3e0920aca13ab3085eea15e576e_cgraph.pdf>
Package pdftex.def Info: classgg_1_1GgQuaternion_ae1e4c3e0920aca13ab3085eea15e5
76e_cgraph.pdf  used on input line 3000.
(pdftex.def)             Requested size: 350.0pt x 116.67093pt.
 <./classgg_1_1GgQuaternion_aec921491e40e285733f049306c816838_cgraph.pdf>
<classgg_1_1GgQuaternion_aec921491e40e285733f049306c816838_cgraph.pdf, id=13962
, 415.5525pt x 100.375pt>
File: classgg_1_1GgQuaternion_aec921491e40e285733f049306c816838_cgraph.pdf Grap
hic file (type pdf)
<use classgg_1_1GgQuaternion_aec921491e40e285733f049306c816838_cgraph.pdf>
Package pdftex.def Info: classgg_1_1GgQuaternion_aec921491e40e285733f049306c816
838_cgraph.pdf  used on input line 3018.
(pdftex.def)             Requested size: 350.0pt x 84.54414pt.



Package fancyhdr Warning: \headheight is too small (12.0pt): 
(fancyhdr)                Make it at least 12.00003pt, for example:
(fancyhdr)                \setlength{\headheight}{12.00003pt}.
(fancyhdr)                You might also make \topmargin smaller:
(fancyhdr)                \addtolength{\topmargin}{-0.00003pt}.

[255]
> Step: init table outer spec.
> Step: parse table options.
> Step: split table.
> Step: init table inner spec.
> Step: parse table inner spec.
> Step: execute table commands.
> Step: calculate cell and line sizes.
> Step: build the whole table.
> Step: init table outer spec.
> Step: parse table options.
> Step: split table.
> Step: init table inner spec.
> Step: parse table inner spec.
> Step: execute table commands.
> Step: calculate cell and line sizes.
> Step: build the whole table.

Underfull \hbox (badness 10000) detected at line 3034
[][][]
 []

 <./classgg_1_1GgQuaternion_aedf5714476151289c6c41d50c5507c2b_cgraph.pdf>
<classgg_1_1GgQuaternion_aedf5714476151289c6c41d50c5507c2b_cgraph.pdf, id=13982
, 415.5525pt x 100.375pt>
File: classgg_1_1GgQuaternion_aedf5714476151289c6c41d50c5507c2b_cgraph.pdf Grap
hic file (type pdf)
<use classgg_1_1GgQuaternion_aedf5714476151289c6c41d50c5507c2b_cgraph.pdf>
Package pdftex.def Info: classgg_1_1GgQuaternion_aedf5714476151289c6c41d50c5507
c2b_cgraph.pdf  used on input line 3042.
(pdftex.def)             Requested size: 350.0pt x 84.54414pt.
> Step: init table outer spec.
> Step: parse table options.
> Step: split table.
> Step: init table inner spec.
> Step: parse table inner spec.
> Step: execute table commands.
> Step: calculate cell and line sizes.
> Step: build the whole table.
> Step: init table outer spec.
> Step: parse table options.
> Step: split table.
> Step: init table inner spec.
> Step: parse table inner spec.
> Step: execute table commands.
> Step: calculate cell and line sizes.
> Step: build the whole table.

Underfull \hbox (badness 10000) detected at line 3058
[][][]
 []

 <./classgg_1_1GgQuaternion_a95b9078ffd6b9724aff62e9628f09b4c_cgraph.pdf>
<classgg_1_1GgQuaternion_a95b9078ffd6b9724aff62e9628f09b4c_cgraph.pdf, id=13993
, 741.77126pt x 157.58875pt>
File: classgg_1_1GgQuaternion_a95b9078ffd6b9724aff62e9628f09b4c_cgraph.pdf Grap
hic file (type pdf)
<use classgg_1_1GgQuaternion_a95b9078ffd6b9724aff62e9628f09b4c_cgraph.pdf>
Package pdftex.def Info: classgg_1_1GgQuaternion_a95b9078ffd6b9724aff62e9628f09
b4c_cgraph.pdf  used on input line 3070.
(pdftex.def)             Requested size: 350.0pt x 74.35767pt.



Package fancyhdr Warning: \headheight is too small (12.0pt): 
(fancyhdr)                Make it at least 12.00003pt, for example:
(fancyhdr)                \setlength{\headheight}{12.00003pt}.
(fancyhdr)                You might also make \topmargin smaller:
(fancyhdr)                \addtolength{\topmargin}{-0.00003pt}.

[256]
> Step: init table outer spec.
> Step: parse table options.
> Step: split table.
> Step: init table inner spec.
> Step: parse table inner spec.
> Step: execute table commands.
> Step: calculate cell and line sizes.
> Step: build the whole table.
> Step: init table outer spec.
> Step: parse table options.
> Step: split table.
> Step: init table inner spec.
> Step: parse table inner spec.
> Step: execute table commands.
> Step: calculate cell and line sizes.
> Step: build the whole table.

Underfull \hbox (badness 10000) detected at line 3088
[][][]
 []

 <./classgg_1_1GgQuaternion_a76e923f92644fa559d24040ff994ea08_cgraph.pdf>
<classgg_1_1GgQuaternion_a76e923f92644fa559d24040ff994ea08_cgraph.pdf, id=14013
, 741.77126pt x 157.58875pt>
File: classgg_1_1GgQuaternion_a76e923f92644fa559d24040ff994ea08_cgraph.pdf Grap
hic file (type pdf)
<use classgg_1_1GgQuaternion_a76e923f92644fa559d24040ff994ea08_cgraph.pdf>
Package pdftex.def Info: classgg_1_1GgQuaternion_a76e923f92644fa559d24040ff994e
a08_cgraph.pdf  used on input line 3100.
(pdftex.def)             Requested size: 350.0pt x 74.35767pt.
> Step: init table outer spec.
> Step: parse table options.
> Step: split table.
> Step: init table inner spec.
> Step: parse table inner spec.
> Step: execute table commands.
> Step: calculate cell and line sizes.
> Step: build the whole table.
> Step: init table outer spec.
> Step: parse table options.
> Step: split table.
> Step: init table inner spec.
> Step: parse table inner spec.
> Step: execute table commands.
> Step: calculate cell and line sizes.
> Step: build the whole table.



Package fancyhdr Warning: \headheight is too small (12.0pt): 
(fancyhdr)                Make it at least 12.00003pt, for example:
(fancyhdr)                \setlength{\headheight}{12.00003pt}.
(fancyhdr)                You might also make \topmargin smaller:
(fancyhdr)                \addtolength{\topmargin}{-0.00003pt}.

[257]
Underfull \hbox (badness 10000) detected at line 3122
[][][]
 []

 <./classgg_1_1GgQuaternion_ab0bf5792aa2d8f141e90a0f37ea2ff2a_cgraph.pdf>
<classgg_1_1GgQuaternion_ab0bf5792aa2d8f141e90a0f37ea2ff2a_cgraph.pdf, id=14037
, 582.175pt x 119.44624pt>
File: classgg_1_1GgQuaternion_ab0bf5792aa2d8f141e90a0f37ea2ff2a_cgraph.pdf Grap
hic file (type pdf)
<use classgg_1_1GgQuaternion_ab0bf5792aa2d8f141e90a0f37ea2ff2a_cgraph.pdf>
Package pdftex.def Info: classgg_1_1GgQuaternion_ab0bf5792aa2d8f141e90a0f37ea2f
f2a_cgraph.pdf  used on input line 3134.
(pdftex.def)             Requested size: 350.0pt x 71.81227pt.
 <./classgg_1_1GgQuaternion_ab0bf5792aa2d8f141e90a0f37ea2ff2a_icgraph.pdf>
<classgg_1_1GgQuaternion_ab0bf5792aa2d8f141e90a0f37ea2ff2a_icgraph.pdf, id=1404
5, 370.38374pt x 252.945pt>
File: classgg_1_1GgQuaternion_ab0bf5792aa2d8f141e90a0f37ea2ff2a_icgraph.pdf Gra
phic file (type pdf)
<use classgg_1_1GgQuaternion_ab0bf5792aa2d8f141e90a0f37ea2ff2a_icgraph.pdf>
Package pdftex.def Info: classgg_1_1GgQuaternion_ab0bf5792aa2d8f141e90a0f37ea2f
f2a_icgraph.pdf  used on input line 3142.
(pdftex.def)             Requested size: 350.0pt x 239.02657pt.
> Step: init table outer spec.
> Step: parse table options.
> Step: split table.
> Step: init table inner spec.
> Step: parse table inner spec.
> Step: execute table commands.
> Step: calculate cell and line sizes.
> Step: build the whole table.
> Step: init table outer spec.
> Step: parse table options.
> Step: split table.
> Step: init table inner spec.
> Step: parse table inner spec.
> Step: execute table commands.
> Step: calculate cell and line sizes.
> Step: build the whole table.



Package fancyhdr Warning: \headheight is too small (12.0pt): 
(fancyhdr)                Make it at least 12.00003pt, for example:
(fancyhdr)                \setlength{\headheight}{12.00003pt}.
(fancyhdr)                You might also make \topmargin smaller:
(fancyhdr)                \addtolength{\topmargin}{-0.00003pt}.

[258]
Underfull \hbox (badness 10000) detected at line 3158
[][][]
 []

 <./classgg_1_1GgQuaternion_ab9eaade499ecbc3a8de7dea494f3b7c6_cgraph.pdf>
<classgg_1_1GgQuaternion_ab9eaade499ecbc3a8de7dea494f3b7c6_cgraph.pdf, id=14065
, 748.7975pt x 157.58875pt>
File: classgg_1_1GgQuaternion_ab9eaade499ecbc3a8de7dea494f3b7c6_cgraph.pdf Grap
hic file (type pdf)
<use classgg_1_1GgQuaternion_ab9eaade499ecbc3a8de7dea494f3b7c6_cgraph.pdf>
Package pdftex.def Info: classgg_1_1GgQuaternion_ab9eaade499ecbc3a8de7dea494f3b
7c6_cgraph.pdf  used on input line 3170.
(pdftex.def)             Requested size: 350.0pt x 73.66032pt.
> Step: init table outer spec.
> Step: parse table options.
> Step: split table.
> Step: init table inner spec.
> Step: parse table inner spec.
> Step: execute table commands.
> Step: calculate cell and line sizes.
> Step: build the whole table.
> Step: init table outer spec.
> Step: parse table options.
> Step: split table.
> Step: init table inner spec.
> Step: parse table inner spec.
> Step: execute table commands.
> Step: calculate cell and line sizes.
> Step: build the whole table.

Underfull \hbox (badness 10000) detected at line 3186
[][][]
 []

 <./classgg_1_1GgQuaternion_a014d3ef2b47e5981860388ef3119077a_cgraph.pdf>
<classgg_1_1GgQuaternion_a014d3ef2b47e5981860388ef3119077a_cgraph.pdf, id=14076
, 748.7975pt x 157.58875pt>
File: classgg_1_1GgQuaternion_a014d3ef2b47e5981860388ef3119077a_cgraph.pdf Grap
hic file (type pdf)
<use classgg_1_1GgQuaternion_a014d3ef2b47e5981860388ef3119077a_cgraph.pdf>
Package pdftex.def Info: classgg_1_1GgQuaternion_a014d3ef2b47e5981860388ef31190
77a_cgraph.pdf  used on input line 3198.
(pdftex.def)             Requested size: 350.0pt x 73.66032pt.
> Step: init table outer spec.
> Step: parse table options.
> Step: split table.
> Step: init table inner spec.
> Step: parse table inner spec.
> Step: execute table commands.
> Step: calculate cell and line sizes.
> Step: build the whole table.
> Step: init table outer spec.
> Step: parse table options.
> Step: split table.
> Step: init table inner spec.
> Step: parse table inner spec.
> Step: execute table commands.
> Step: calculate cell and line sizes.
> Step: build the whole table.

Underfull \hbox (badness 10000) detected at line 3214
[][][]
 []

 <./classgg_1_1GgQuaternion_a5640308c334e9de115adc573ac33f3ce_cgraph.pdf>
<classgg_1_1GgQuaternion_a5640308c334e9de115adc573ac33f3ce_cgraph.pdf, id=14087
, 747.79375pt x 157.58875pt>
File: classgg_1_1GgQuaternion_a5640308c334e9de115adc573ac33f3ce_cgraph.pdf Grap
hic file (type pdf)
<use classgg_1_1GgQuaternion_a5640308c334e9de115adc573ac33f3ce_cgraph.pdf>
Package pdftex.def Info: classgg_1_1GgQuaternion_a5640308c334e9de115adc573ac33f
3ce_cgraph.pdf  used on input line 3226.
(pdftex.def)             Requested size: 350.0pt x 73.75891pt.



Package fancyhdr Warning: \headheight is too small (12.0pt): 
(fancyhdr)                Make it at least 12.00003pt, for example:
(fancyhdr)                \setlength{\headheight}{12.00003pt}.
(fancyhdr)                You might also make \topmargin smaller:
(fancyhdr)                \addtolength{\topmargin}{-0.00003pt}.

[259]
> Step: init table outer spec.
> Step: parse table options.
> Step: split table.
> Step: init table inner spec.
> Step: parse table inner spec.
> Step: execute table commands.
> Step: calculate cell and line sizes.
> Step: build the whole table.
> Step: init table outer spec.
> Step: parse table options.
> Step: split table.
> Step: init table inner spec.
> Step: parse table inner spec.
> Step: execute table commands.
> Step: calculate cell and line sizes.
> Step: build the whole table.

Underfull \hbox (badness 10000) detected at line 3244
[][][]
 []

 <./classgg_1_1GgQuaternion_af5e931d94ea34b3c63d79b081e594b95_cgraph.pdf>
<classgg_1_1GgQuaternion_af5e931d94ea34b3c63d79b081e594b95_cgraph.pdf, id=14116
, 395.4775pt x 100.375pt>
File: classgg_1_1GgQuaternion_af5e931d94ea34b3c63d79b081e594b95_cgraph.pdf Grap
hic file (type pdf)
<use classgg_1_1GgQuaternion_af5e931d94ea34b3c63d79b081e594b95_cgraph.pdf>
Package pdftex.def Info: classgg_1_1GgQuaternion_af5e931d94ea34b3c63d79b081e594
b95_cgraph.pdf  used on input line 3256.
(pdftex.def)             Requested size: 350.0pt x 88.83415pt.
> Step: init table outer spec.
> Step: parse table options.
> Step: split table.
> Step: init table inner spec.
> Step: parse table inner spec.
> Step: execute table commands.
> Step: calculate cell and line sizes.
> Step: build the whole table.
> Step: init table outer spec.
> Step: parse table options.
> Step: split table.
> Step: init table inner spec.
> Step: parse table inner spec.
> Step: execute table commands.
> Step: calculate cell and line sizes.
> Step: build the whole table.



Package fancyhdr Warning: \headheight is too small (12.0pt): 
(fancyhdr)                Make it at least 12.00003pt, for example:
(fancyhdr)                \setlength{\headheight}{12.00003pt}.
(fancyhdr)                You might also make \topmargin smaller:
(fancyhdr)                \addtolength{\topmargin}{-0.00003pt}.

[260]
Underfull \hbox (badness 10000) detected at line 3274
[][][]
 []

 <./classgg_1_1GgQuaternion_ae87cd428f7803b83a0ef4f1464128a2d_cgraph.pdf>
<classgg_1_1GgQuaternion_ae87cd428f7803b83a0ef4f1464128a2d_cgraph.pdf, id=14139
, 395.4775pt x 100.375pt>
File: classgg_1_1GgQuaternion_ae87cd428f7803b83a0ef4f1464128a2d_cgraph.pdf Grap
hic file (type pdf)
<use classgg_1_1GgQuaternion_ae87cd428f7803b83a0ef4f1464128a2d_cgraph.pdf>
Package pdftex.def Info: classgg_1_1GgQuaternion_ae87cd428f7803b83a0ef4f1464128
a2d_cgraph.pdf  used on input line 3286.
(pdftex.def)             Requested size: 350.0pt x 88.83415pt.
> Step: init table outer spec.
> Step: parse table options.
> Step: split table.
> Step: init table inner spec.
> Step: parse table inner spec.
> Step: execute table commands.
> Step: calculate cell and line sizes.
> Step: build the whole table.
> Step: init table outer spec.
> Step: parse table options.
> Step: split table.
> Step: init table inner spec.
> Step: parse table inner spec.
> Step: execute table commands.
> Step: calculate cell and line sizes.
> Step: build the whole table.

Underfull \hbox (badness 10000) detected at line 3302
[][][]
 []

 <./classgg_1_1GgQuaternion_a5a6d9fdec45ba96a6226b9a5a9e145b8_cgraph.pdf>
<classgg_1_1GgQuaternion_a5a6d9fdec45ba96a6226b9a5a9e145b8_cgraph.pdf, id=14157
, 769.87625pt x 157.58875pt>
File: classgg_1_1GgQuaternion_a5a6d9fdec45ba96a6226b9a5a9e145b8_cgraph.pdf Grap
hic file (type pdf)
<use classgg_1_1GgQuaternion_a5a6d9fdec45ba96a6226b9a5a9e145b8_cgraph.pdf>
Package pdftex.def Info: classgg_1_1GgQuaternion_a5a6d9fdec45ba96a6226b9a5a9e14
5b8_cgraph.pdf  used on input line 3314.
(pdftex.def)             Requested size: 350.0pt x 71.64526pt.
> Step: init table outer spec.
> Step: parse table options.
> Step: split table.
> Step: init table inner spec.
> Step: parse table inner spec.
> Step: execute table commands.
> Step: calculate cell and line sizes.
> Step: build the whole table.
> Step: init table outer spec.
> Step: parse table options.
> Step: split table.
> Step: init table inner spec.
> Step: parse table inner spec.
> Step: execute table commands.
> Step: calculate cell and line sizes.
> Step: build the whole table.

Underfull \hbox (badness 10000) detected at line 3330
[][][]
 []

 <./classgg_1_1GgQuaternion_ac9508f66048530280e06759e80625c44_cgraph.pdf>
<classgg_1_1GgQuaternion_ac9508f66048530280e06759e80625c44_cgraph.pdf, id=14175
, 769.87625pt x 152.57pt>
File: classgg_1_1GgQuaternion_ac9508f66048530280e06759e80625c44_cgraph.pdf Grap
hic file (type pdf)
<use classgg_1_1GgQuaternion_ac9508f66048530280e06759e80625c44_cgraph.pdf>
Package pdftex.def Info: classgg_1_1GgQuaternion_ac9508f66048530280e06759e80625
c44_cgraph.pdf  used on input line 3342.
(pdftex.def)             Requested size: 350.0pt x 69.36359pt.



Package fancyhdr Warning: \headheight is too small (12.0pt): 
(fancyhdr)                Make it at least 12.00003pt, for example:
(fancyhdr)                \setlength{\headheight}{12.00003pt}.
(fancyhdr)                You might also make \topmargin smaller:
(fancyhdr)                \addtolength{\topmargin}{-0.00003pt}.

[261]
> Step: init table outer spec.
> Step: parse table options.
> Step: split table.
> Step: init table inner spec.
> Step: parse table inner spec.
> Step: execute table commands.
> Step: calculate cell and line sizes.
> Step: build the whole table.
> Step: init table outer spec.
> Step: parse table options.
> Step: split table.
> Step: init table inner spec.
> Step: parse table inner spec.
> Step: execute table commands.
> Step: calculate cell and line sizes.
> Step: build the whole table.

Underfull \hbox (badness 10000) detected at line 3358
[][][]
 []

 <./classgg_1_1GgQuaternion_a5240a31507b906e03592a4f6a6ca8f7a_cgraph.pdf>
<classgg_1_1GgQuaternion_a5240a31507b906e03592a4f6a6ca8f7a_cgraph.pdf, id=14197
, 769.87625pt x 157.58875pt>
File: classgg_1_1GgQuaternion_a5240a31507b906e03592a4f6a6ca8f7a_cgraph.pdf Grap
hic file (type pdf)
<use classgg_1_1GgQuaternion_a5240a31507b906e03592a4f6a6ca8f7a_cgraph.pdf>
Package pdftex.def Info: classgg_1_1GgQuaternion_a5240a31507b906e03592a4f6a6ca8
f7a_cgraph.pdf  used on input line 3370.
(pdftex.def)             Requested size: 350.0pt x 71.64526pt.
> Step: init table outer spec.
> Step: parse table options.
> Step: split table.
> Step: init table inner spec.
> Step: parse table inner spec.
> Step: execute table commands.
> Step: calculate cell and line sizes.
> Step: build the whole table.
> Step: init table outer spec.
> Step: parse table options.
> Step: split table.
> Step: init table inner spec.
> Step: parse table inner spec.
> Step: execute table commands.
> Step: calculate cell and line sizes.
> Step: build the whole table.



Package fancyhdr Warning: \headheight is too small (12.0pt): 
(fancyhdr)                Make it at least 12.00003pt, for example:
(fancyhdr)                \setlength{\headheight}{12.00003pt}.
(fancyhdr)                You might also make \topmargin smaller:
(fancyhdr)                \addtolength{\topmargin}{-0.00003pt}.

[262]
Underfull \hbox (badness 10000) detected at line 3392
[][][]
 []

 <./classgg_1_1GgQuaternion_a41eeb50036f7346680b862956a4d4116_cgraph.pdf>
<classgg_1_1GgQuaternion_a41eeb50036f7346680b862956a4d4116_cgraph.pdf, id=14219
, 600.2425pt x 119.44624pt>
File: classgg_1_1GgQuaternion_a41eeb50036f7346680b862956a4d4116_cgraph.pdf Grap
hic file (type pdf)
<use classgg_1_1GgQuaternion_a41eeb50036f7346680b862956a4d4116_cgraph.pdf>
Package pdftex.def Info: classgg_1_1GgQuaternion_a41eeb50036f7346680b862956a4d4
116_cgraph.pdf  used on input line 3404.
(pdftex.def)             Requested size: 350.0pt x 69.65067pt.
 <./classgg_1_1GgQuaternion_a41eeb50036f7346680b862956a4d4116_icgraph.pdf>
<classgg_1_1GgQuaternion_a41eeb50036f7346680b862956a4d4116_icgraph.pdf, id=1422
7, 561.09625pt x 252.945pt>
File: classgg_1_1GgQuaternion_a41eeb50036f7346680b862956a4d4116_icgraph.pdf Gra
phic file (type pdf)
<use classgg_1_1GgQuaternion_a41eeb50036f7346680b862956a4d4116_icgraph.pdf>
Package pdftex.def Info: classgg_1_1GgQuaternion_a41eeb50036f7346680b862956a4d4
116_icgraph.pdf  used on input line 3412.
(pdftex.def)             Requested size: 350.0pt x 157.78146pt.
)
(./classgg_1_1GgShader.tex


Package fancyhdr Warning: \headheight is too small (12.0pt): 
(fancyhdr)                Make it at least 12.00003pt, for example:
(fancyhdr)                \setlength{\headheight}{12.00003pt}.
(fancyhdr)                You might also make \topmargin smaller:
(fancyhdr)                \addtolength{\topmargin}{-0.00003pt}.

[263]
Underfull \hbox (badness 10000) detected at line 33
[][][]
 []

> Step: init table outer spec.
> Step: parse table options.
> Step: split table.
> Step: init table inner spec.
> Step: parse table inner spec.
> Step: execute table commands.
> Step: calculate cell and line sizes.
> Step: build the whole table.
> Step: init table outer spec.
> Step: parse table options.
> Step: split table.
> Step: init table inner spec.
> Step: parse table inner spec.
> Step: execute table commands.
> Step: calculate cell and line sizes.
> Step: build the whole table.
 <./classgg_1_1GgShader_a7908ddf4209c6b17fdb1846c65f1e384_cgraph.pdf>
<classgg_1_1GgShader_a7908ddf4209c6b17fdb1846c65f1e384_cgraph.pdf, id=14271, 47
6.78125pt x 100.375pt>
File: classgg_1_1GgShader_a7908ddf4209c6b17fdb1846c65f1e384_cgraph.pdf Graphic 
file (type pdf)
<use classgg_1_1GgShader_a7908ddf4209c6b17fdb1846c65f1e384_cgraph.pdf>
Package pdftex.def Info: classgg_1_1GgShader_a7908ddf4209c6b17fdb1846c65f1e384_
cgraph.pdf  used on input line 75.
(pdftex.def)             Requested size: 350.0pt x 73.68819pt.
 <./classgg_1_1GgShader_a7908ddf4209c6b17fdb1846c65f1e384_icgraph.pdf>
<classgg_1_1GgShader_a7908ddf4209c6b17fdb1846c65f1e384_icgraph.pdf, id=14280, 3
68.37625pt x 214.8025pt>
File: classgg_1_1GgShader_a7908ddf4209c6b17fdb1846c65f1e384_icgraph.pdf Graphic
 file (type pdf)
<use classgg_1_1GgShader_a7908ddf4209c6b17fdb1846c65f1e384_icgraph.pdf>
Package pdftex.def Info: classgg_1_1GgShader_a7908ddf4209c6b17fdb1846c65f1e384_
icgraph.pdf  used on input line 83.
(pdftex.def)             Requested size: 350.0pt x 204.08415pt.



Package fancyhdr Warning: \headheight is too small (12.0pt): 
(fancyhdr)                Make it at least 12.00003pt, for example:
(fancyhdr)                \setlength{\headheight}{12.00003pt}.
(fancyhdr)                You might also make \topmargin smaller:
(fancyhdr)                \addtolength{\topmargin}{-0.00003pt}.

[264]
> Step: init table outer spec.
> Step: parse table options.
> Step: split table.
> Step: init table inner spec.
> Step: parse table inner spec.
> Step: execute table commands.
> Step: calculate cell and line sizes.
> Step: build the whole table.
> Step: init table outer spec.
> Step: parse table options.
> Step: split table.
> Step: init table inner spec.
> Step: parse table inner spec.
> Step: execute table commands.
> Step: calculate cell and line sizes.
> Step: build the whole table.
 <./classgg_1_1GgShader_a4e1c6570fb96bb96f5d693b55d0e0dac_cgraph.pdf>
<classgg_1_1GgShader_a4e1c6570fb96bb96f5d693b55d0e0dac_cgraph.pdf, id=14300, 63
9.38875pt x 100.375pt>
File: classgg_1_1GgShader_a4e1c6570fb96bb96f5d693b55d0e0dac_cgraph.pdf Graphic 
file (type pdf)
<use classgg_1_1GgShader_a4e1c6570fb96bb96f5d693b55d0e0dac_cgraph.pdf>
Package pdftex.def Info: classgg_1_1GgShader_a4e1c6570fb96bb96f5d693b55d0e0dac_
cgraph.pdf  used on input line 112.
(pdftex.def)             Requested size: 350.0pt x 54.94603pt.
> Step: init table outer spec.
> Step: parse table options.
> Step: split table.
> Step: init table inner spec.
> Step: parse table inner spec.
> Step: execute table commands.
> Step: calculate cell and line sizes.
> Step: build the whole table.
> Step: init table outer spec.
> Step: parse table options.
> Step: split table.
> Step: init table inner spec.
> Step: parse table inner spec.
> Step: execute table commands.
> Step: calculate cell and line sizes.
> Step: build the whole table.
 <./classgg_1_1GgShader_ac771bbf53f285cbaa8f2209fd8ea9850_cgraph.pdf>
<classgg_1_1GgShader_ac771bbf53f285cbaa8f2209fd8ea9850_cgraph.pdf, id=14308, 63
9.38875pt x 100.375pt>
File: classgg_1_1GgShader_ac771bbf53f285cbaa8f2209fd8ea9850_cgraph.pdf Graphic 
file (type pdf)
<use classgg_1_1GgShader_ac771bbf53f285cbaa8f2209fd8ea9850_cgraph.pdf>
Package pdftex.def Info: classgg_1_1GgShader_ac771bbf53f285cbaa8f2209fd8ea9850_
cgraph.pdf  used on input line 133.
(pdftex.def)             Requested size: 350.0pt x 54.94603pt.



Package fancyhdr Warning: \headheight is too small (12.0pt): 
(fancyhdr)                Make it at least 12.00003pt, for example:
(fancyhdr)                \setlength{\headheight}{12.00003pt}.
(fancyhdr)                You might also make \topmargin smaller:
(fancyhdr)                \addtolength{\topmargin}{-0.00003pt}.

[265]
> Step: init table outer spec.
> Step: parse table options.
> Step: split table.
> Step: init table inner spec.
> Step: parse table inner spec.
> Step: execute table commands.
> Step: calculate cell and line sizes.
> Step: build the whole table.
> Step: init table outer spec.
> Step: parse table options.
> Step: split table.
> Step: init table inner spec.
> Step: parse table inner spec.
> Step: execute table commands.
> Step: calculate cell and line sizes.
> Step: build the whole table.
 <./classgg_1_1GgShader_a60ea9fb2b075df815639abd4ccccb9ff_cgraph.pdf>
<classgg_1_1GgShader_a60ea9fb2b075df815639abd4ccccb9ff_cgraph.pdf, id=14326, 63
9.38875pt x 100.375pt>
File: classgg_1_1GgShader_a60ea9fb2b075df815639abd4ccccb9ff_cgraph.pdf Graphic 
file (type pdf)
<use classgg_1_1GgShader_a60ea9fb2b075df815639abd4ccccb9ff_cgraph.pdf>
Package pdftex.def Info: classgg_1_1GgShader_a60ea9fb2b075df815639abd4ccccb9ff_
cgraph.pdf  used on input line 154.
(pdftex.def)             Requested size: 350.0pt x 54.94603pt.

Underfull \hbox (badness 10000) detected at line 180
[][][]
 []

> Step: init table outer spec.
> Step: parse table options.
> Step: split table.
> Step: init table inner spec.
> Step: parse table inner spec.
> Step: execute table commands.
> Step: calculate cell and line sizes.
> Step: build the whole table.
> Step: init table outer spec.
> Step: parse table options.
> Step: split table.
> Step: init table inner spec.
> Step: parse table inner spec.
> Step: execute table commands.
> Step: calculate cell and line sizes.
> Step: build the whole table.



Package fancyhdr Warning: \headheight is too small (12.0pt): 
(fancyhdr)                Make it at least 12.00003pt, for example:
(fancyhdr)                \setlength{\headheight}{12.00003pt}.
(fancyhdr)                You might also make \topmargin smaller:
(fancyhdr)                \addtolength{\topmargin}{-0.00003pt}.

[266]
Underfull \hbox (badness 10000) detected at line 200
[][][]
 []

 <./classgg_1_1GgShader_a44733c5464ecf1fb28c8ccd663589d6c_cgraph.pdf>
<classgg_1_1GgShader_a44733c5464ecf1fb28c8ccd663589d6c_cgraph.pdf, id=14352, 63
7.38126pt x 100.375pt>
File: classgg_1_1GgShader_a44733c5464ecf1fb28c8ccd663589d6c_cgraph.pdf Graphic 
file (type pdf)
<use classgg_1_1GgShader_a44733c5464ecf1fb28c8ccd663589d6c_cgraph.pdf>
Package pdftex.def Info: classgg_1_1GgShader_a44733c5464ecf1fb28c8ccd663589d6c_
cgraph.pdf  used on input line 208.
(pdftex.def)             Requested size: 350.0pt x 55.11757pt.
)
(./classgg_1_1GgShape.tex <./classgg_1_1GgShape__inherit__graph.pdf>
<classgg_1_1GgShape__inherit__graph.pdf, id=14365, 257.96375pt x 212.795pt>
File: classgg_1_1GgShape__inherit__graph.pdf Graphic file (type pdf)
<use classgg_1_1GgShape__inherit__graph.pdf>
Package pdftex.def Info: classgg_1_1GgShape__inherit__graph.pdf  used on input 
line 14.
(pdftex.def)             Requested size: 257.0pt x 212.01843pt.



Package fancyhdr Warning: \headheight is too small (12.0pt): 
(fancyhdr)                Make it at least 12.00003pt, for example:
(fancyhdr)                \setlength{\headheight}{12.00003pt}.
(fancyhdr)                You might also make \topmargin smaller:
(fancyhdr)                \addtolength{\topmargin}{-0.00003pt}.

[267]
Underfull \hbox (badness 10000) detected at line 41
[][][]
 []

> Step: init table outer spec.
> Step: parse table options.
> Step: split table.
> Step: init table inner spec.
> Step: parse table inner spec.
> Step: execute table commands.
> Step: calculate cell and line sizes.
> Step: build the whole table.
> Step: init table outer spec.
> Step: parse table options.
> Step: split table.
> Step: init table inner spec.
> Step: parse table inner spec.
> Step: execute table commands.
> Step: calculate cell and line sizes.
> Step: build the whole table.
 <./classgg_1_1GgShape_a7e018d9755385e742455d011f2d9a685_icgraph.pdf>
<classgg_1_1GgShape_a7e018d9755385e742455d011f2d9a685_icgraph.pdf, id=14396, 74
6.79pt x 176.66pt>
File: classgg_1_1GgShape_a7e018d9755385e742455d011f2d9a685_icgraph.pdf Graphic 
file (type pdf)
<use classgg_1_1GgShape_a7e018d9755385e742455d011f2d9a685_icgraph.pdf>
Package pdftex.def Info: classgg_1_1GgShape_a7e018d9755385e742455d011f2d9a685_i
cgraph.pdf  used on input line 75.
(pdftex.def)             Requested size: 350.0pt x 82.79568pt.
> Step: init table outer spec.
> Step: parse table options.
> Step: split table.
> Step: init table inner spec.
> Step: parse table inner spec.
> Step: execute table commands.
> Step: calculate cell and line sizes.
> Step: build the whole table.
> Step: init table outer spec.
> Step: parse table options.
> Step: split table.
> Step: init table inner spec.
> Step: parse table inner spec.
> Step: execute table commands.
> Step: calculate cell and line sizes.
> Step: build the whole table.



Package fancyhdr Warning: \headheight is too small (12.0pt): 
(fancyhdr)                Make it at least 12.00003pt, for example:
(fancyhdr)                \setlength{\headheight}{12.00003pt}.
(fancyhdr)                You might also make \topmargin smaller:
(fancyhdr)                \addtolength{\topmargin}{-0.00003pt}.

[268] <./classgg_1_1GgShape_adf1b1da86a75b4c74dddf6194e615f6d_icgraph.pdf>
<classgg_1_1GgShape_adf1b1da86a75b4c74dddf6194e615f6d_icgraph.pdf, id=14424, 33
1.2375pt x 176.66pt>
File: classgg_1_1GgShape_adf1b1da86a75b4c74dddf6194e615f6d_icgraph.pdf Graphic 
file (type pdf)
<use classgg_1_1GgShape_adf1b1da86a75b4c74dddf6194e615f6d_icgraph.pdf>
Package pdftex.def Info: classgg_1_1GgShape_adf1b1da86a75b4c74dddf6194e615f6d_i
cgraph.pdf  used on input line 121.
(pdftex.def)             Requested size: 330.0pt x 176.00722pt.

Underfull \hbox (badness 10000) detected at line 132
[][][]
 []

 <./classgg_1_1GgShape_ab49c0caf80cc1154aaa442704abc561d_icgraph.pdf>
<classgg_1_1GgShape_ab49c0caf80cc1154aaa442704abc561d_icgraph.pdf, id=14434, 31
9.1925pt x 100.375pt>
File: classgg_1_1GgShape_ab49c0caf80cc1154aaa442704abc561d_icgraph.pdf Graphic 
file (type pdf)
<use classgg_1_1GgShape_ab49c0caf80cc1154aaa442704abc561d_icgraph.pdf>
Package pdftex.def Info: classgg_1_1GgShape_ab49c0caf80cc1154aaa442704abc561d_i
cgraph.pdf  used on input line 144.
(pdftex.def)             Requested size: 318.0pt x 100.00102pt.

Underfull \hbox (badness 10000) detected at line 155
[][][]
 []

 <./classgg_1_1GgShape_a860e6671d9d80295599ed2cf9f2449bc_icgraph.pdf>
<classgg_1_1GgShape_a860e6671d9d80295599ed2cf9f2449bc_icgraph.pdf, id=14444, 34
7.2975pt x 176.66pt>
File: classgg_1_1GgShape_a860e6671d9d80295599ed2cf9f2449bc_icgraph.pdf Graphic 
file (type pdf)
<use classgg_1_1GgShape_a860e6671d9d80295599ed2cf9f2449bc_icgraph.pdf>
Package pdftex.def Info: classgg_1_1GgShape_a860e6671d9d80295599ed2cf9f2449bc_i
cgraph.pdf  used on input line 167.
(pdftex.def)             Requested size: 346.0pt x 176.00722pt.



Package fancyhdr Warning: \headheight is too small (12.0pt): 
(fancyhdr)                Make it at least 12.00003pt, for example:
(fancyhdr)                \setlength{\headheight}{12.00003pt}.
(fancyhdr)                You might also make \topmargin smaller:
(fancyhdr)                \addtolength{\topmargin}{-0.00003pt}.

[269]
Underfull \hbox (badness 10000) detected at line 178
[][][]
 []


Underfull \hbox (badness 10000) detected at line 197
[][][]
 []

> Step: init table outer spec.
> Step: parse table options.
> Step: split table.
> Step: init table inner spec.
> Step: parse table inner spec.
> Step: execute table commands.
> Step: calculate cell and line sizes.
> Step: build the whole table.
> Step: init table outer spec.
> Step: parse table options.
> Step: split table.
> Step: init table inner spec.
> Step: parse table inner spec.
> Step: execute table commands.
> Step: calculate cell and line sizes.
> Step: build the whole table.
) (./classgg_1_1GgSimpleObj.tex


Package fancyhdr Warning: \headheight is too small (12.0pt): 
(fancyhdr)                Make it at least 12.00003pt, for example:
(fancyhdr)                \setlength{\headheight}{12.00003pt}.
(fancyhdr)                You might also make \topmargin smaller:
(fancyhdr)                \addtolength{\topmargin}{-0.00003pt}.

[270]
> Step: init table outer spec.
> Step: parse table options.
> Step: split table.
> Step: init table inner spec.
> Step: parse table inner spec.
> Step: execute table commands.
> Step: calculate cell and line sizes.
> Step: build the whole table.
> Step: init table outer spec.
> Step: parse table options.
> Step: split table.
> Step: init table inner spec.
> Step: parse table inner spec.
> Step: execute table commands.
> Step: calculate cell and line sizes.
> Step: build the whole table.
 <./classgg_1_1GgSimpleObj_a1c0520c2ec7c7edb38550aae324c0cd6_cgraph.pdf>
<classgg_1_1GgSimpleObj_a1c0520c2ec7c7edb38550aae324c0cd6_cgraph.pdf, id=14493,
 380.42125pt x 100.375pt>
File: classgg_1_1GgSimpleObj_a1c0520c2ec7c7edb38550aae324c0cd6_cgraph.pdf Graph
ic file (type pdf)
<use classgg_1_1GgSimpleObj_a1c0520c2ec7c7edb38550aae324c0cd6_cgraph.pdf>
Package pdftex.def Info: classgg_1_1GgSimpleObj_a1c0520c2ec7c7edb38550aae324c0c
d6_cgraph.pdf  used on input line 58.
(pdftex.def)             Requested size: 350.0pt x 92.3507pt.



Package fancyhdr Warning: \headheight is too small (12.0pt): 
(fancyhdr)                Make it at least 12.00003pt, for example:
(fancyhdr)                \setlength{\headheight}{12.00003pt}.
(fancyhdr)                You might also make \topmargin smaller:
(fancyhdr)                \addtolength{\topmargin}{-0.00003pt}.

[271]
> Step: init table outer spec.
> Step: parse table options.
> Step: split table.
> Step: init table inner spec.
> Step: parse table inner spec.
> Step: execute table commands.
> Step: calculate cell and line sizes.
> Step: build the whole table.
> Step: init table outer spec.
> Step: parse table options.
> Step: split table.
> Step: init table inner spec.
> Step: parse table inner spec.
> Step: execute table commands.
> Step: calculate cell and line sizes.
> Step: build the whole table.

Underfull \hbox (badness 10000) detected at line 107
[][][]
 []

 <./classgg_1_1GgSimpleObj_a3430f6cd39786c49cc3270afaba9a890_cgraph.pdf>
<classgg_1_1GgSimpleObj_a3430f6cd39786c49cc3270afaba9a890_cgraph.pdf, id=14529,
 319.1925pt x 100.375pt>
File: classgg_1_1GgSimpleObj_a3430f6cd39786c49cc3270afaba9a890_cgraph.pdf Graph
ic file (type pdf)
<use classgg_1_1GgSimpleObj_a3430f6cd39786c49cc3270afaba9a890_cgraph.pdf>
Package pdftex.def Info: classgg_1_1GgSimpleObj_a3430f6cd39786c49cc3270afaba9a8
90_cgraph.pdf  used on input line 119.
(pdftex.def)             Requested size: 318.0pt x 100.00102pt.

Underfull \hbox (badness 10000) detected at line 130
[][][]
 []


Underfull \hbox (badness 10000) detected at line 145
[][][]
 []

) (./classgg_1_1GgSimpleShader.tex


Package fancyhdr Warning: \headheight is too small (12.0pt): 
(fancyhdr)                Make it at least 12.00003pt, for example:
(fancyhdr)                \setlength{\headheight}{12.00003pt}.
(fancyhdr)                You might also make \topmargin smaller:
(fancyhdr)                \addtolength{\topmargin}{-0.00003pt}.

[272] <./classgg_1_1GgSimpleShader__inherit__graph.pdf>
<classgg_1_1GgSimpleShader__inherit__graph.pdf, id=14554, 186.6975pt x 156.585p
t>
File: classgg_1_1GgSimpleShader__inherit__graph.pdf Graphic file (type pdf)
<use classgg_1_1GgSimpleShader__inherit__graph.pdf>
Package pdftex.def Info: classgg_1_1GgSimpleShader__inherit__graph.pdf  used on
 input line 14.
(pdftex.def)             Requested size: 186.0pt x 156.0064pt.
 <./classgg_1_1GgSimpleShader__coll__graph.pdf>
<classgg_1_1GgSimpleShader__coll__graph.pdf, id=14562, 186.6975pt x 156.585pt>
File: classgg_1_1GgSimpleShader__coll__graph.pdf Graphic file (type pdf)
<use classgg_1_1GgSimpleShader__coll__graph.pdf>
Package pdftex.def Info: classgg_1_1GgSimpleShader__coll__graph.pdf  used on in
put line 24.
(pdftex.def)             Requested size: 186.0pt x 156.0064pt.

Underfull \hbox (badness 2635) in paragraph at lines 45--47
[][] \OT1/phv/m/n/10 (const std[]::array$\OML/cmm/m/it/10 <$ \OT1/phv/m/n/10 st
d[]::string, 3 $\OML/cmm/m/it/10 >$ \OT1/phv/m/n/10 &files, GLint nvary-ing=0, 
const char $\OMS/cmsy/m/n/10 ^^C$\OT1/phv/m/n/10 const
 []




Package fancyhdr Warning: \headheight is too small (12.0pt): 
(fancyhdr)                Make it at least 12.00003pt, for example:
(fancyhdr)                \setlength{\headheight}{12.00003pt}.
(fancyhdr)                You might also make \topmargin smaller:
(fancyhdr)                \addtolength{\topmargin}{-0.00003pt}.

[273] <./classgg_1_1GgSimpleShader_a3b01a2498e26aad446c5bb58271d3f51_cgraph.pdf
>
<classgg_1_1GgSimpleShader_a3b01a2498e26aad446c5bb58271d3f51_cgraph.pdf, id=146
73, 328.22626pt x 112.42pt>
File: classgg_1_1GgSimpleShader_a3b01a2498e26aad446c5bb58271d3f51_cgraph.pdf Gr
aphic file (type pdf)
<use classgg_1_1GgSimpleShader_a3b01a2498e26aad446c5bb58271d3f51_cgraph.pdf>
Package pdftex.def Info: classgg_1_1GgSimpleShader_a3b01a2498e26aad446c5bb58271
d3f51_cgraph.pdf  used on input line 157.
(pdftex.def)             Requested size: 327.0pt x 112.00116pt.


LaTeX Font Info:    Font shape `OT1/phv/m/n' will be
(Font)              scaled to size 8.99994pt on input line 160.
LaTeX Font Info:    Font shape `OT1/phv/m/n' will be
(Font)              scaled to size 8.99994pt on input line 160.
LaTeX Font Info:    Font shape `OT1/phv/m/n' will be
(Font)              scaled to size 8.99994pt on input line 160.
LaTeX Font Info:    Font shape `OT1/phv/b/n' will be
(Font)              scaled to size 8.99994pt on input line 160.
LaTeX Font Info:    Font shape `OT1/phv/b/n' will be
(Font)              scaled to size 8.99994pt on input line 160.

Package fancyhdr Warning: \headheight is too small (12.0pt): 
(fancyhdr)                Make it at least 12.00003pt, for example:
(fancyhdr)                \setlength{\headheight}{12.00003pt}.
(fancyhdr)                You might also make \topmargin smaller:
(fancyhdr)                \addtolength{\topmargin}{-0.00003pt}.

LaTeX Font Info:    Font shape `OT1/phv/m/n' will be
(Font)              scaled to size 8.99994pt on input line 160.
LaTeX Font Info:    Font shape `OT1/phv/b/n' will be
(Font)              scaled to size 8.99994pt on input line 160.
LaTeX Font Info:    Font shape `OT1/phv/b/n' will be
(Font)              scaled to size 6.29996pt on input line 160.
LaTeX Font Info:    Font shape `OT1/phv/b/n' will be
(Font)              scaled to size 6.29996pt on input line 160.
[274] <./classgg_1_1GgSimpleShader_a3b01a2498e26aad446c5bb58271d3f51_icgraph.pd
f>
<classgg_1_1GgSimpleShader_a3b01a2498e26aad446c5bb58271d3f51_icgraph.pdf, id=14
705, 329.23pt x 212.795pt>
File: classgg_1_1GgSimpleShader_a3b01a2498e26aad446c5bb58271d3f51_icgraph.pdf G
raphic file (type pdf)
<use classgg_1_1GgSimpleShader_a3b01a2498e26aad446c5bb58271d3f51_icgraph.pdf>
Package pdftex.def Info: classgg_1_1GgSimpleShader_a3b01a2498e26aad446c5bb58271
d3f51_icgraph.pdf  used on input line 165.
(pdftex.def)             Requested size: 328.0pt x 212.00543pt.
> Step: init table outer spec.
> Step: parse table options.
> Step: split table.
> Step: init table inner spec.
> Step: parse table inner spec.
> Step: execute table commands.
> Step: calculate cell and line sizes.
> Step: build the whole table.
> Step: init table outer spec.
> Step: parse table options.
> Step: split table.
> Step: init table inner spec.
> Step: parse table inner spec.
> Step: execute table commands.
> Step: calculate cell and line sizes.
> Step: build the whole table.
 <./classgg_1_1GgSimpleShader_aa2f7e9245042f1adbc6ddd6c834022ef_cgraph.pdf>
<classgg_1_1GgSimpleShader_aa2f7e9245042f1adbc6ddd6c834022ef_cgraph.pdf, id=147
15, 488.82625pt x 138.5175pt>
File: classgg_1_1GgSimpleShader_aa2f7e9245042f1adbc6ddd6c834022ef_cgraph.pdf Gr
aphic file (type pdf)
<use classgg_1_1GgSimpleShader_aa2f7e9245042f1adbc6ddd6c834022ef_cgraph.pdf>
Package pdftex.def Info: classgg_1_1GgSimpleShader_aa2f7e9245042f1adbc6ddd6c834
022ef_cgraph.pdf  used on input line 198.
(pdftex.def)             Requested size: 350.0pt x 99.18086pt.



Package fancyhdr Warning: \headheight is too small (12.0pt): 
(fancyhdr)                Make it at least 12.00003pt, for example:
(fancyhdr)                \setlength{\headheight}{12.00003pt}.
(fancyhdr)                You might also make \topmargin smaller:
(fancyhdr)                \addtolength{\topmargin}{-0.00003pt}.

[275]
> Step: init table outer spec.
> Step: parse table options.
> Step: split table.
> Step: init table inner spec.
> Step: parse table inner spec.
> Step: execute table commands.
> Step: calculate cell and line sizes.
> Step: build the whole table.
> Step: init table outer spec.
> Step: parse table options.
> Step: split table.
> Step: init table inner spec.
> Step: parse table inner spec.
> Step: execute table commands.
> Step: calculate cell and line sizes.
> Step: build the whole table.
 <./classgg_1_1GgSimpleShader_a675eefb012d78801954308a655682a2c_cgraph.pdf>
<classgg_1_1GgSimpleShader_a675eefb012d78801954308a655682a2c_cgraph.pdf, id=147
36, 470.75874pt x 112.42pt>
File: classgg_1_1GgSimpleShader_a675eefb012d78801954308a655682a2c_cgraph.pdf Gr
aphic file (type pdf)
<use classgg_1_1GgSimpleShader_a675eefb012d78801954308a655682a2c_cgraph.pdf>
Package pdftex.def Info: classgg_1_1GgSimpleShader_a675eefb012d78801954308a6556
82a2c_cgraph.pdf  used on input line 227.
(pdftex.def)             Requested size: 350.0pt x 83.58232pt.
 <./classgg_1_1GgSimpleShader_a93a658ea59f5844959f986aba85a55b3_cgraph.pdf>
<classgg_1_1GgSimpleShader_a93a658ea59f5844959f986aba85a55b3_cgraph.pdf, id=147
46, 470.75874pt x 134.5025pt>
File: classgg_1_1GgSimpleShader_a93a658ea59f5844959f986aba85a55b3_cgraph.pdf Gr
aphic file (type pdf)
<use classgg_1_1GgSimpleShader_a93a658ea59f5844959f986aba85a55b3_cgraph.pdf>
Package pdftex.def Info: classgg_1_1GgSimpleShader_a93a658ea59f5844959f986aba85
a55b3_cgraph.pdf  used on input line 245.
(pdftex.def)             Requested size: 350.0pt x 100.00026pt.



Package fancyhdr Warning: \headheight is too small (12.0pt): 
(fancyhdr)                Make it at least 12.00003pt, for example:
(fancyhdr)                \setlength{\headheight}{12.00003pt}.
(fancyhdr)                You might also make \topmargin smaller:
(fancyhdr)                \addtolength{\topmargin}{-0.00003pt}.

[276]
> Step: init table outer spec.
> Step: parse table options.
> Step: split table.
> Step: init table inner spec.
> Step: parse table inner spec.
> Step: execute table commands.
> Step: calculate cell and line sizes.
> Step: build the whole table.
> Step: init table outer spec.
> Step: parse table options.
> Step: split table.
> Step: init table inner spec.
> Step: parse table inner spec.
> Step: execute table commands.
> Step: calculate cell and line sizes.
> Step: build the whole table.

Underfull \hbox (badness 10000) detected at line 280
[][][]
 []

 <./classgg_1_1GgSimpleShader_ad6900bfb221457e36108c321afc07005_cgraph.pdf>
<classgg_1_1GgSimpleShader_ad6900bfb221457e36108c321afc07005_cgraph.pdf, id=147
69, 488.82625pt x 138.5175pt>
File: classgg_1_1GgSimpleShader_ad6900bfb221457e36108c321afc07005_cgraph.pdf Gr
aphic file (type pdf)
<use classgg_1_1GgSimpleShader_ad6900bfb221457e36108c321afc07005_cgraph.pdf>
Package pdftex.def Info: classgg_1_1GgSimpleShader_ad6900bfb221457e36108c321afc
07005_cgraph.pdf  used on input line 292.
(pdftex.def)             Requested size: 350.0pt x 99.18086pt.
> Step: init table outer spec.
> Step: parse table options.
> Step: split table.
> Step: init table inner spec.
> Step: parse table inner spec.
> Step: execute table commands.
> Step: calculate cell and line sizes.
> Step: build the whole table.
> Step: init table outer spec.
> Step: parse table options.
> Step: split table.
> Step: init table inner spec.
> Step: parse table inner spec.
> Step: execute table commands.
> Step: calculate cell and line sizes.
> Step: build the whole table.



Package fancyhdr Warning: \headheight is too small (12.0pt): 
(fancyhdr)                Make it at least 12.00003pt, for example:
(fancyhdr)                \setlength{\headheight}{12.00003pt}.
(fancyhdr)                You might also make \topmargin smaller:
(fancyhdr)                \addtolength{\topmargin}{-0.00003pt}.

[277]
Underfull \hbox (badness 10000) detected at line 316
[][][]
 []

 <./classgg_1_1GgSimpleShader_acd4095770807f1c4977e6d50c06272ce_cgraph.pdf>
<classgg_1_1GgSimpleShader_acd4095770807f1c4977e6d50c06272ce_cgraph.pdf, id=147
90, 346.29375pt x 138.5175pt>
File: classgg_1_1GgSimpleShader_acd4095770807f1c4977e6d50c06272ce_cgraph.pdf Gr
aphic file (type pdf)
<use classgg_1_1GgSimpleShader_acd4095770807f1c4977e6d50c06272ce_cgraph.pdf>
Package pdftex.def Info: classgg_1_1GgSimpleShader_acd4095770807f1c4977e6d50c06
272ce_cgraph.pdf  used on input line 328.
(pdftex.def)             Requested size: 345.0pt x 138.00354pt.
 <./classgg_1_1GgSimpleShader_acd4095770807f1c4977e6d50c06272ce_icgraph.pdf>
<classgg_1_1GgSimpleShader_acd4095770807f1c4977e6d50c06272ce_icgraph.pdf, id=14
798, 329.23pt x 162.6075pt>
File: classgg_1_1GgSimpleShader_acd4095770807f1c4977e6d50c06272ce_icgraph.pdf G
raphic file (type pdf)
<use classgg_1_1GgSimpleShader_acd4095770807f1c4977e6d50c06272ce_icgraph.pdf>
Package pdftex.def Info: classgg_1_1GgSimpleShader_acd4095770807f1c4977e6d50c06
272ce_icgraph.pdf  used on input line 336.
(pdftex.def)             Requested size: 328.0pt x 162.00417pt.
> Step: init table outer spec.
> Step: parse table options.
> Step: split table.
> Step: init table inner spec.
> Step: parse table inner spec.
> Step: execute table commands.
> Step: calculate cell and line sizes.
> Step: build the whole table.
> Step: init table outer spec.
> Step: parse table options.
> Step: split table.
> Step: init table inner spec.
> Step: parse table inner spec.
> Step: execute table commands.
> Step: calculate cell and line sizes.
> Step: build the whole table.
 <./classgg_1_1GgSimpleShader_a9ff06e613dce7235db2ec0c9efe23ba7_cgraph.pdf>
<classgg_1_1GgSimpleShader_a9ff06e613dce7235db2ec0c9efe23ba7_cgraph.pdf, id=148
23, 639.38875pt x 213.79875pt>
File: classgg_1_1GgSimpleShader_a9ff06e613dce7235db2ec0c9efe23ba7_cgraph.pdf Gr
aphic file (type pdf)
<use classgg_1_1GgSimpleShader_a9ff06e613dce7235db2ec0c9efe23ba7_cgraph.pdf>
Package pdftex.def Info: classgg_1_1GgSimpleShader_a9ff06e613dce7235db2ec0c9efe
23ba7_cgraph.pdf  used on input line 367.
(pdftex.def)             Requested size: 350.0pt x 117.03508pt.



Package fancyhdr Warning: \headheight is too small (12.0pt): 
(fancyhdr)                Make it at least 12.00003pt, for example:
(fancyhdr)                \setlength{\headheight}{12.00003pt}.
(fancyhdr)                You might also make \topmargin smaller:
(fancyhdr)                \addtolength{\topmargin}{-0.00003pt}.

[278]
> Step: init table outer spec.
> Step: parse table options.
> Step: split table.
> Step: init table inner spec.
> Step: parse table inner spec.
> Step: execute table commands.
> Step: calculate cell and line sizes.
> Step: build the whole table.
> Step: init table outer spec.
> Step: parse table options.
> Step: split table.
> Step: init table inner spec.
> Step: parse table inner spec.
> Step: execute table commands.
> Step: calculate cell and line sizes.
> Step: build the whole table.
 <./classgg_1_1GgSimpleShader_a80389f621f4aafcf8149ae769af77063_cgraph.pdf>
<classgg_1_1GgSimpleShader_a80389f621f4aafcf8149ae769af77063_cgraph.pdf, id=148
63, 614.295pt x 175.65625pt>
File: classgg_1_1GgSimpleShader_a80389f621f4aafcf8149ae769af77063_cgraph.pdf Gr
aphic file (type pdf)
<use classgg_1_1GgSimpleShader_a80389f621f4aafcf8149ae769af77063_cgraph.pdf>
Package pdftex.def Info: classgg_1_1GgSimpleShader_a80389f621f4aafcf8149ae769af
77063_cgraph.pdf  used on input line 396.
(pdftex.def)             Requested size: 350.0pt x 100.0822pt.
> Step: init table outer spec.
> Step: parse table options.
> Step: split table.
> Step: init table inner spec.
> Step: parse table inner spec.
> Step: execute table commands.
> Step: calculate cell and line sizes.
> Step: build the whole table.
> Step: init table outer spec.
> Step: parse table options.
> Step: split table.
> Step: init table inner spec.
> Step: parse table inner spec.
> Step: execute table commands.
> Step: calculate cell and line sizes.
> Step: build the whole table.



Package fancyhdr Warning: \headheight is too small (12.0pt): 
(fancyhdr)                Make it at least 12.00003pt, for example:
(fancyhdr)                \setlength{\headheight}{12.00003pt}.
(fancyhdr)                You might also make \topmargin smaller:
(fancyhdr)                \addtolength{\topmargin}{-0.00003pt}.

[279] <./classgg_1_1GgSimpleShader_abc5a17dcbd9815579f08eb21f48d6fe3_cgraph.pdf
>
<classgg_1_1GgSimpleShader_abc5a17dcbd9815579f08eb21f48d6fe3_cgraph.pdf, id=148
86, 614.295pt x 162.6075pt>
File: classgg_1_1GgSimpleShader_abc5a17dcbd9815579f08eb21f48d6fe3_cgraph.pdf Gr
aphic file (type pdf)
<use classgg_1_1GgSimpleShader_abc5a17dcbd9815579f08eb21f48d6fe3_cgraph.pdf>
Package pdftex.def Info: classgg_1_1GgSimpleShader_abc5a17dcbd9815579f08eb21f48
d6fe3_cgraph.pdf  used on input line 427.
(pdftex.def)             Requested size: 350.0pt x 92.64754pt.
> Step: init table outer spec.
> Step: parse table options.
> Step: split table.
> Step: init table inner spec.
> Step: parse table inner spec.
> Step: execute table commands.
> Step: calculate cell and line sizes.
> Step: build the whole table.
> Step: init table outer spec.
> Step: parse table options.
> Step: split table.
> Step: init table inner spec.
> Step: parse table inner spec.
> Step: execute table commands.
> Step: calculate cell and line sizes.
> Step: build the whole table.
 <./classgg_1_1GgSimpleShader_a236d3a1d071666d7fe22e7d7b5eb0874_cgraph.pdf>
<classgg_1_1GgSimpleShader_a236d3a1d071666d7fe22e7d7b5eb0874_cgraph.pdf, id=148
96, 471.7625pt x 162.6075pt>
File: classgg_1_1GgSimpleShader_a236d3a1d071666d7fe22e7d7b5eb0874_cgraph.pdf Gr
aphic file (type pdf)
<use classgg_1_1GgSimpleShader_a236d3a1d071666d7fe22e7d7b5eb0874_cgraph.pdf>
Package pdftex.def Info: classgg_1_1GgSimpleShader_a236d3a1d071666d7fe22e7d7b5e
b0874_cgraph.pdf  used on input line 456.
(pdftex.def)             Requested size: 350.0pt x 120.64029pt.
 <./classgg_1_1GgSimpleShader_a236d3a1d071666d7fe22e7d7b5eb0874_icgraph.pdf>
<classgg_1_1GgSimpleShader_a236d3a1d071666d7fe22e7d7b5eb0874_icgraph.pdf, id=14
904, 351.3125pt x 289.08pt>
File: classgg_1_1GgSimpleShader_a236d3a1d071666d7fe22e7d7b5eb0874_icgraph.pdf G
raphic file (type pdf)
<use classgg_1_1GgSimpleShader_a236d3a1d071666d7fe22e7d7b5eb0874_icgraph.pdf>
Package pdftex.def Info: classgg_1_1GgSimpleShader_a236d3a1d071666d7fe22e7d7b5e
b0874_icgraph.pdf  used on input line 464.
(pdftex.def)             Requested size: 350.0pt x 288.02063pt.



Package fancyhdr Warning: \headheight is too small (12.0pt): 
(fancyhdr)                Make it at least 12.00003pt, for example:
(fancyhdr)                \setlength{\headheight}{12.00003pt}.
(fancyhdr)                You might also make \topmargin smaller:
(fancyhdr)                \addtolength{\topmargin}{-0.00003pt}.

[280]
> Step: init table outer spec.
> Step: parse table options.
> Step: split table.
> Step: init table inner spec.
> Step: parse table inner spec.
> Step: execute table commands.
> Step: calculate cell and line sizes.
> Step: build the whole table.
> Step: init table outer spec.
> Step: parse table options.
> Step: split table.
> Step: init table inner spec.
> Step: parse table inner spec.
> Step: execute table commands.
> Step: calculate cell and line sizes.
> Step: build the whole table.
 <./classgg_1_1GgSimpleShader_a6be6daa9ab0ad591e2257f594cf5ab34_cgraph.pdf>
<classgg_1_1GgSimpleShader_a6be6daa9ab0ad591e2257f594cf5ab34_cgraph.pdf, id=149
32, 488.82625pt x 150.5625pt>
File: classgg_1_1GgSimpleShader_a6be6daa9ab0ad591e2257f594cf5ab34_cgraph.pdf Gr
aphic file (type pdf)
<use classgg_1_1GgSimpleShader_a6be6daa9ab0ad591e2257f594cf5ab34_cgraph.pdf>
Package pdftex.def Info: classgg_1_1GgSimpleShader_a6be6daa9ab0ad591e2257f594cf
5ab34_cgraph.pdf  used on input line 493.
(pdftex.def)             Requested size: 350.0pt x 107.80528pt.



Package fancyhdr Warning: \headheight is too small (12.0pt): 
(fancyhdr)                Make it at least 12.00003pt, for example:
(fancyhdr)                \setlength{\headheight}{12.00003pt}.
(fancyhdr)                You might also make \topmargin smaller:
(fancyhdr)                \addtolength{\topmargin}{-0.00003pt}.

[281]
> Step: init table outer spec.
> Step: parse table options.
> Step: split table.
> Step: init table inner spec.
> Step: parse table inner spec.
> Step: execute table commands.
> Step: calculate cell and line sizes.
> Step: build the whole table.
> Step: init table outer spec.
> Step: parse table options.
> Step: split table.
> Step: init table inner spec.
> Step: parse table inner spec.
> Step: execute table commands.
> Step: calculate cell and line sizes.
> Step: build the whole table.
 <./classgg_1_1GgSimpleShader_a139427bcc11fdd9988f5bb5d5c3c65ba_cgraph.pdf>
<classgg_1_1GgSimpleShader_a139427bcc11fdd9988f5bb5d5c3c65ba_cgraph.pdf, id=149
66, 488.82625pt x 150.5625pt>
File: classgg_1_1GgSimpleShader_a139427bcc11fdd9988f5bb5d5c3c65ba_cgraph.pdf Gr
aphic file (type pdf)
<use classgg_1_1GgSimpleShader_a139427bcc11fdd9988f5bb5d5c3c65ba_cgraph.pdf>
Package pdftex.def Info: classgg_1_1GgSimpleShader_a139427bcc11fdd9988f5bb5d5c3
c65ba_cgraph.pdf  used on input line 520.
(pdftex.def)             Requested size: 350.0pt x 107.80528pt.
> Step: init table outer spec.
> Step: parse table options.
> Step: split table.
> Step: init table inner spec.
> Step: parse table inner spec.
> Step: execute table commands.
> Step: calculate cell and line sizes.
> Step: build the whole table.
> Step: init table outer spec.
> Step: parse table options.
> Step: split table.
> Step: init table inner spec.
> Step: parse table inner spec.
> Step: execute table commands.
> Step: calculate cell and line sizes.
> Step: build the whole table.
 <./classgg_1_1GgSimpleShader_a3745eedb23842a6849b05b6107dca6ba_cgraph.pdf>
<classgg_1_1GgSimpleShader_a3745eedb23842a6849b05b6107dca6ba_cgraph.pdf, id=149
77, 492.84125pt x 150.5625pt>
File: classgg_1_1GgSimpleShader_a3745eedb23842a6849b05b6107dca6ba_cgraph.pdf Gr
aphic file (type pdf)
<use classgg_1_1GgSimpleShader_a3745eedb23842a6849b05b6107dca6ba_cgraph.pdf>
Package pdftex.def Info: classgg_1_1GgSimpleShader_a3745eedb23842a6849b05b6107d
ca6ba_cgraph.pdf  used on input line 549.
(pdftex.def)             Requested size: 350.0pt x 106.92998pt.
> Step: init table outer spec.
> Step: parse table options.
> Step: split table.
> Step: init table inner spec.
> Step: parse table inner spec.
> Step: execute table commands.
> Step: calculate cell and line sizes.
> Step: build the whole table.
> Step: init table outer spec.
> Step: parse table options.
> Step: split table.
> Step: init table inner spec.
> Step: parse table inner spec.
> Step: execute table commands.
> Step: calculate cell and line sizes.
> Step: build the whole table.



Package fancyhdr Warning: \headheight is too small (12.0pt): 
(fancyhdr)                Make it at least 12.00003pt, for example:
(fancyhdr)                \setlength{\headheight}{12.00003pt}.
(fancyhdr)                You might also make \topmargin smaller:
(fancyhdr)                \addtolength{\topmargin}{-0.00003pt}.

[282] <./classgg_1_1GgSimpleShader_a56ebe35618715b611eda5d1b3d4637da_cgraph.pdf
>
<classgg_1_1GgSimpleShader_a56ebe35618715b611eda5d1b3d4637da_cgraph.pdf, id=149
98, 338.26375pt x 112.42pt>
File: classgg_1_1GgSimpleShader_a56ebe35618715b611eda5d1b3d4637da_cgraph.pdf Gr
aphic file (type pdf)
<use classgg_1_1GgSimpleShader_a56ebe35618715b611eda5d1b3d4637da_cgraph.pdf>
Package pdftex.def Info: classgg_1_1GgSimpleShader_a56ebe35618715b611eda5d1b3d4
637da_cgraph.pdf  used on input line 576.
(pdftex.def)             Requested size: 337.0pt x 112.00288pt.
 <./classgg_1_1GgSimpleShader_a56ebe35618715b611eda5d1b3d4637da_icgraph.pdf>
<classgg_1_1GgSimpleShader_a56ebe35618715b611eda5d1b3d4637da_icgraph.pdf, id=15
006, 344.28625pt x 212.795pt>
File: classgg_1_1GgSimpleShader_a56ebe35618715b611eda5d1b3d4637da_icgraph.pdf G
raphic file (type pdf)
<use classgg_1_1GgSimpleShader_a56ebe35618715b611eda5d1b3d4637da_icgraph.pdf>
Package pdftex.def Info: classgg_1_1GgSimpleShader_a56ebe35618715b611eda5d1b3d4
637da_icgraph.pdf  used on input line 584.
(pdftex.def)             Requested size: 343.0pt x 212.0022pt.
> Step: init table outer spec.
> Step: parse table options.
> Step: split table.
> Step: init table inner spec.
> Step: parse table inner spec.
> Step: execute table commands.
> Step: calculate cell and line sizes.
> Step: build the whole table.
> Step: init table outer spec.
> Step: parse table options.
> Step: split table.
> Step: init table inner spec.
> Step: parse table inner spec.
> Step: execute table commands.
> Step: calculate cell and line sizes.
> Step: build the whole table.

Underfull \hbox (badness 10000) detected at line 600
[][][]
 []

 <./classgg_1_1GgSimpleShader_a39cbc1d08f7a06f5811eda62f7d907c2_cgraph.pdf>
<classgg_1_1GgSimpleShader_a39cbc1d08f7a06f5811eda62f7d907c2_cgraph.pdf, id=150
26, 470.75874pt x 112.42pt>
File: classgg_1_1GgSimpleShader_a39cbc1d08f7a06f5811eda62f7d907c2_cgraph.pdf Gr
aphic file (type pdf)
<use classgg_1_1GgSimpleShader_a39cbc1d08f7a06f5811eda62f7d907c2_cgraph.pdf>
Package pdftex.def Info: classgg_1_1GgSimpleShader_a39cbc1d08f7a06f5811eda62f7d
907c2_cgraph.pdf  used on input line 612.
(pdftex.def)             Requested size: 350.0pt x 83.58232pt.



Package fancyhdr Warning: \headheight is too small (12.0pt): 
(fancyhdr)                Make it at least 12.00003pt, for example:
(fancyhdr)                \setlength{\headheight}{12.00003pt}.
(fancyhdr)                You might also make \topmargin smaller:
(fancyhdr)                \addtolength{\topmargin}{-0.00003pt}.

[283] <./classgg_1_1GgSimpleShader_aaa721d9ae49296194f949d6ba2f927db_cgraph.pdf
>
<classgg_1_1GgSimpleShader_aaa721d9ae49296194f949d6ba2f927db_cgraph.pdf, id=150
47, 365.365pt x 100.375pt>
File: classgg_1_1GgSimpleShader_aaa721d9ae49296194f949d6ba2f927db_cgraph.pdf Gr
aphic file (type pdf)
<use classgg_1_1GgSimpleShader_aaa721d9ae49296194f949d6ba2f927db_cgraph.pdf>
Package pdftex.def Info: classgg_1_1GgSimpleShader_aaa721d9ae49296194f949d6ba2f
927db_cgraph.pdf  used on input line 634.
(pdftex.def)             Requested size: 350.0pt x 96.15825pt.
 <./classgg_1_1GgSimpleShader_aaa721d9ae49296194f949d6ba2f927db_icgraph.pdf>
<classgg_1_1GgSimpleShader_aaa721d9ae49296194f949d6ba2f927db_icgraph.pdf, id=15
055, 373.395pt x 519.9425pt>
File: classgg_1_1GgSimpleShader_aaa721d9ae49296194f949d6ba2f927db_icgraph.pdf G
raphic file (type pdf)
<use classgg_1_1GgSimpleShader_aaa721d9ae49296194f949d6ba2f927db_icgraph.pdf>
Package pdftex.def Info: classgg_1_1GgSimpleShader_aaa721d9ae49296194f949d6ba2f
927db_icgraph.pdf  used on input line 642.
(pdftex.def)             Requested size: 350.0pt x 487.38937pt.



Package fancyhdr Warning: \headheight is too small (12.0pt): 
(fancyhdr)                Make it at least 12.00003pt, for example:
(fancyhdr)                \setlength{\headheight}{12.00003pt}.
(fancyhdr)                You might also make \topmargin smaller:
(fancyhdr)                \addtolength{\topmargin}{-0.00003pt}.

[284]
> Step: init table outer spec.
> Step: parse table options.
> Step: split table.
> Step: init table inner spec.
> Step: parse table inner spec.
> Step: execute table commands.
> Step: calculate cell and line sizes.
> Step: build the whole table.
> Step: init table outer spec.
> Step: parse table options.
> Step: split table.
> Step: init table inner spec.
> Step: parse table inner spec.
> Step: execute table commands.
> Step: calculate cell and line sizes.
> Step: build the whole table.


LaTeX Font Info:    Font shape `OT1/phv/m/n' will be
(Font)              scaled to size 8.99994pt on input line 664.
LaTeX Font Info:    Font shape `OT1/phv/m/n' will be
(Font)              scaled to size 8.99994pt on input line 664.
LaTeX Font Info:    Font shape `OT1/phv/m/n' will be
(Font)              scaled to size 8.99994pt on input line 664.
LaTeX Font Info:    Font shape `OT1/phv/b/n' will be
(Font)              scaled to size 8.99994pt on input line 664.
LaTeX Font Info:    Font shape `OT1/phv/b/n' will be
(Font)              scaled to size 6.29996pt on input line 664.
LaTeX Font Info:    Font shape `OT1/phv/b/n' will be
(Font)              scaled to size 6.29996pt on input line 664.
LaTeX Font Info:    Font shape `OT1/phv/b/n' will be
(Font)              scaled to size 6.29996pt on input line 664.
LaTeX Font Info:    Font shape `OT1/phv/b/n' will be
(Font)              scaled to size 8.99994pt on input line 664.

Package fancyhdr Warning: \headheight is too small (12.0pt): 
(fancyhdr)                Make it at least 12.00003pt, for example:
(fancyhdr)                \setlength{\headheight}{12.00003pt}.
(fancyhdr)                You might also make \topmargin smaller:
(fancyhdr)                \addtolength{\topmargin}{-0.00003pt}.

LaTeX Font Info:    Font shape `OT1/phv/m/n' will be
(Font)              scaled to size 8.99994pt on input line 664.
LaTeX Font Info:    Font shape `OT1/phv/b/n' will be
(Font)              scaled to size 8.99994pt on input line 664.
LaTeX Font Info:    Font shape `OT1/phv/b/n' will be
(Font)              scaled to size 6.29996pt on input line 664.
LaTeX Font Info:    Font shape `OT1/phv/b/n' will be
(Font)              scaled to size 6.29996pt on input line 664.
[285] <./classgg_1_1GgSimpleShader_aab413041074bf37a137c30b5a1946fec_cgraph.pdf
>
<classgg_1_1GgSimpleShader_aab413041074bf37a137c30b5a1946fec_cgraph.pdf, id=150
95, 537.00626pt x 176.66pt>
File: classgg_1_1GgSimpleShader_aab413041074bf37a137c30b5a1946fec_cgraph.pdf Gr
aphic file (type pdf)
<use classgg_1_1GgSimpleShader_aab413041074bf37a137c30b5a1946fec_cgraph.pdf>
Package pdftex.def Info: classgg_1_1GgSimpleShader_aab413041074bf37a137c30b5a19
46fec_cgraph.pdf  used on input line 669.
(pdftex.def)             Requested size: 350.0pt x 115.14032pt.
> Step: init table outer spec.
> Step: parse table options.
> Step: split table.
> Step: init table inner spec.
> Step: parse table inner spec.
> Step: execute table commands.
> Step: calculate cell and line sizes.
> Step: build the whole table.
> Step: init table outer spec.
> Step: parse table options.
> Step: split table.
> Step: init table inner spec.
> Step: parse table inner spec.
> Step: execute table commands.
> Step: calculate cell and line sizes.
> Step: build the whole table.
 <./classgg_1_1GgSimpleShader_ab451dca517c2809eceffe6d62bc823d2_cgraph.pdf>
<classgg_1_1GgSimpleShader_ab451dca517c2809eceffe6d62bc823d2_cgraph.pdf, id=151
26, 529.98pt x 138.5175pt>
File: classgg_1_1GgSimpleShader_ab451dca517c2809eceffe6d62bc823d2_cgraph.pdf Gr
aphic file (type pdf)
<use classgg_1_1GgSimpleShader_ab451dca517c2809eceffe6d62bc823d2_cgraph.pdf>
Package pdftex.def Info: classgg_1_1GgSimpleShader_ab451dca517c2809eceffe6d62bc
823d2_cgraph.pdf  used on input line 698.
(pdftex.def)             Requested size: 350.0pt x 91.47888pt.
> Step: init table outer spec.
> Step: parse table options.
> Step: split table.
> Step: init table inner spec.
> Step: parse table inner spec.
> Step: execute table commands.
> Step: calculate cell and line sizes.
> Step: build the whole table.
> Step: init table outer spec.
> Step: parse table options.
> Step: split table.
> Step: init table inner spec.
> Step: parse table inner spec.
> Step: execute table commands.
> Step: calculate cell and line sizes.
> Step: build the whole table.



Package fancyhdr Warning: \headheight is too small (12.0pt): 
(fancyhdr)                Make it at least 12.00003pt, for example:
(fancyhdr)                \setlength{\headheight}{12.00003pt}.
(fancyhdr)                You might also make \topmargin smaller:
(fancyhdr)                \addtolength{\topmargin}{-0.00003pt}.

[286] <./classgg_1_1GgSimpleShader_a1c043a15e113173810a43c6e4c6bb647_cgraph.pdf
>
<classgg_1_1GgSimpleShader_a1c043a15e113173810a43c6e4c6bb647_cgraph.pdf, id=151
68, 529.98pt x 138.5175pt>
File: classgg_1_1GgSimpleShader_a1c043a15e113173810a43c6e4c6bb647_cgraph.pdf Gr
aphic file (type pdf)
<use classgg_1_1GgSimpleShader_a1c043a15e113173810a43c6e4c6bb647_cgraph.pdf>
Package pdftex.def Info: classgg_1_1GgSimpleShader_a1c043a15e113173810a43c6e4c6
bb647_cgraph.pdf  used on input line 731.
(pdftex.def)             Requested size: 350.0pt x 91.47888pt.
> Step: init table outer spec.
> Step: parse table options.
> Step: split table.
> Step: init table inner spec.
> Step: parse table inner spec.
> Step: execute table commands.
> Step: calculate cell and line sizes.
> Step: build the whole table.
> Step: init table outer spec.
> Step: parse table options.
> Step: split table.
> Step: init table inner spec.
> Step: parse table inner spec.
> Step: execute table commands.
> Step: calculate cell and line sizes.
> Step: build the whole table.
 <./classgg_1_1GgSimpleShader_a6d6d23ec638c9955910af0762619563b_cgraph.pdf>
<classgg_1_1GgSimpleShader_a6d6d23ec638c9955910af0762619563b_cgraph.pdf, id=151
93, 537.00626pt x 176.66pt>
File: classgg_1_1GgSimpleShader_a6d6d23ec638c9955910af0762619563b_cgraph.pdf Gr
aphic file (type pdf)
<use classgg_1_1GgSimpleShader_a6d6d23ec638c9955910af0762619563b_cgraph.pdf>
Package pdftex.def Info: classgg_1_1GgSimpleShader_a6d6d23ec638c9955910af076261
9563b_cgraph.pdf  used on input line 762.
(pdftex.def)             Requested size: 350.0pt x 115.14032pt.



Package fancyhdr Warning: \headheight is too small (12.0pt): 
(fancyhdr)                Make it at least 12.00003pt, for example:
(fancyhdr)                \setlength{\headheight}{12.00003pt}.
(fancyhdr)                You might also make \topmargin smaller:
(fancyhdr)                \addtolength{\topmargin}{-0.00003pt}.

[287]
> Step: init table outer spec.
> Step: parse table options.
> Step: split table.
> Step: init table inner spec.
> Step: parse table inner spec.
> Step: execute table commands.
> Step: calculate cell and line sizes.
> Step: build the whole table.
> Step: init table outer spec.
> Step: parse table options.
> Step: split table.
> Step: init table inner spec.
> Step: parse table inner spec.
> Step: execute table commands.
> Step: calculate cell and line sizes.
> Step: build the whole table.
 <./classgg_1_1GgSimpleShader_af7a854464c8502b7bc7bb4bfdd0eed0f_cgraph.pdf>
<classgg_1_1GgSimpleShader_af7a854464c8502b7bc7bb4bfdd0eed0f_cgraph.pdf, id=152
24, 529.98pt x 138.5175pt>
File: classgg_1_1GgSimpleShader_af7a854464c8502b7bc7bb4bfdd0eed0f_cgraph.pdf Gr
aphic file (type pdf)
<use classgg_1_1GgSimpleShader_af7a854464c8502b7bc7bb4bfdd0eed0f_cgraph.pdf>
Package pdftex.def Info: classgg_1_1GgSimpleShader_af7a854464c8502b7bc7bb4bfdd0
eed0f_cgraph.pdf  used on input line 791.
(pdftex.def)             Requested size: 350.0pt x 91.47888pt.
> Step: init table outer spec.
> Step: parse table options.
> Step: split table.
> Step: init table inner spec.
> Step: parse table inner spec.
> Step: execute table commands.
> Step: calculate cell and line sizes.
> Step: build the whole table.
> Step: init table outer spec.
> Step: parse table options.
> Step: split table.
> Step: init table inner spec.
> Step: parse table inner spec.
> Step: execute table commands.
> Step: calculate cell and line sizes.
> Step: build the whole table.
 <./classgg_1_1GgSimpleShader_af5e5866c70b586721d40ca81e380960f_cgraph.pdf>
<classgg_1_1GgSimpleShader_af5e5866c70b586721d40ca81e380960f_cgraph.pdf, id=152
34, 529.98pt x 138.5175pt>
File: classgg_1_1GgSimpleShader_af5e5866c70b586721d40ca81e380960f_cgraph.pdf Gr
aphic file (type pdf)
<use classgg_1_1GgSimpleShader_af5e5866c70b586721d40ca81e380960f_cgraph.pdf>
Package pdftex.def Info: classgg_1_1GgSimpleShader_af5e5866c70b586721d40ca81e38
0960f_cgraph.pdf  used on input line 818.
(pdftex.def)             Requested size: 350.0pt x 91.47888pt.



Package fancyhdr Warning: \headheight is too small (12.0pt): 
(fancyhdr)                Make it at least 12.00003pt, for example:
(fancyhdr)                \setlength{\headheight}{12.00003pt}.
(fancyhdr)                You might also make \topmargin smaller:
(fancyhdr)                \addtolength{\topmargin}{-0.00003pt}.

[288]
> Step: init table outer spec.
> Step: parse table options.
> Step: split table.
> Step: init table inner spec.
> Step: parse table inner spec.
> Step: execute table commands.
> Step: calculate cell and line sizes.
> Step: build the whole table.
> Step: init table outer spec.
> Step: parse table options.
> Step: split table.
> Step: init table inner spec.
> Step: parse table inner spec.
> Step: execute table commands.
> Step: calculate cell and line sizes.
> Step: build the whole table.
 <./classgg_1_1GgSimpleShader_a4931140d1083f3b0ce791d5302c32179_cgraph.pdf>
<classgg_1_1GgSimpleShader_a4931140d1083f3b0ce791d5302c32179_cgraph.pdf, id=152
55, 673.51625pt x 175.65625pt>
File: classgg_1_1GgSimpleShader_a4931140d1083f3b0ce791d5302c32179_cgraph.pdf Gr
aphic file (type pdf)
<use classgg_1_1GgSimpleShader_a4931140d1083f3b0ce791d5302c32179_cgraph.pdf>
Package pdftex.def Info: classgg_1_1GgSimpleShader_a4931140d1083f3b0ce791d5302c
32179_cgraph.pdf  used on input line 847.
(pdftex.def)             Requested size: 350.0pt x 91.28279pt.
> Step: init table outer spec.
> Step: parse table options.
> Step: split table.
> Step: init table inner spec.
> Step: parse table inner spec.
> Step: execute table commands.
> Step: calculate cell and line sizes.
> Step: build the whole table.
> Step: init table outer spec.
> Step: parse table options.
> Step: split table.
> Step: init table inner spec.
> Step: parse table inner spec.
> Step: execute table commands.
> Step: calculate cell and line sizes.
> Step: build the whole table.
 <./classgg_1_1GgSimpleShader_a501c4d9423acb4e3705657105e06e9a4_cgraph.pdf>
<classgg_1_1GgSimpleShader_a501c4d9423acb4e3705657105e06e9a4_cgraph.pdf, id=152
66, 673.51625pt x 175.65625pt>
File: classgg_1_1GgSimpleShader_a501c4d9423acb4e3705657105e06e9a4_cgraph.pdf Gr
aphic file (type pdf)
<use classgg_1_1GgSimpleShader_a501c4d9423acb4e3705657105e06e9a4_cgraph.pdf>
Package pdftex.def Info: classgg_1_1GgSimpleShader_a501c4d9423acb4e3705657105e0
6e9a4_cgraph.pdf  used on input line 880.
(pdftex.def)             Requested size: 350.0pt x 91.28279pt.



Package fancyhdr Warning: \headheight is too small (12.0pt): 
(fancyhdr)                Make it at least 12.00003pt, for example:
(fancyhdr)                \setlength{\headheight}{12.00003pt}.
(fancyhdr)                You might also make \topmargin smaller:
(fancyhdr)                \addtolength{\topmargin}{-0.00003pt}.

[289]
> Step: init table outer spec.
> Step: parse table options.
> Step: split table.
> Step: init table inner spec.
> Step: parse table inner spec.
> Step: execute table commands.
> Step: calculate cell and line sizes.
> Step: build the whole table.
> Step: init table outer spec.
> Step: parse table options.
> Step: split table.
> Step: init table inner spec.
> Step: parse table inner spec.
> Step: execute table commands.
> Step: calculate cell and line sizes.
> Step: build the whole table.
 <./classgg_1_1GgSimpleShader_adf085229953fa053077a69c4bd64eb62_cgraph.pdf>
<classgg_1_1GgSimpleShader_adf085229953fa053077a69c4bd64eb62_cgraph.pdf, id=152
87, 529.98pt x 138.5175pt>
File: classgg_1_1GgSimpleShader_adf085229953fa053077a69c4bd64eb62_cgraph.pdf Gr
aphic file (type pdf)
<use classgg_1_1GgSimpleShader_adf085229953fa053077a69c4bd64eb62_cgraph.pdf>
Package pdftex.def Info: classgg_1_1GgSimpleShader_adf085229953fa053077a69c4bd6
4eb62_cgraph.pdf  used on input line 911.
(pdftex.def)             Requested size: 350.0pt x 91.47888pt.
> Step: init table outer spec.
> Step: parse table options.
> Step: split table.
> Step: init table inner spec.
> Step: parse table inner spec.
> Step: execute table commands.
> Step: calculate cell and line sizes.
> Step: build the whole table.
> Step: init table outer spec.
> Step: parse table options.
> Step: split table.
> Step: init table inner spec.
> Step: parse table inner spec.
> Step: execute table commands.
> Step: calculate cell and line sizes.
> Step: build the whole table.



Package fancyhdr Warning: \headheight is too small (12.0pt): 
(fancyhdr)                Make it at least 12.00003pt, for example:
(fancyhdr)                \setlength{\headheight}{12.00003pt}.
(fancyhdr)                You might also make \topmargin smaller:
(fancyhdr)                \addtolength{\topmargin}{-0.00003pt}.

[290] <./classgg_1_1GgSimpleShader_a6d368889dad14a63c04b45cbb45b2892_cgraph.pdf
>
<classgg_1_1GgSimpleShader_a6d368889dad14a63c04b45cbb45b2892_cgraph.pdf, id=153
08, 529.98pt x 150.5625pt>
File: classgg_1_1GgSimpleShader_a6d368889dad14a63c04b45cbb45b2892_cgraph.pdf Gr
aphic file (type pdf)
<use classgg_1_1GgSimpleShader_a6d368889dad14a63c04b45cbb45b2892_cgraph.pdf>
Package pdftex.def Info: classgg_1_1GgSimpleShader_a6d368889dad14a63c04b45cbb45
b2892_cgraph.pdf  used on input line 940.
(pdftex.def)             Requested size: 350.0pt x 99.43358pt.
> Step: init table outer spec.
> Step: parse table options.
> Step: split table.
> Step: init table inner spec.
> Step: parse table inner spec.
> Step: execute table commands.
> Step: calculate cell and line sizes.
> Step: build the whole table.
> Step: init table outer spec.
> Step: parse table options.
> Step: split table.
> Step: init table inner spec.
> Step: parse table inner spec.
> Step: execute table commands.
> Step: calculate cell and line sizes.
> Step: build the whole table.
 <./classgg_1_1GgSimpleShader_ae300f8183cb23f042ab9608a1d3f8f1d_cgraph.pdf>
<classgg_1_1GgSimpleShader_ae300f8183cb23f042ab9608a1d3f8f1d_cgraph.pdf, id=153
20, 529.98pt x 100.375pt>
File: classgg_1_1GgSimpleShader_ae300f8183cb23f042ab9608a1d3f8f1d_cgraph.pdf Gr
aphic file (type pdf)
<use classgg_1_1GgSimpleShader_ae300f8183cb23f042ab9608a1d3f8f1d_cgraph.pdf>
Package pdftex.def Info: classgg_1_1GgSimpleShader_ae300f8183cb23f042ab9608a1d3
f8f1d_cgraph.pdf  used on input line 967.
(pdftex.def)             Requested size: 350.0pt x 66.28905pt.
> Step: init table outer spec.
> Step: parse table options.
> Step: split table.
> Step: init table inner spec.
> Step: parse table inner spec.
> Step: execute table commands.
> Step: calculate cell and line sizes.
> Step: build the whole table.
> Step: init table outer spec.
> Step: parse table options.
> Step: split table.
> Step: init table inner spec.
> Step: parse table inner spec.
> Step: execute table commands.
> Step: calculate cell and line sizes.
> Step: build the whole table.
 <./classgg_1_1GgSimpleShader_ab74ace3e3768da3e5cb914f47af6b9a9_cgraph.pdf>
<classgg_1_1GgSimpleShader_ab74ace3e3768da3e5cb914f47af6b9a9_cgraph.pdf, id=153
31, 529.98pt x 250.9375pt>
File: classgg_1_1GgSimpleShader_ab74ace3e3768da3e5cb914f47af6b9a9_cgraph.pdf Gr
aphic file (type pdf)
<use classgg_1_1GgSimpleShader_ab74ace3e3768da3e5cb914f47af6b9a9_cgraph.pdf>
Package pdftex.def Info: classgg_1_1GgSimpleShader_ab74ace3e3768da3e5cb914f47af
6b9a9_cgraph.pdf  used on input line 994.
(pdftex.def)             Requested size: 350.0pt x 165.72263pt.



Package fancyhdr Warning: \headheight is too small (12.0pt): 
(fancyhdr)                Make it at least 12.00003pt, for example:
(fancyhdr)                \setlength{\headheight}{12.00003pt}.
(fancyhdr)                You might also make \topmargin smaller:
(fancyhdr)                \addtolength{\topmargin}{-0.00003pt}.

[291]) (./classgg_1_1GgTexture.tex
Underfull \hbox (badness 824) in paragraph at lines 10--12
[][] \OT1/phv/m/n/10 (const GLvoid $\OMS/cmsy/m/n/10 ^^C$\OT1/phv/m/n/10 image,
 GL-sizei width, GL-sizei height, GLenum format=GL[][][][]RGB, GLenum
 []


Underfull \hbox (badness 2486) in paragraph at lines 10--12
\OT1/phv/m/n/10 type=GL[][][][]UNSIGNED[][][][]BYTE, GLenum internal=GL[][][][]
RGBA, GLenum wrap=GL[][][][]CLAMP[][][][]TO[][][][]EDGE, bool
 []


Underfull \hbox (badness 10000) detected at line 43
[][][]
 []




Package fancyhdr Warning: \headheight is too small (12.0pt): 
(fancyhdr)                Make it at least 12.00003pt, for example:
(fancyhdr)                \setlength{\headheight}{12.00003pt}.
(fancyhdr)                You might also make \topmargin smaller:
(fancyhdr)                \addtolength{\topmargin}{-0.00003pt}.

[292]
> Step: init table outer spec.
> Step: parse table options.
> Step: split table.
> Step: init table inner spec.
> Step: parse table inner spec.
> Step: execute table commands.
> Step: calculate cell and line sizes.
> Step: build the whole table.
> Step: init table outer spec.
> Step: parse table options.
> Step: split table.
> Step: init table inner spec.
> Step: parse table inner spec.
> Step: execute table commands.
> Step: calculate cell and line sizes.
> Step: build the whole table.
 <./classgg_1_1GgTexture_a928c60ee04d1253e74ab1723a8aa4c92_cgraph.pdf>
<classgg_1_1GgTexture_a928c60ee04d1253e74ab1723a8aa4c92_cgraph.pdf, id=15398, 3
42.27875pt x 100.375pt>
File: classgg_1_1GgTexture_a928c60ee04d1253e74ab1723a8aa4c92_cgraph.pdf Graphic
 file (type pdf)
<use classgg_1_1GgTexture_a928c60ee04d1253e74ab1723a8aa4c92_cgraph.pdf>
Package pdftex.def Info: classgg_1_1GgTexture_a928c60ee04d1253e74ab1723a8aa4c92
_cgraph.pdf  used on input line 91.
(pdftex.def)             Requested size: 341.0pt x 100.00716pt.
 <./classgg_1_1GgTexture_a928c60ee04d1253e74ab1723a8aa4c92_icgraph.pdf>
<classgg_1_1GgTexture_a928c60ee04d1253e74ab1723a8aa4c92_icgraph.pdf, id=15406, 
374.39874pt x 214.8025pt>
File: classgg_1_1GgTexture_a928c60ee04d1253e74ab1723a8aa4c92_icgraph.pdf Graphi
c file (type pdf)
<use classgg_1_1GgTexture_a928c60ee04d1253e74ab1723a8aa4c92_icgraph.pdf>
Package pdftex.def Info: classgg_1_1GgTexture_a928c60ee04d1253e74ab1723a8aa4c92
_icgraph.pdf  used on input line 99.
(pdftex.def)             Requested size: 350.0pt x 200.81636pt.



Package fancyhdr Warning: \headheight is too small (12.0pt): 
(fancyhdr)                Make it at least 12.00003pt, for example:
(fancyhdr)                \setlength{\headheight}{12.00003pt}.
(fancyhdr)                You might also make \topmargin smaller:
(fancyhdr)                \addtolength{\topmargin}{-0.00003pt}.

[293]
> Step: init table outer spec.
> Step: parse table options.
> Step: split table.
> Step: init table inner spec.
> Step: parse table inner spec.
> Step: execute table commands.
> Step: calculate cell and line sizes.
> Step: build the whole table.
> Step: init table outer spec.
> Step: parse table options.
> Step: split table.
> Step: init table inner spec.
> Step: parse table inner spec.
> Step: execute table commands.
> Step: calculate cell and line sizes.
> Step: build the whole table.
 <./classgg_1_1GgTexture_a229f8467a9ab478f178b4f13be519b12_cgraph.pdf>
<classgg_1_1GgTexture_a229f8467a9ab478f178b4f13be519b12_cgraph.pdf, id=15423, 5
06.89375pt x 100.375pt>
File: classgg_1_1GgTexture_a229f8467a9ab478f178b4f13be519b12_cgraph.pdf Graphic
 file (type pdf)
<use classgg_1_1GgTexture_a229f8467a9ab478f178b4f13be519b12_cgraph.pdf>
Package pdftex.def Info: classgg_1_1GgTexture_a229f8467a9ab478f178b4f13be519b12
_cgraph.pdf  used on input line 120.
(pdftex.def)             Requested size: 350.0pt x 69.30782pt.
> Step: init table outer spec.
> Step: parse table options.
> Step: split table.
> Step: init table inner spec.
> Step: parse table inner spec.
> Step: execute table commands.
> Step: calculate cell and line sizes.
> Step: build the whole table.
> Step: init table outer spec.
> Step: parse table options.
> Step: split table.
> Step: init table inner spec.
> Step: parse table inner spec.
> Step: execute table commands.
> Step: calculate cell and line sizes.
> Step: build the whole table.
 <./classgg_1_1GgTexture_abb4d2f8852c8abe91a59e579fa205ea2_cgraph.pdf>
<classgg_1_1GgTexture_abb4d2f8852c8abe91a59e579fa205ea2_cgraph.pdf, id=15431, 5
06.89375pt x 100.375pt>
File: classgg_1_1GgTexture_abb4d2f8852c8abe91a59e579fa205ea2_cgraph.pdf Graphic
 file (type pdf)
<use classgg_1_1GgTexture_abb4d2f8852c8abe91a59e579fa205ea2_cgraph.pdf>
Package pdftex.def Info: classgg_1_1GgTexture_abb4d2f8852c8abe91a59e579fa205ea2
_cgraph.pdf  used on input line 141.
(pdftex.def)             Requested size: 350.0pt x 69.30782pt.



Package fancyhdr Warning: \headheight is too small (12.0pt): 
(fancyhdr)                Make it at least 12.00003pt, for example:
(fancyhdr)                \setlength{\headheight}{12.00003pt}.
(fancyhdr)                You might also make \topmargin smaller:
(fancyhdr)                \addtolength{\topmargin}{-0.00003pt}.

[294]
Underfull \hbox (badness 10000) detected at line 177
[][][]
 []

 <./classgg_1_1GgTexture_a352d7fd4fa497ffe06e3d774a29735a0_icgraph.pdf>
<classgg_1_1GgTexture_a352d7fd4fa497ffe06e3d774a29735a0_icgraph.pdf, id=15455, 
359.3425pt x 100.375pt>
File: classgg_1_1GgTexture_a352d7fd4fa497ffe06e3d774a29735a0_icgraph.pdf Graphi
c file (type pdf)
<use classgg_1_1GgTexture_a352d7fd4fa497ffe06e3d774a29735a0_icgraph.pdf>
Package pdftex.def Info: classgg_1_1GgTexture_a352d7fd4fa497ffe06e3d774a29735a0
_icgraph.pdf  used on input line 189.
(pdftex.def)             Requested size: 350.0pt x 97.77255pt.

Underfull \hbox (badness 10000) detected at line 200
[][][]
 []

> Step: init table outer spec.
> Step: parse table options.
> Step: split table.
> Step: init table inner spec.
> Step: parse table inner spec.
> Step: execute table commands.
> Step: calculate cell and line sizes.
> Step: build the whole table.
> Step: init table outer spec.
> Step: parse table options.
> Step: split table.
> Step: init table inner spec.
> Step: parse table inner spec.
> Step: execute table commands.
> Step: calculate cell and line sizes.
> Step: build the whole table.



Package fancyhdr Warning: \headheight is too small (12.0pt): 
(fancyhdr)                Make it at least 12.00003pt, for example:
(fancyhdr)                \setlength{\headheight}{12.00003pt}.
(fancyhdr)                You might also make \topmargin smaller:
(fancyhdr)                \addtolength{\topmargin}{-0.00003pt}.

[295] <./classgg_1_1GgTexture_af146fa5435ecf5d2b2bcc7d309d41934_cgraph.pdf>
<classgg_1_1GgTexture_af146fa5435ecf5d2b2bcc7d309d41934_cgraph.pdf, id=15479, 3
59.3425pt x 138.5175pt>
File: classgg_1_1GgTexture_af146fa5435ecf5d2b2bcc7d309d41934_cgraph.pdf Graphic
 file (type pdf)
<use classgg_1_1GgTexture_af146fa5435ecf5d2b2bcc7d309d41934_cgraph.pdf>
Package pdftex.def Info: classgg_1_1GgTexture_af146fa5435ecf5d2b2bcc7d309d41934
_cgraph.pdf  used on input line 229.
(pdftex.def)             Requested size: 350.0pt x 134.92613pt.

Underfull \hbox (badness 10000) detected at line 240
[][][]
 []


Underfull \hbox (badness 10000) detected at line 255
[][][]
 []

 <./classgg_1_1GgTexture_a0990799facf6f2affd41be247f5ce9f1_icgraph.pdf>
<classgg_1_1GgTexture_a0990799facf6f2affd41be247f5ce9f1_icgraph.pdf, id=15491, 
356.33125pt x 100.375pt>
File: classgg_1_1GgTexture_a0990799facf6f2affd41be247f5ce9f1_icgraph.pdf Graphi
c file (type pdf)
<use classgg_1_1GgTexture_a0990799facf6f2affd41be247f5ce9f1_icgraph.pdf>
Package pdftex.def Info: classgg_1_1GgTexture_a0990799facf6f2affd41be247f5ce9f1
_icgraph.pdf  used on input line 267.
(pdftex.def)             Requested size: 350.0pt x 98.59502pt.



Package fancyhdr Warning: \headheight is too small (12.0pt): 
(fancyhdr)                Make it at least 12.00003pt, for example:
(fancyhdr)                \setlength{\headheight}{12.00003pt}.
(fancyhdr)                You might also make \topmargin smaller:
(fancyhdr)                \addtolength{\topmargin}{-0.00003pt}.

[296]
> Step: init table outer spec.
> Step: parse table options.
> Step: split table.
> Step: init table inner spec.
> Step: parse table inner spec.
> Step: execute table commands.
> Step: calculate cell and line sizes.
> Step: build the whole table.
> Step: init table outer spec.
> Step: parse table options.
> Step: split table.
> Step: init table inner spec.
> Step: parse table inner spec.
> Step: execute table commands.
> Step: calculate cell and line sizes.
> Step: build the whole table.

Underfull \hbox (badness 10000) detected at line 283
[][][]
 []

 <./classgg_1_1GgTexture_a2d2368e8364287f514b1323c10c38134_cgraph.pdf>
<classgg_1_1GgTexture_a2d2368e8364287f514b1323c10c38134_cgraph.pdf, id=15512, 5
03.8825pt x 100.375pt>
File: classgg_1_1GgTexture_a2d2368e8364287f514b1323c10c38134_cgraph.pdf Graphic
 file (type pdf)
<use classgg_1_1GgTexture_a2d2368e8364287f514b1323c10c38134_cgraph.pdf>
Package pdftex.def Info: classgg_1_1GgTexture_a2d2368e8364287f514b1323c10c38134
_cgraph.pdf  used on input line 291.
(pdftex.def)             Requested size: 350.0pt x 69.72134pt.
> Step: init table outer spec.
> Step: parse table options.
> Step: split table.
> Step: init table inner spec.
> Step: parse table inner spec.
> Step: execute table commands.
> Step: calculate cell and line sizes.
> Step: build the whole table.
> Step: init table outer spec.
> Step: parse table options.
> Step: split table.
> Step: init table inner spec.
> Step: parse table inner spec.
> Step: execute table commands.
> Step: calculate cell and line sizes.
> Step: build the whole table.

Underfull \hbox (badness 10000) detected at line 307
[][][]
 []

 <./classgg_1_1GgTexture_a39e8165a9433804b72ba64553f92d2e5_cgraph.pdf>
<classgg_1_1GgTexture_a39e8165a9433804b72ba64553f92d2e5_cgraph.pdf, id=15522, 5
03.8825pt x 100.375pt>
File: classgg_1_1GgTexture_a39e8165a9433804b72ba64553f92d2e5_cgraph.pdf Graphic
 file (type pdf)
<use classgg_1_1GgTexture_a39e8165a9433804b72ba64553f92d2e5_cgraph.pdf>
Package pdftex.def Info: classgg_1_1GgTexture_a39e8165a9433804b72ba64553f92d2e5
_cgraph.pdf  used on input line 315.
(pdftex.def)             Requested size: 350.0pt x 69.72134pt.
> Step: init table outer spec.
> Step: parse table options.
> Step: split table.
> Step: init table inner spec.
> Step: parse table inner spec.
> Step: execute table commands.
> Step: calculate cell and line sizes.
> Step: build the whole table.
> Step: init table outer spec.
> Step: parse table options.
> Step: split table.
> Step: init table inner spec.
> Step: parse table inner spec.
> Step: execute table commands.
> Step: calculate cell and line sizes.
> Step: build the whole table.



Package fancyhdr Warning: \headheight is too small (12.0pt): 
(fancyhdr)                Make it at least 12.00003pt, for example:
(fancyhdr)                \setlength{\headheight}{12.00003pt}.
(fancyhdr)                You might also make \topmargin smaller:
(fancyhdr)                \addtolength{\topmargin}{-0.00003pt}.

[297]) (./classgg_1_1GgTrackball.tex <./classgg_1_1GgTrackball__inherit__graph.
pdf>
<classgg_1_1GgTrackball__inherit__graph.pdf, id=15546, 198.7425pt x 269.005pt>
File: classgg_1_1GgTrackball__inherit__graph.pdf Graphic file (type pdf)
<use classgg_1_1GgTrackball__inherit__graph.pdf>
Package pdftex.def Info: classgg_1_1GgTrackball__inherit__graph.pdf  used on in
put line 14.
(pdftex.def)             Requested size: 198.0pt x 268.00688pt.
 <./classgg_1_1GgTrackball__coll__graph.pdf>
<classgg_1_1GgTrackball__coll__graph.pdf, id=15554, 198.7425pt x 269.005pt>
File: classgg_1_1GgTrackball__coll__graph.pdf Graphic file (type pdf)
<use classgg_1_1GgTrackball__coll__graph.pdf>
Package pdftex.def Info: classgg_1_1GgTrackball__coll__graph.pdf  used on input
 line 24.
(pdftex.def)             Requested size: 198.0pt x 268.00688pt.



Package fancyhdr Warning: \headheight is too small (12.0pt): 
(fancyhdr)                Make it at least 12.00003pt, for example:
(fancyhdr)                \setlength{\headheight}{12.00003pt}.
(fancyhdr)                You might also make \topmargin smaller:
(fancyhdr)                \addtolength{\topmargin}{-0.00003pt}.

[298]


Package fancyhdr Warning: \headheight is too small (12.0pt): 
(fancyhdr)                Make it at least 12.00003pt, for example:
(fancyhdr)                \setlength{\headheight}{12.00003pt}.
(fancyhdr)                You might also make \topmargin smaller:
(fancyhdr)                \addtolength{\topmargin}{-0.00003pt}.

[299]


Package fancyhdr Warning: \headheight is too small (12.0pt): 
(fancyhdr)                Make it at least 12.00003pt, for example:
(fancyhdr)                \setlength{\headheight}{12.00003pt}.
(fancyhdr)                You might also make \topmargin smaller:
(fancyhdr)                \addtolength{\topmargin}{-0.00003pt}.

[300]


Package fancyhdr Warning: \headheight is too small (12.0pt): 
(fancyhdr)                Make it at least 12.00003pt, for example:
(fancyhdr)                \setlength{\headheight}{12.00003pt}.
(fancyhdr)                You might also make \topmargin smaller:
(fancyhdr)                \addtolength{\topmargin}{-0.00003pt}.

[301]
> Step: init table outer spec.
> Step: parse table options.
> Step: split table.
> Step: init table inner spec.
> Step: parse table inner spec.
> Step: execute table commands.
> Step: calculate cell and line sizes.
> Step: build the whole table.
> Step: init table outer spec.
> Step: parse table options.
> Step: split table.
> Step: init table inner spec.
> Step: parse table inner spec.
> Step: execute table commands.
> Step: calculate cell and line sizes.
> Step: build the whole table.
 <./classgg_1_1GgTrackball_a880dce99e0a666536802659963971c50_cgraph.pdf>
<classgg_1_1GgTrackball_a880dce99e0a666536802659963971c50_cgraph.pdf, id=15969,
 569.12625pt x 156.585pt>
File: classgg_1_1GgTrackball_a880dce99e0a666536802659963971c50_cgraph.pdf Graph
ic file (type pdf)
<use classgg_1_1GgTrackball_a880dce99e0a666536802659963971c50_cgraph.pdf>
Package pdftex.def Info: classgg_1_1GgTrackball_a880dce99e0a666536802659963971c
50_cgraph.pdf  used on input line 396.
(pdftex.def)             Requested size: 350.0pt x 96.30038pt.


LaTeX Font Info:    Font shape `OT1/phv/m/n' will be
(Font)              scaled to size 8.99994pt on input line 399.
LaTeX Font Info:    Font shape `OT1/phv/m/n' will be
(Font)              scaled to size 8.99994pt on input line 399.
LaTeX Font Info:    Font shape `OT1/phv/m/n' will be
(Font)              scaled to size 8.99994pt on input line 399.
LaTeX Font Info:    Font shape `OT1/phv/b/n' will be
(Font)              scaled to size 8.99994pt on input line 399.
LaTeX Font Info:    Font shape `OT1/phv/b/n' will be
(Font)              scaled to size 8.99994pt on input line 399.

Package fancyhdr Warning: \headheight is too small (12.0pt): 
(fancyhdr)                Make it at least 12.00003pt, for example:
(fancyhdr)                \setlength{\headheight}{12.00003pt}.
(fancyhdr)                You might also make \topmargin smaller:
(fancyhdr)                \addtolength{\topmargin}{-0.00003pt}.

LaTeX Font Info:    Font shape `OT1/phv/m/n' will be
(Font)              scaled to size 8.99994pt on input line 399.
LaTeX Font Info:    Font shape `OT1/phv/b/n' will be
(Font)              scaled to size 8.99994pt on input line 399.
LaTeX Font Info:    Font shape `OT1/phv/b/n' will be
(Font)              scaled to size 6.29996pt on input line 399.
LaTeX Font Info:    Font shape `OT1/phv/b/n' will be
(Font)              scaled to size 6.29996pt on input line 399.
[302] <./classgg_1_1GgTrackball_a880dce99e0a666536802659963971c50_icgraph.pdf>
<classgg_1_1GgTrackball_a880dce99e0a666536802659963971c50_icgraph.pdf, id=15987
, 393.47pt x 100.375pt>
File: classgg_1_1GgTrackball_a880dce99e0a666536802659963971c50_icgraph.pdf Grap
hic file (type pdf)
<use classgg_1_1GgTrackball_a880dce99e0a666536802659963971c50_icgraph.pdf>
Package pdftex.def Info: classgg_1_1GgTrackball_a880dce99e0a666536802659963971c
50_icgraph.pdf  used on input line 404.
(pdftex.def)             Requested size: 350.0pt x 89.28444pt.
> Step: init table outer spec.
> Step: parse table options.
> Step: split table.
> Step: init table inner spec.
> Step: parse table inner spec.
> Step: execute table commands.
> Step: calculate cell and line sizes.
> Step: build the whole table.
> Step: init table outer spec.
> Step: parse table options.
> Step: split table.
> Step: init table inner spec.
> Step: parse table inner spec.
> Step: execute table commands.
> Step: calculate cell and line sizes.
> Step: build the whole table.

Underfull \hbox (badness 10000) detected at line 433
[][][]
 []

> Step: init table outer spec.
> Step: parse table options.
> Step: split table.
> Step: init table inner spec.
> Step: parse table inner spec.
> Step: execute table commands.
> Step: calculate cell and line sizes.
> Step: build the whole table.
> Step: init table outer spec.
> Step: parse table options.
> Step: split table.
> Step: init table inner spec.
> Step: parse table inner spec.
> Step: execute table commands.
> Step: calculate cell and line sizes.
> Step: build the whole table.



Package fancyhdr Warning: \headheight is too small (12.0pt): 
(fancyhdr)                Make it at least 12.00003pt, for example:
(fancyhdr)                \setlength{\headheight}{12.00003pt}.
(fancyhdr)                You might also make \topmargin smaller:
(fancyhdr)                \addtolength{\topmargin}{-0.00003pt}.

[303]
Underfull \hbox (badness 10000) detected at line 455
[][][]
 []

 <./classgg_1_1GgTrackball_a4f56d59aadba0be3e8196971828382a1_cgraph.pdf>
<classgg_1_1GgTrackball_a4f56d59aadba0be3e8196971828382a1_cgraph.pdf, id=16009,
 1039.885pt x 232.87pt>
File: classgg_1_1GgTrackball_a4f56d59aadba0be3e8196971828382a1_cgraph.pdf Graph
ic file (type pdf)
<use classgg_1_1GgTrackball_a4f56d59aadba0be3e8196971828382a1_cgraph.pdf>
Package pdftex.def Info: classgg_1_1GgTrackball_a4f56d59aadba0be3e8196971828382
a1_cgraph.pdf  used on input line 467.
(pdftex.def)             Requested size: 350.0pt x 78.3788pt.

Underfull \hbox (badness 10000) detected at line 478
[][][]
 []


Underfull \hbox (badness 10000) detected at line 493
[][][]
 []


Underfull \hbox (badness 10000) detected at line 508
[][][]
 []

 <./classgg_1_1GgTrackball_a53c894f599180aae58b3cf2c7b977e23_cgraph.pdf>
<classgg_1_1GgTrackball_a53c894f599180aae58b3cf2c7b977e23_cgraph.pdf, id=16026,
 427.5975pt x 100.375pt>
File: classgg_1_1GgTrackball_a53c894f599180aae58b3cf2c7b977e23_cgraph.pdf Graph
ic file (type pdf)
<use classgg_1_1GgTrackball_a53c894f599180aae58b3cf2c7b977e23_cgraph.pdf>
Package pdftex.def Info: classgg_1_1GgTrackball_a53c894f599180aae58b3cf2c7b977e
23_cgraph.pdf  used on input line 520.
(pdftex.def)             Requested size: 350.0pt x 82.15945pt.


LaTeX Font Info:    Font shape `OT1/phv/m/n' will be
(Font)              scaled to size 8.99994pt on input line 529.
LaTeX Font Info:    Font shape `OT1/phv/m/n' will be
(Font)              scaled to size 8.99994pt on input line 529.
LaTeX Font Info:    Font shape `OT1/phv/m/n' will be
(Font)              scaled to size 8.99994pt on input line 529.
LaTeX Font Info:    Font shape `OT1/phv/b/n' will be
(Font)              scaled to size 8.99994pt on input line 529.
LaTeX Font Info:    Font shape `OT1/phv/b/n' will be
(Font)              scaled to size 8.99994pt on input line 529.

Package fancyhdr Warning: \headheight is too small (12.0pt): 
(fancyhdr)                Make it at least 12.00003pt, for example:
(fancyhdr)                \setlength{\headheight}{12.00003pt}.
(fancyhdr)                You might also make \topmargin smaller:
(fancyhdr)                \addtolength{\topmargin}{-0.00003pt}.

LaTeX Font Info:    Font shape `OT1/phv/m/n' will be
(Font)              scaled to size 8.99994pt on input line 529.
LaTeX Font Info:    Font shape `OT1/phv/b/n' will be
(Font)              scaled to size 8.99994pt on input line 529.
LaTeX Font Info:    Font shape `OT1/phv/b/n' will be
(Font)              scaled to size 6.29996pt on input line 529.
LaTeX Font Info:    Font shape `OT1/phv/b/n' will be
(Font)              scaled to size 6.29996pt on input line 529.
[304]
Underfull \hbox (badness 10000) detected at line 531
[][][]
 []

> Step: init table outer spec.
> Step: parse table options.
> Step: split table.
> Step: init table inner spec.
> Step: parse table inner spec.
> Step: execute table commands.
> Step: calculate cell and line sizes.
> Step: build the whole table.
> Step: init table outer spec.
> Step: parse table options.
> Step: split table.
> Step: init table inner spec.
> Step: parse table inner spec.
> Step: execute table commands.
> Step: calculate cell and line sizes.
> Step: build the whole table.
> Step: init table outer spec.
> Step: parse table options.
> Step: split table.
> Step: init table inner spec.
> Step: parse table inner spec.
> Step: execute table commands.
> Step: calculate cell and line sizes.
> Step: build the whole table.
> Step: init table outer spec.
> Step: parse table options.
> Step: split table.
> Step: init table inner spec.
> Step: parse table inner spec.
> Step: execute table commands.
> Step: calculate cell and line sizes.
> Step: build the whole table.

Underfull \hbox (badness 10000) detected at line 580
[][][]
 []

> Step: init table outer spec.
> Step: parse table options.
> Step: split table.
> Step: init table inner spec.
> Step: parse table inner spec.
> Step: execute table commands.
> Step: calculate cell and line sizes.
> Step: build the whole table.
> Step: init table outer spec.
> Step: parse table options.
> Step: split table.
> Step: init table inner spec.
> Step: parse table inner spec.
> Step: execute table commands.
> Step: calculate cell and line sizes.
> Step: build the whole table.



Package fancyhdr Warning: \headheight is too small (12.0pt): 
(fancyhdr)                Make it at least 12.00003pt, for example:
(fancyhdr)                \setlength{\headheight}{12.00003pt}.
(fancyhdr)                You might also make \topmargin smaller:
(fancyhdr)                \addtolength{\topmargin}{-0.00003pt}.

[305]
> Step: init table outer spec.
> Step: parse table options.
> Step: split table.
> Step: init table inner spec.
> Step: parse table inner spec.
> Step: execute table commands.
> Step: calculate cell and line sizes.
> Step: build the whole table.
> Step: init table outer spec.
> Step: parse table options.
> Step: split table.
> Step: init table inner spec.
> Step: parse table inner spec.
> Step: execute table commands.
> Step: calculate cell and line sizes.
> Step: build the whole table.
> Step: init table outer spec.
> Step: parse table options.
> Step: split table.
> Step: init table inner spec.
> Step: parse table inner spec.
> Step: execute table commands.
> Step: calculate cell and line sizes.
> Step: build the whole table.
> Step: init table outer spec.
> Step: parse table options.
> Step: split table.
> Step: init table inner spec.
> Step: parse table inner spec.
> Step: execute table commands.
> Step: calculate cell and line sizes.
> Step: build the whole table.

Underfull \hbox (badness 10000) detected at line 634
[][][]
 []

 <./classgg_1_1GgTrackball_a9613e5e3f4e41561938f8372ac8f55f2_cgraph.pdf>
<classgg_1_1GgTrackball_a9613e5e3f4e41561938f8372ac8f55f2_cgraph.pdf, id=16073,
 754.82pt x 156.585pt>
File: classgg_1_1GgTrackball_a9613e5e3f4e41561938f8372ac8f55f2_cgraph.pdf Graph
ic file (type pdf)
<use classgg_1_1GgTrackball_a9613e5e3f4e41561938f8372ac8f55f2_cgraph.pdf>
Package pdftex.def Info: classgg_1_1GgTrackball_a9613e5e3f4e41561938f8372ac8f55
f2_cgraph.pdf  used on input line 646.
(pdftex.def)             Requested size: 350.0pt x 72.60579pt.
 <./classgg_1_1GgTrackball_a9613e5e3f4e41561938f8372ac8f55f2_icgraph.pdf>
<classgg_1_1GgTrackball_a9613e5e3f4e41561938f8372ac8f55f2_icgraph.pdf, id=16081
, 344.28625pt x 100.375pt>
File: classgg_1_1GgTrackball_a9613e5e3f4e41561938f8372ac8f55f2_icgraph.pdf Grap
hic file (type pdf)
<use classgg_1_1GgTrackball_a9613e5e3f4e41561938f8372ac8f55f2_icgraph.pdf>
Package pdftex.def Info: classgg_1_1GgTrackball_a9613e5e3f4e41561938f8372ac8f55
f2_icgraph.pdf  used on input line 654.
(pdftex.def)             Requested size: 343.0pt x 100.00102pt.
> Step: init table outer spec.
> Step: parse table options.
> Step: split table.
> Step: init table inner spec.
> Step: parse table inner spec.
> Step: execute table commands.
> Step: calculate cell and line sizes.
> Step: build the whole table.
> Step: init table outer spec.
> Step: parse table options.
> Step: split table.
> Step: init table inner spec.
> Step: parse table inner spec.
> Step: execute table commands.
> Step: calculate cell and line sizes.
> Step: build the whole table.



Package fancyhdr Warning: \headheight is too small (12.0pt): 
(fancyhdr)                Make it at least 12.00003pt, for example:
(fancyhdr)                \setlength{\headheight}{12.00003pt}.
(fancyhdr)                You might also make \topmargin smaller:
(fancyhdr)                \addtolength{\topmargin}{-0.00003pt}.

[306] <./classgg_1_1GgTrackball_a980a60c0d7b99d203bff8b5f1cb7eb66_cgraph.pdf>
<classgg_1_1GgTrackball_a980a60c0d7b99d203bff8b5f1cb7eb66_cgraph.pdf, id=16105,
 764.8575pt x 214.8025pt>
File: classgg_1_1GgTrackball_a980a60c0d7b99d203bff8b5f1cb7eb66_cgraph.pdf Graph
ic file (type pdf)
<use classgg_1_1GgTrackball_a980a60c0d7b99d203bff8b5f1cb7eb66_cgraph.pdf>
Package pdftex.def Info: classgg_1_1GgTrackball_a980a60c0d7b99d203bff8b5f1cb7eb
66_cgraph.pdf  used on input line 679.
(pdftex.def)             Requested size: 350.0pt x 98.29248pt.
> Step: init table outer spec.
> Step: parse table options.
> Step: split table.
> Step: init table inner spec.
> Step: parse table inner spec.
> Step: execute table commands.
> Step: calculate cell and line sizes.
> Step: build the whole table.
> Step: init table outer spec.
> Step: parse table options.
> Step: split table.
> Step: init table inner spec.
> Step: parse table inner spec.
> Step: execute table commands.
> Step: calculate cell and line sizes.
> Step: build the whole table.

Underfull \hbox (badness 10000) detected at line 697
[][][]
 []

 <./classgg_1_1GgTrackball_ab6d959db5ef9b8405da2f5ded29766d0_icgraph.pdf>
<classgg_1_1GgTrackball_ab6d959db5ef9b8405da2f5ded29766d0_icgraph.pdf, id=16115
, 352.31625pt x 100.375pt>
File: classgg_1_1GgTrackball_ab6d959db5ef9b8405da2f5ded29766d0_icgraph.pdf Grap
hic file (type pdf)
<use classgg_1_1GgTrackball_ab6d959db5ef9b8405da2f5ded29766d0_icgraph.pdf>
Package pdftex.def Info: classgg_1_1GgTrackball_ab6d959db5ef9b8405da2f5ded29766
d0_icgraph.pdf  used on input line 709.
(pdftex.def)             Requested size: 350.0pt x 99.71461pt.
> Step: init table outer spec.
> Step: parse table options.
> Step: split table.
> Step: init table inner spec.
> Step: parse table inner spec.
> Step: execute table commands.
> Step: calculate cell and line sizes.
> Step: build the whole table.
> Step: init table outer spec.
> Step: parse table options.
> Step: split table.
> Step: init table inner spec.
> Step: parse table inner spec.
> Step: execute table commands.
> Step: calculate cell and line sizes.
> Step: build the whole table.



Package fancyhdr Warning: \headheight is too small (12.0pt): 
(fancyhdr)                Make it at least 12.00003pt, for example:
(fancyhdr)                \setlength{\headheight}{12.00003pt}.
(fancyhdr)                You might also make \topmargin smaller:
(fancyhdr)                \addtolength{\topmargin}{-0.00003pt}.

[307]
Underfull \hbox (badness 10000) detected at line 727
[][][]
 []

 <./classgg_1_1GgTrackball_af0ff2b315542776b0b465f5e166c4c8a_cgraph.pdf>
<classgg_1_1GgTrackball_af0ff2b315542776b0b465f5e166c4c8a_cgraph.pdf, id=16136,
 352.31625pt x 100.375pt>
File: classgg_1_1GgTrackball_af0ff2b315542776b0b465f5e166c4c8a_cgraph.pdf Graph
ic file (type pdf)
<use classgg_1_1GgTrackball_af0ff2b315542776b0b465f5e166c4c8a_cgraph.pdf>
Package pdftex.def Info: classgg_1_1GgTrackball_af0ff2b315542776b0b465f5e166c4c
8a_cgraph.pdf  used on input line 739.
(pdftex.def)             Requested size: 350.0pt x 99.71461pt.
> Step: init table outer spec.
> Step: parse table options.
> Step: split table.
> Step: init table inner spec.
> Step: parse table inner spec.
> Step: execute table commands.
> Step: calculate cell and line sizes.
> Step: build the whole table.
> Step: init table outer spec.
> Step: parse table options.
> Step: split table.
> Step: init table inner spec.
> Step: parse table inner spec.
> Step: execute table commands.
> Step: calculate cell and line sizes.
> Step: build the whole table.
 <./classgg_1_1GgTrackball_aaaa41ddff91ff91173133d478356b836_cgraph.pdf>
<classgg_1_1GgTrackball_aaaa41ddff91ff91173133d478356b836_cgraph.pdf, id=16148,
 388.45125pt x 156.585pt>
File: classgg_1_1GgTrackball_aaaa41ddff91ff91173133d478356b836_cgraph.pdf Graph
ic file (type pdf)
<use classgg_1_1GgTrackball_aaaa41ddff91ff91173133d478356b836_cgraph.pdf>
Package pdftex.def Info: classgg_1_1GgTrackball_aaaa41ddff91ff91173133d478356b8
36_cgraph.pdf  used on input line 764.
(pdftex.def)             Requested size: 350.0pt x 141.08766pt.
 <./classgg_1_1GgTrackball_aaaa41ddff91ff91173133d478356b836_icgraph.pdf>
<classgg_1_1GgTrackball_aaaa41ddff91ff91173133d478356b836_icgraph.pdf, id=16156
, 543.02875pt x 100.375pt>
File: classgg_1_1GgTrackball_aaaa41ddff91ff91173133d478356b836_icgraph.pdf Grap
hic file (type pdf)
<use classgg_1_1GgTrackball_aaaa41ddff91ff91173133d478356b836_icgraph.pdf>
Package pdftex.def Info: classgg_1_1GgTrackball_aaaa41ddff91ff91173133d478356b8
36_icgraph.pdf  used on input line 772.
(pdftex.def)             Requested size: 350.0pt x 64.69771pt.



Package fancyhdr Warning: \headheight is too small (12.0pt): 
(fancyhdr)                Make it at least 12.00003pt, for example:
(fancyhdr)                \setlength{\headheight}{12.00003pt}.
(fancyhdr)                You might also make \topmargin smaller:
(fancyhdr)                \addtolength{\topmargin}{-0.00003pt}.

[308]
> Step: init table outer spec.
> Step: parse table options.
> Step: split table.
> Step: init table inner spec.
> Step: parse table inner spec.
> Step: execute table commands.
> Step: calculate cell and line sizes.
> Step: build the whole table.
> Step: init table outer spec.
> Step: parse table options.
> Step: split table.
> Step: init table inner spec.
> Step: parse table inner spec.
> Step: execute table commands.
> Step: calculate cell and line sizes.
> Step: build the whole table.
 <./classgg_1_1GgTrackball_adbf3c13a6442309c79bd3185fa74a0a4_cgraph.pdf>
<classgg_1_1GgTrackball_adbf3c13a6442309c79bd3185fa74a0a4_cgraph.pdf, id=16178,
 914.41624pt x 194.7275pt>
File: classgg_1_1GgTrackball_adbf3c13a6442309c79bd3185fa74a0a4_cgraph.pdf Graph
ic file (type pdf)
<use classgg_1_1GgTrackball_adbf3c13a6442309c79bd3185fa74a0a4_cgraph.pdf>
Package pdftex.def Info: classgg_1_1GgTrackball_adbf3c13a6442309c79bd3185fa74a0
a4_cgraph.pdf  used on input line 797.
(pdftex.def)             Requested size: 350.0pt x 74.53204pt.
)
(./classgg_1_1GgTriangles.tex <./classgg_1_1GgTriangles__inherit__graph.pdf>
<classgg_1_1GgTriangles__inherit__graph.pdf, id=16188, 167.62625pt x 212.795pt>

File: classgg_1_1GgTriangles__inherit__graph.pdf Graphic file (type pdf)
<use classgg_1_1GgTriangles__inherit__graph.pdf>
Package pdftex.def Info: classgg_1_1GgTriangles__inherit__graph.pdf  used on in
put line 14.
(pdftex.def)             Requested size: 167.0pt x 211.99895pt.



Package fancyhdr Warning: \headheight is too small (12.0pt): 
(fancyhdr)                Make it at least 12.00003pt, for example:
(fancyhdr)                \setlength{\headheight}{12.00003pt}.
(fancyhdr)                You might also make \topmargin smaller:
(fancyhdr)                \addtolength{\topmargin}{-0.00003pt}.

[309] <./classgg_1_1GgTriangles__coll__graph.pdf>
<classgg_1_1GgTriangles__coll__graph.pdf, id=16205, 165.61874pt x 156.585pt>
File: classgg_1_1GgTriangles__coll__graph.pdf Graphic file (type pdf)
<use classgg_1_1GgTriangles__coll__graph.pdf>
Package pdftex.def Info: classgg_1_1GgTriangles__coll__graph.pdf  used on input
 line 24.
(pdftex.def)             Requested size: 165.0pt x 156.0064pt.



Package fancyhdr Warning: \headheight is too small (12.0pt): 
(fancyhdr)                Make it at least 12.00003pt, for example:
(fancyhdr)                \setlength{\headheight}{12.00003pt}.
(fancyhdr)                You might also make \topmargin smaller:
(fancyhdr)                \addtolength{\topmargin}{-0.00003pt}.

[310]
> Step: init table outer spec.
> Step: parse table options.
> Step: split table.
> Step: init table inner spec.
> Step: parse table inner spec.
> Step: execute table commands.
> Step: calculate cell and line sizes.
> Step: build the whole table.
> Step: init table outer spec.
> Step: parse table options.
> Step: split table.
> Step: init table inner spec.
> Step: parse table inner spec.
> Step: execute table commands.
> Step: calculate cell and line sizes.
> Step: build the whole table.
 <./classgg_1_1GgTriangles_a5482f2023b35d5937f7a4b6da3501d44_cgraph.pdf>
<classgg_1_1GgTriangles_a5482f2023b35d5937f7a4b6da3501d44_cgraph.pdf, id=16246,
 380.42125pt x 100.375pt>
File: classgg_1_1GgTriangles_a5482f2023b35d5937f7a4b6da3501d44_cgraph.pdf Graph
ic file (type pdf)
<use classgg_1_1GgTriangles_a5482f2023b35d5937f7a4b6da3501d44_cgraph.pdf>
Package pdftex.def Info: classgg_1_1GgTriangles_a5482f2023b35d5937f7a4b6da3501d
44_cgraph.pdf  used on input line 97.
(pdftex.def)             Requested size: 350.0pt x 92.3507pt.
 <./classgg_1_1GgTriangles_a5482f2023b35d5937f7a4b6da3501d44_icgraph.pdf>
<classgg_1_1GgTriangles_a5482f2023b35d5937f7a4b6da3501d44_icgraph.pdf, id=16254
, 591.20876pt x 138.5175pt>
File: classgg_1_1GgTriangles_a5482f2023b35d5937f7a4b6da3501d44_icgraph.pdf Grap
hic file (type pdf)
<use classgg_1_1GgTriangles_a5482f2023b35d5937f7a4b6da3501d44_icgraph.pdf>
Package pdftex.def Info: classgg_1_1GgTriangles_a5482f2023b35d5937f7a4b6da3501d
44_icgraph.pdf  used on input line 105.
(pdftex.def)             Requested size: 350.0pt x 82.0057pt.
> Step: init table outer spec.
> Step: parse table options.
> Step: split table.
> Step: init table inner spec.
> Step: parse table inner spec.
> Step: execute table commands.
> Step: calculate cell and line sizes.
> Step: build the whole table.
> Step: init table outer spec.
> Step: parse table options.
> Step: split table.
> Step: init table inner spec.
> Step: parse table inner spec.
> Step: execute table commands.
> Step: calculate cell and line sizes.
> Step: build the whole table.



Package fancyhdr Warning: \headheight is too small (12.0pt): 
(fancyhdr)                Make it at least 12.00003pt, for example:
(fancyhdr)                \setlength{\headheight}{12.00003pt}.
(fancyhdr)                You might also make \topmargin smaller:
(fancyhdr)                \addtolength{\topmargin}{-0.00003pt}.

[311] <./classgg_1_1GgTriangles_ae7b21f7915cf62a2a6d9089b7d1c5bb7_cgraph.pdf>
<classgg_1_1GgTriangles_ae7b21f7915cf62a2a6d9089b7d1c5bb7_cgraph.pdf, id=16278,
 561.09625pt x 138.5175pt>
File: classgg_1_1GgTriangles_ae7b21f7915cf62a2a6d9089b7d1c5bb7_cgraph.pdf Graph
ic file (type pdf)
<use classgg_1_1GgTriangles_ae7b21f7915cf62a2a6d9089b7d1c5bb7_cgraph.pdf>
Package pdftex.def Info: classgg_1_1GgTriangles_ae7b21f7915cf62a2a6d9089b7d1c5b
b7_cgraph.pdf  used on input line 136.
(pdftex.def)             Requested size: 350.0pt x 86.40413pt.
> Step: init table outer spec.
> Step: parse table options.
> Step: split table.
> Step: init table inner spec.
> Step: parse table inner spec.
> Step: execute table commands.
> Step: calculate cell and line sizes.
> Step: build the whole table.
> Step: init table outer spec.
> Step: parse table options.
> Step: split table.
> Step: init table inner spec.
> Step: parse table inner spec.
> Step: execute table commands.
> Step: calculate cell and line sizes.
> Step: build the whole table.
 <./classgg_1_1GgTriangles_ac6af2cf80311f3429271e7cbde302e02_cgraph.pdf>
<classgg_1_1GgTriangles_ac6af2cf80311f3429271e7cbde302e02_cgraph.pdf, id=16292,
 360.34625pt x 176.66pt>
File: classgg_1_1GgTriangles_ac6af2cf80311f3429271e7cbde302e02_cgraph.pdf Graph
ic file (type pdf)
<use classgg_1_1GgTriangles_ac6af2cf80311f3429271e7cbde302e02_cgraph.pdf>
Package pdftex.def Info: classgg_1_1GgTriangles_ac6af2cf80311f3429271e7cbde302e
02_cgraph.pdf  used on input line 186.
(pdftex.def)             Requested size: 350.0pt x 171.58641pt.



Package fancyhdr Warning: \headheight is too small (12.0pt): 
(fancyhdr)                Make it at least 12.00003pt, for example:
(fancyhdr)                \setlength{\headheight}{12.00003pt}.
(fancyhdr)                You might also make \topmargin smaller:
(fancyhdr)                \addtolength{\topmargin}{-0.00003pt}.

[312]
Underfull \hbox (badness 10000) detected at line 197
[][][]
 []


Underfull \hbox (badness 10000) detected at line 212
[][][]
 []

 <./classgg_1_1GgTriangles_a175a09c25313d9ae85bc4badf91fbfd6_icgraph.pdf>
<classgg_1_1GgTriangles_a175a09c25313d9ae85bc4badf91fbfd6_icgraph.pdf, id=16315
, 360.34625pt x 100.375pt>
File: classgg_1_1GgTriangles_a175a09c25313d9ae85bc4badf91fbfd6_icgraph.pdf Grap
hic file (type pdf)
<use classgg_1_1GgTriangles_a175a09c25313d9ae85bc4badf91fbfd6_icgraph.pdf>
Package pdftex.def Info: classgg_1_1GgTriangles_a175a09c25313d9ae85bc4badf91fbf
d6_icgraph.pdf  used on input line 224.
(pdftex.def)             Requested size: 350.0pt x 97.49226pt.
> Step: init table outer spec.
> Step: parse table options.
> Step: split table.
> Step: init table inner spec.
> Step: parse table inner spec.
> Step: execute table commands.
> Step: calculate cell and line sizes.
> Step: build the whole table.
> Step: init table outer spec.
> Step: parse table options.
> Step: split table.
> Step: init table inner spec.
> Step: parse table inner spec.
> Step: execute table commands.
> Step: calculate cell and line sizes.
> Step: build the whole table.



Package fancyhdr Warning: \headheight is too small (12.0pt): 
(fancyhdr)                Make it at least 12.00003pt, for example:
(fancyhdr)                \setlength{\headheight}{12.00003pt}.
(fancyhdr)                You might also make \topmargin smaller:
(fancyhdr)                \addtolength{\topmargin}{-0.00003pt}.

[313] <./classgg_1_1GgTriangles_a2cfa85c9ee633974e69df68d9ec588f1_icgraph.pdf>
<classgg_1_1GgTriangles_a2cfa85c9ee633974e69df68d9ec588f1_icgraph.pdf, id=16337
, 553.06625pt x 138.5175pt>
File: classgg_1_1GgTriangles_a2cfa85c9ee633974e69df68d9ec588f1_icgraph.pdf Grap
hic file (type pdf)
<use classgg_1_1GgTriangles_a2cfa85c9ee633974e69df68d9ec588f1_icgraph.pdf>
Package pdftex.def Info: classgg_1_1GgTriangles_a2cfa85c9ee633974e69df68d9ec588
f1_icgraph.pdf  used on input line 253.
(pdftex.def)             Requested size: 350.0pt x 87.65749pt.
> Step: init table outer spec.
> Step: parse table options.
> Step: split table.
> Step: init table inner spec.
> Step: parse table inner spec.
> Step: execute table commands.
> Step: calculate cell and line sizes.
> Step: build the whole table.
> Step: init table outer spec.
> Step: parse table options.
> Step: split table.
> Step: init table inner spec.
> Step: parse table inner spec.
> Step: execute table commands.
> Step: calculate cell and line sizes.
> Step: build the whole table.
 <./classgg_1_1GgTriangles_ad692daaef1ab57862918178636375328_icgraph.pdf>
<classgg_1_1GgTriangles_ad692daaef1ab57862918178636375328_icgraph.pdf, id=16348
, 343.2825pt x 100.375pt>
File: classgg_1_1GgTriangles_ad692daaef1ab57862918178636375328_icgraph.pdf Grap
hic file (type pdf)
<use classgg_1_1GgTriangles_ad692daaef1ab57862918178636375328_icgraph.pdf>
Package pdftex.def Info: classgg_1_1GgTriangles_ad692daaef1ab578629181786363753
28_icgraph.pdf  used on input line 282.
(pdftex.def)             Requested size: 342.0pt x 99.9995pt.
)
(./classgg_1_1GgUniformBuffer.tex


Package fancyhdr Warning: \headheight is too small (12.0pt): 
(fancyhdr)                Make it at least 12.00003pt, for example:
(fancyhdr)                \setlength{\headheight}{12.00003pt}.
(fancyhdr)                You might also make \topmargin smaller:
(fancyhdr)                \addtolength{\topmargin}{-0.00003pt}.

[314]
Underfull \hbox (badness 10000) detected at line 55
[][][]
 []

> Step: init table outer spec.
> Step: parse table options.
> Step: split table.
> Step: init table inner spec.
> Step: parse table inner spec.
> Step: execute table commands.
> Step: calculate cell and line sizes.
> Step: build the whole table.
> Step: init table outer spec.
> Step: parse table options.
> Step: split table.
> Step: init table inner spec.
> Step: parse table inner spec.
> Step: execute table commands.
> Step: calculate cell and line sizes.
> Step: build the whole table.



Package fancyhdr Warning: \headheight is too small (12.0pt): 
(fancyhdr)                Make it at least 12.00003pt, for example:
(fancyhdr)                \setlength{\headheight}{12.00003pt}.
(fancyhdr)                You might also make \topmargin smaller:
(fancyhdr)                \addtolength{\topmargin}{-0.00003pt}.

[315] <./classgg_1_1GgUniformBuffer_ad35bb060eb37e5f3679e24f469016eeb_cgraph.pd
f>
<classgg_1_1GgUniformBuffer_ad35bb060eb37e5f3679e24f469016eeb_cgraph.pdf, id=16
424, 611.28375pt x 262.9825pt>
File: classgg_1_1GgUniformBuffer_ad35bb060eb37e5f3679e24f469016eeb_cgraph.pdf G
raphic file (type pdf)
<use classgg_1_1GgUniformBuffer_ad35bb060eb37e5f3679e24f469016eeb_cgraph.pdf>
Package pdftex.def Info: classgg_1_1GgUniformBuffer_ad35bb060eb37e5f3679e24f469
016eeb_cgraph.pdf  used on input line 105.
(pdftex.def)             Requested size: 350.0pt x 150.5717pt.
> Step: init table outer spec.
> Step: parse table options.
> Step: split table.
> Step: init table inner spec.
> Step: parse table inner spec.
> Step: execute table commands.
> Step: calculate cell and line sizes.
> Step: build the whole table.
> Step: init table outer spec.
> Step: parse table options.
> Step: split table.
> Step: init table inner spec.
> Step: parse table inner spec.
> Step: execute table commands.
> Step: calculate cell and line sizes.
> Step: build the whole table.
 <./classgg_1_1GgUniformBuffer_af737530228e2b2e70016e433f6c96e9d_cgraph.pdf>
<classgg_1_1GgUniformBuffer_af737530228e2b2e70016e433f6c96e9d_cgraph.pdf, id=16
435, 611.28375pt x 262.9825pt>
File: classgg_1_1GgUniformBuffer_af737530228e2b2e70016e433f6c96e9d_cgraph.pdf G
raphic file (type pdf)
<use classgg_1_1GgUniformBuffer_af737530228e2b2e70016e433f6c96e9d_cgraph.pdf>
Package pdftex.def Info: classgg_1_1GgUniformBuffer_af737530228e2b2e70016e433f6
c96e9d_cgraph.pdf  used on input line 135.
(pdftex.def)             Requested size: 350.0pt x 150.5717pt.


LaTeX Font Info:    Font shape `OT1/phv/m/n' will be
(Font)              scaled to size 8.99994pt on input line 145.
LaTeX Font Info:    Font shape `OT1/phv/m/n' will be
(Font)              scaled to size 8.99994pt on input line 145.
LaTeX Font Info:    Font shape `OT1/phv/m/n' will be
(Font)              scaled to size 8.99994pt on input line 145.
LaTeX Font Info:    Font shape `OT1/phv/b/n' will be
(Font)              scaled to size 8.99994pt on input line 145.
LaTeX Font Info:    Font shape `OT1/phv/b/n' will be
(Font)              scaled to size 8.99994pt on input line 145.

Package fancyhdr Warning: \headheight is too small (12.0pt): 
(fancyhdr)                Make it at least 12.00003pt, for example:
(fancyhdr)                \setlength{\headheight}{12.00003pt}.
(fancyhdr)                You might also make \topmargin smaller:
(fancyhdr)                \addtolength{\topmargin}{-0.00003pt}.

LaTeX Font Info:    Font shape `OT1/phv/m/n' will be
(Font)              scaled to size 8.99994pt on input line 145.
LaTeX Font Info:    Font shape `OT1/phv/b/n' will be
(Font)              scaled to size 8.99994pt on input line 145.
LaTeX Font Info:    Font shape `OT1/phv/b/n' will be
(Font)              scaled to size 6.29996pt on input line 145.
LaTeX Font Info:    Font shape `OT1/phv/b/n' will be
(Font)              scaled to size 6.29996pt on input line 145.
[316] <./classgg_1_1GgUniformBuffer_abcc61a088d16f53a9a51749dd34c24b8_icgraph.p
df>
<classgg_1_1GgUniformBuffer_abcc61a088d16f53a9a51749dd34c24b8_icgraph.pdf, id=1
6461, 611.28375pt x 237.88875pt>
File: classgg_1_1GgUniformBuffer_abcc61a088d16f53a9a51749dd34c24b8_icgraph.pdf 
Graphic file (type pdf)
<use classgg_1_1GgUniformBuffer_abcc61a088d16f53a9a51749dd34c24b8_icgraph.pdf>
Package pdftex.def Info: classgg_1_1GgUniformBuffer_abcc61a088d16f53a9a51749dd3
4c24b8_icgraph.pdf  used on input line 170.
(pdftex.def)             Requested size: 350.0pt x 136.20418pt.
> Step: init table outer spec.
> Step: parse table options.
> Step: split table.
> Step: init table inner spec.
> Step: parse table inner spec.
> Step: execute table commands.
> Step: calculate cell and line sizes.
> Step: build the whole table.
> Step: init table outer spec.
> Step: parse table options.
> Step: split table.
> Step: init table inner spec.
> Step: parse table inner spec.
> Step: execute table commands.
> Step: calculate cell and line sizes.
> Step: build the whole table.
 <./classgg_1_1GgUniformBuffer_a0ad63590a48c6a54e92b98a3f0d53242_cgraph.pdf>
<classgg_1_1GgUniformBuffer_a0ad63590a48c6a54e92b98a3f0d53242_cgraph.pdf, id=16
478, 328.22626pt x 212.795pt>
File: classgg_1_1GgUniformBuffer_a0ad63590a48c6a54e92b98a3f0d53242_cgraph.pdf G
raphic file (type pdf)
<use classgg_1_1GgUniformBuffer_a0ad63590a48c6a54e92b98a3f0d53242_cgraph.pdf>
Package pdftex.def Info: classgg_1_1GgUniformBuffer_a0ad63590a48c6a54e92b98a3f0
d53242_cgraph.pdf  used on input line 202.
(pdftex.def)             Requested size: 327.0pt x 212.0022pt.



Package fancyhdr Warning: \headheight is too small (12.0pt): 
(fancyhdr)                Make it at least 12.00003pt, for example:
(fancyhdr)                \setlength{\headheight}{12.00003pt}.
(fancyhdr)                You might also make \topmargin smaller:
(fancyhdr)                \addtolength{\topmargin}{-0.00003pt}.

[317]
> Step: init table outer spec.
> Step: parse table options.
> Step: split table.
> Step: init table inner spec.
> Step: parse table inner spec.
> Step: execute table commands.
> Step: calculate cell and line sizes.
> Step: build the whole table.
> Step: init table outer spec.
> Step: parse table options.
> Step: split table.
> Step: init table inner spec.
> Step: parse table inner spec.
> Step: execute table commands.
> Step: calculate cell and line sizes.
> Step: build the whole table.
 <./classgg_1_1GgUniformBuffer_a54af5ca44551f3d6799966590b80d7a1_cgraph.pdf>
<classgg_1_1GgUniformBuffer_a54af5ca44551f3d6799966590b80d7a1_cgraph.pdf, id=16
501, 328.22626pt x 262.9825pt>
File: classgg_1_1GgUniformBuffer_a54af5ca44551f3d6799966590b80d7a1_cgraph.pdf G
raphic file (type pdf)
<use classgg_1_1GgUniformBuffer_a54af5ca44551f3d6799966590b80d7a1_cgraph.pdf>
Package pdftex.def Info: classgg_1_1GgUniformBuffer_a54af5ca44551f3d6799966590b
80d7a1_cgraph.pdf  used on input line 236.
(pdftex.def)             Requested size: 327.0pt x 262.00272pt.


LaTeX Font Info:    Font shape `OT1/phv/m/n' will be
(Font)              scaled to size 8.99994pt on input line 239.
LaTeX Font Info:    Font shape `OT1/phv/m/n' will be
(Font)              scaled to size 8.99994pt on input line 239.
LaTeX Font Info:    Font shape `OT1/phv/m/n' will be
(Font)              scaled to size 8.99994pt on input line 239.
LaTeX Font Info:    Font shape `OT1/phv/b/n' will be
(Font)              scaled to size 8.99994pt on input line 239.
LaTeX Font Info:    Font shape `OT1/phv/b/n' will be
(Font)              scaled to size 8.99994pt on input line 239.

Package fancyhdr Warning: \headheight is too small (12.0pt): 
(fancyhdr)                Make it at least 12.00003pt, for example:
(fancyhdr)                \setlength{\headheight}{12.00003pt}.
(fancyhdr)                You might also make \topmargin smaller:
(fancyhdr)                \addtolength{\topmargin}{-0.00003pt}.

LaTeX Font Info:    Font shape `OT1/phv/m/n' will be
(Font)              scaled to size 8.99994pt on input line 239.
LaTeX Font Info:    Font shape `OT1/phv/b/n' will be
(Font)              scaled to size 8.99994pt on input line 239.
LaTeX Font Info:    Font shape `OT1/phv/b/n' will be
(Font)              scaled to size 6.29996pt on input line 239.
LaTeX Font Info:    Font shape `OT1/phv/b/n' will be
(Font)              scaled to size 6.29996pt on input line 239.
[318] <./classgg_1_1GgUniformBuffer_a54af5ca44551f3d6799966590b80d7a1_icgraph.p
df>
<classgg_1_1GgUniformBuffer_a54af5ca44551f3d6799966590b80d7a1_icgraph.pdf, id=1
6517, 328.22626pt x 112.42pt>
File: classgg_1_1GgUniformBuffer_a54af5ca44551f3d6799966590b80d7a1_icgraph.pdf 
Graphic file (type pdf)
<use classgg_1_1GgUniformBuffer_a54af5ca44551f3d6799966590b80d7a1_icgraph.pdf>
Package pdftex.def Info: classgg_1_1GgUniformBuffer_a54af5ca44551f3d6799966590b
80d7a1_icgraph.pdf  used on input line 244.
(pdftex.def)             Requested size: 327.0pt x 112.00116pt.

Underfull \hbox (badness 10000) detected at line 256
[][][]
 []

 <./classgg_1_1GgUniformBuffer_a2b32d9bbfd87830bc2db3d4431d89176_icgraph.pdf>
<classgg_1_1GgUniformBuffer_a2b32d9bbfd87830bc2db3d4431d89176_icgraph.pdf, id=1
6528, 328.22626pt x 112.42pt>
File: classgg_1_1GgUniformBuffer_a2b32d9bbfd87830bc2db3d4431d89176_icgraph.pdf 
Graphic file (type pdf)
<use classgg_1_1GgUniformBuffer_a2b32d9bbfd87830bc2db3d4431d89176_icgraph.pdf>
Package pdftex.def Info: classgg_1_1GgUniformBuffer_a2b32d9bbfd87830bc2db3d4431
d89176_icgraph.pdf  used on input line 268.
(pdftex.def)             Requested size: 327.0pt x 112.00116pt.



Package fancyhdr Warning: \headheight is too small (12.0pt): 
(fancyhdr)                Make it at least 12.00003pt, for example:
(fancyhdr)                \setlength{\headheight}{12.00003pt}.
(fancyhdr)                You might also make \topmargin smaller:
(fancyhdr)                \addtolength{\topmargin}{-0.00003pt}.

[319]
Underfull \hbox (badness 10000) detected at line 280
[][][]
 []

 <./classgg_1_1GgUniformBuffer_a476ed194c6ae2e4a6cbcdfe119db039b_icgraph.pdf>
<classgg_1_1GgUniformBuffer_a476ed194c6ae2e4a6cbcdfe119db039b_icgraph.pdf, id=1
6546, 611.28375pt x 288.07625pt>
File: classgg_1_1GgUniformBuffer_a476ed194c6ae2e4a6cbcdfe119db039b_icgraph.pdf 
Graphic file (type pdf)
<use classgg_1_1GgUniformBuffer_a476ed194c6ae2e4a6cbcdfe119db039b_icgraph.pdf>
Package pdftex.def Info: classgg_1_1GgUniformBuffer_a476ed194c6ae2e4a6cbcdfe119
db039b_icgraph.pdf  used on input line 292.
(pdftex.def)             Requested size: 350.0pt x 164.93924pt.

Underfull \hbox (badness 10000) detected at line 304
[][][]
 []

 <./classgg_1_1GgUniformBuffer_ad4b0676ee460d8884f2f041fd2dc3506_icgraph.pdf>
<classgg_1_1GgUniformBuffer_ad4b0676ee460d8884f2f041fd2dc3506_icgraph.pdf, id=1
6557, 611.28375pt x 288.07625pt>
File: classgg_1_1GgUniformBuffer_ad4b0676ee460d8884f2f041fd2dc3506_icgraph.pdf 
Graphic file (type pdf)
<use classgg_1_1GgUniformBuffer_ad4b0676ee460d8884f2f041fd2dc3506_icgraph.pdf>
Package pdftex.def Info: classgg_1_1GgUniformBuffer_ad4b0676ee460d8884f2f041fd2
dc3506_icgraph.pdf  used on input line 316.
(pdftex.def)             Requested size: 350.0pt x 164.93924pt.



Package fancyhdr Warning: \headheight is too small (12.0pt): 
(fancyhdr)                Make it at least 12.00003pt, for example:
(fancyhdr)                \setlength{\headheight}{12.00003pt}.
(fancyhdr)                You might also make \topmargin smaller:
(fancyhdr)                \addtolength{\topmargin}{-0.00003pt}.

[320]
Underfull \hbox (badness 10000) detected at line 328
[][][]
 []

 <./classgg_1_1GgUniformBuffer_ad097650d4355144a15deb49bf78e6198_icgraph.pdf>
<classgg_1_1GgUniformBuffer_ad097650d4355144a15deb49bf78e6198_icgraph.pdf, id=1
6577, 611.28375pt x 237.88875pt>
File: classgg_1_1GgUniformBuffer_ad097650d4355144a15deb49bf78e6198_icgraph.pdf 
Graphic file (type pdf)
<use classgg_1_1GgUniformBuffer_ad097650d4355144a15deb49bf78e6198_icgraph.pdf>
Package pdftex.def Info: classgg_1_1GgUniformBuffer_ad097650d4355144a15deb49bf7
8e6198_icgraph.pdf  used on input line 340.
(pdftex.def)             Requested size: 350.0pt x 136.20418pt.
> Step: init table outer spec.
> Step: parse table options.
> Step: split table.
> Step: init table inner spec.
> Step: parse table inner spec.
> Step: execute table commands.
> Step: calculate cell and line sizes.
> Step: build the whole table.
> Step: init table outer spec.
> Step: parse table options.
> Step: split table.
> Step: init table inner spec.
> Step: parse table inner spec.
> Step: execute table commands.
> Step: calculate cell and line sizes.
> Step: build the whole table.



Package fancyhdr Warning: \headheight is too small (12.0pt): 
(fancyhdr)                Make it at least 12.00003pt, for example:
(fancyhdr)                \setlength{\headheight}{12.00003pt}.
(fancyhdr)                You might also make \topmargin smaller:
(fancyhdr)                \addtolength{\topmargin}{-0.00003pt}.

[321] <./classgg_1_1GgUniformBuffer_a94c5c828711212b404a18dcd1cc9e9b0_cgraph.pd
f>
<classgg_1_1GgUniformBuffer_a94c5c828711212b404a18dcd1cc9e9b0_cgraph.pdf, id=16
599, 469.755pt x 262.9825pt>
File: classgg_1_1GgUniformBuffer_a94c5c828711212b404a18dcd1cc9e9b0_cgraph.pdf G
raphic file (type pdf)
<use classgg_1_1GgUniformBuffer_a94c5c828711212b404a18dcd1cc9e9b0_cgraph.pdf>
Package pdftex.def Info: classgg_1_1GgUniformBuffer_a94c5c828711212b404a18dcd1c
c9e9b0_cgraph.pdf  used on input line 370.
(pdftex.def)             Requested size: 350.0pt x 195.94025pt.
> Step: init table outer spec.
> Step: parse table options.
> Step: split table.
> Step: init table inner spec.
> Step: parse table inner spec.
> Step: execute table commands.
> Step: calculate cell and line sizes.
> Step: build the whole table.
> Step: init table outer spec.
> Step: parse table options.
> Step: split table.
> Step: init table inner spec.
> Step: parse table inner spec.
> Step: execute table commands.
> Step: calculate cell and line sizes.
> Step: build the whole table.
 <./classgg_1_1GgUniformBuffer_a1af7292924eb187968a4ea1a9221e9e7_cgraph.pdf>
<classgg_1_1GgUniformBuffer_a1af7292924eb187968a4ea1a9221e9e7_cgraph.pdf, id=16
610, 469.755pt x 262.9825pt>
File: classgg_1_1GgUniformBuffer_a1af7292924eb187968a4ea1a9221e9e7_cgraph.pdf G
raphic file (type pdf)
<use classgg_1_1GgUniformBuffer_a1af7292924eb187968a4ea1a9221e9e7_cgraph.pdf>
Package pdftex.def Info: classgg_1_1GgUniformBuffer_a1af7292924eb187968a4ea1a92
21e9e7_cgraph.pdf  used on input line 400.
(pdftex.def)             Requested size: 350.0pt x 195.94025pt.


LaTeX Font Info:    Font shape `OT1/phv/m/n' will be
(Font)              scaled to size 8.99994pt on input line 403.
LaTeX Font Info:    Font shape `OT1/phv/m/n' will be
(Font)              scaled to size 8.99994pt on input line 403.
LaTeX Font Info:    Font shape `OT1/phv/m/n' will be
(Font)              scaled to size 8.99994pt on input line 403.
LaTeX Font Info:    Font shape `OT1/phv/b/n' will be
(Font)              scaled to size 8.99994pt on input line 403.
LaTeX Font Info:    Font shape `OT1/phv/b/n' will be
(Font)              scaled to size 8.99994pt on input line 403.

Package fancyhdr Warning: \headheight is too small (12.0pt): 
(fancyhdr)                Make it at least 12.00003pt, for example:
(fancyhdr)                \setlength{\headheight}{12.00003pt}.
(fancyhdr)                You might also make \topmargin smaller:
(fancyhdr)                \addtolength{\topmargin}{-0.00003pt}.

LaTeX Font Info:    Font shape `OT1/phv/m/n' will be
(Font)              scaled to size 8.99994pt on input line 403.
LaTeX Font Info:    Font shape `OT1/phv/b/n' will be
(Font)              scaled to size 8.99994pt on input line 403.
LaTeX Font Info:    Font shape `OT1/phv/b/n' will be
(Font)              scaled to size 6.29996pt on input line 403.
LaTeX Font Info:    Font shape `OT1/phv/b/n' will be
(Font)              scaled to size 6.29996pt on input line 403.
[322] <./classgg_1_1GgUniformBuffer_a1af7292924eb187968a4ea1a9221e9e7_icgraph.p
df>
<classgg_1_1GgUniformBuffer_a1af7292924eb187968a4ea1a9221e9e7_icgraph.pdf, id=1
6627, 328.22626pt x 162.6075pt>
File: classgg_1_1GgUniformBuffer_a1af7292924eb187968a4ea1a9221e9e7_icgraph.pdf 
Graphic file (type pdf)
<use classgg_1_1GgUniformBuffer_a1af7292924eb187968a4ea1a9221e9e7_icgraph.pdf>
Package pdftex.def Info: classgg_1_1GgUniformBuffer_a1af7292924eb187968a4ea1a92
21e9e7_icgraph.pdf  used on input line 408.
(pdftex.def)             Requested size: 327.0pt x 162.00168pt.

Underfull \hbox (badness 10000) detected at line 420
[][][]
 []

> Step: init table outer spec.
> Step: parse table options.
> Step: split table.
> Step: init table inner spec.
> Step: parse table inner spec.
> Step: execute table commands.
> Step: calculate cell and line sizes.
> Step: build the whole table.
> Step: init table outer spec.
> Step: parse table options.
> Step: split table.
> Step: init table inner spec.
> Step: parse table inner spec.
> Step: execute table commands.
> Step: calculate cell and line sizes.
> Step: build the whole table.



Package fancyhdr Warning: \headheight is too small (12.0pt): 
(fancyhdr)                Make it at least 12.00003pt, for example:
(fancyhdr)                \setlength{\headheight}{12.00003pt}.
(fancyhdr)                You might also make \topmargin smaller:
(fancyhdr)                \addtolength{\topmargin}{-0.00003pt}.

[323]
Underfull \hbox (badness 10000) detected at line 443
[][][]
 []

> Step: init table outer spec.
> Step: parse table options.
> Step: split table.
> Step: init table inner spec.
> Step: parse table inner spec.
> Step: execute table commands.
> Step: calculate cell and line sizes.

Package tabularray Warning: Table width is too small, need 24.47134pt more!

> Step: build the whole table.
> Step: init table outer spec.
> Step: parse table options.
> Step: split table.
> Step: init table inner spec.
> Step: parse table inner spec.
> Step: execute table commands.
> Step: calculate cell and line sizes.
> Step: build the whole table.
 <./classgg_1_1GgUniformBuffer_ae9cc42d251faad15a2f506777d280c67_cgraph.pdf>
<classgg_1_1GgUniformBuffer_ae9cc42d251faad15a2f506777d280c67_cgraph.pdf, id=16
653, 328.22626pt x 262.9825pt>
File: classgg_1_1GgUniformBuffer_ae9cc42d251faad15a2f506777d280c67_cgraph.pdf G
raphic file (type pdf)
<use classgg_1_1GgUniformBuffer_ae9cc42d251faad15a2f506777d280c67_cgraph.pdf>
Package pdftex.def Info: classgg_1_1GgUniformBuffer_ae9cc42d251faad15a2f506777d
280c67_cgraph.pdf  used on input line 481.
(pdftex.def)             Requested size: 327.0pt x 262.00272pt.



Package fancyhdr Warning: \headheight is too small (12.0pt): 
(fancyhdr)                Make it at least 12.00003pt, for example:
(fancyhdr)                \setlength{\headheight}{12.00003pt}.
(fancyhdr)                You might also make \topmargin smaller:
(fancyhdr)                \addtolength{\topmargin}{-0.00003pt}.

[324]
> Step: init table outer spec.
> Step: parse table options.
> Step: split table.
> Step: init table inner spec.
> Step: parse table inner spec.
> Step: execute table commands.
> Step: calculate cell and line sizes.
> Step: build the whole table.
> Step: init table outer spec.
> Step: parse table options.
> Step: split table.
> Step: init table inner spec.
> Step: parse table inner spec.
> Step: execute table commands.
> Step: calculate cell and line sizes.
> Step: build the whole table.
 <./classgg_1_1GgUniformBuffer_af998019f39e666887550170538e5ebd4_cgraph.pdf>
<classgg_1_1GgUniformBuffer_af998019f39e666887550170538e5ebd4_cgraph.pdf, id=16
672, 328.22626pt x 262.9825pt>
File: classgg_1_1GgUniformBuffer_af998019f39e666887550170538e5ebd4_cgraph.pdf G
raphic file (type pdf)
<use classgg_1_1GgUniformBuffer_af998019f39e666887550170538e5ebd4_cgraph.pdf>
Package pdftex.def Info: classgg_1_1GgUniformBuffer_af998019f39e666887550170538
e5ebd4_cgraph.pdf  used on input line 515.
(pdftex.def)             Requested size: 327.0pt x 262.00272pt.


LaTeX Font Info:    Font shape `OT1/phv/m/n' will be
(Font)              scaled to size 8.99994pt on input line 518.
LaTeX Font Info:    Font shape `OT1/phv/m/n' will be
(Font)              scaled to size 8.99994pt on input line 518.
LaTeX Font Info:    Font shape `OT1/phv/m/n' will be
(Font)              scaled to size 8.99994pt on input line 518.
LaTeX Font Info:    Font shape `OT1/phv/b/n' will be
(Font)              scaled to size 8.99994pt on input line 518.
LaTeX Font Info:    Font shape `OT1/phv/b/n' will be
(Font)              scaled to size 6.29996pt on input line 518.
LaTeX Font Info:    Font shape `OT1/phv/b/n' will be
(Font)              scaled to size 6.29996pt on input line 518.
LaTeX Font Info:    Font shape `OT1/phv/b/n' will be
(Font)              scaled to size 6.29996pt on input line 518.
LaTeX Font Info:    Font shape `OT1/phv/b/n' will be
(Font)              scaled to size 8.99994pt on input line 518.

Package fancyhdr Warning: \headheight is too small (12.0pt): 
(fancyhdr)                Make it at least 12.00003pt, for example:
(fancyhdr)                \setlength{\headheight}{12.00003pt}.
(fancyhdr)                You might also make \topmargin smaller:
(fancyhdr)                \addtolength{\topmargin}{-0.00003pt}.

LaTeX Font Info:    Font shape `OT1/phv/m/n' will be
(Font)              scaled to size 8.99994pt on input line 518.
LaTeX Font Info:    Font shape `OT1/phv/b/n' will be
(Font)              scaled to size 8.99994pt on input line 518.
LaTeX Font Info:    Font shape `OT1/phv/b/n' will be
(Font)              scaled to size 6.29996pt on input line 518.
LaTeX Font Info:    Font shape `OT1/phv/b/n' will be
(Font)              scaled to size 6.29996pt on input line 518.
[325] <./classgg_1_1GgUniformBuffer_af998019f39e666887550170538e5ebd4_icgraph.p
df>
<classgg_1_1GgUniformBuffer_af998019f39e666887550170538e5ebd4_icgraph.pdf, id=1
6688, 469.755pt x 162.6075pt>
File: classgg_1_1GgUniformBuffer_af998019f39e666887550170538e5ebd4_icgraph.pdf 
Graphic file (type pdf)
<use classgg_1_1GgUniformBuffer_af998019f39e666887550170538e5ebd4_icgraph.pdf>
Package pdftex.def Info: classgg_1_1GgUniformBuffer_af998019f39e666887550170538
e5ebd4_icgraph.pdf  used on input line 523.
(pdftex.def)             Requested size: 350.0pt x 121.1539pt.
) (./classgg_1_1GgVector.tex


Package fancyhdr Warning: \headheight is too small (12.0pt): 
(fancyhdr)                Make it at least 12.00003pt, for example:
(fancyhdr)                \setlength{\headheight}{12.00003pt}.
(fancyhdr)                You might also make \topmargin smaller:
(fancyhdr)                \addtolength{\topmargin}{-0.00003pt}.

[326] <./classgg_1_1GgVector__inherit__graph.pdf>
<classgg_1_1GgVector__inherit__graph.pdf, id=16713, 198.7425pt x 269.005pt>
File: classgg_1_1GgVector__inherit__graph.pdf Graphic file (type pdf)
<use classgg_1_1GgVector__inherit__graph.pdf>
Package pdftex.def Info: classgg_1_1GgVector__inherit__graph.pdf  used on input
 line 14.
(pdftex.def)             Requested size: 198.0pt x 268.00688pt.
 <./classgg_1_1GgVector__coll__graph.pdf>
<classgg_1_1GgVector__coll__graph.pdf, id=16721, 198.7425pt x 156.585pt>
File: classgg_1_1GgVector__coll__graph.pdf Graphic file (type pdf)
<use classgg_1_1GgVector__coll__graph.pdf>
Package pdftex.def Info: classgg_1_1GgVector__coll__graph.pdf  used on input li
ne 24.
(pdftex.def)             Requested size: 198.0pt x 156.004pt.



Package fancyhdr Warning: \headheight is too small (12.0pt): 
(fancyhdr)                Make it at least 12.00003pt, for example:
(fancyhdr)                \setlength{\headheight}{12.00003pt}.
(fancyhdr)                You might also make \topmargin smaller:
(fancyhdr)                \addtolength{\topmargin}{-0.00003pt}.

[327] <./classgg_1_1GgVector_a8d6fb720fb6068cd9f6cb51435cdcf58_icgraph.pdf>
<classgg_1_1GgVector_a8d6fb720fb6068cd9f6cb51435cdcf58_icgraph.pdf, id=16806, 3
95.4775pt x 1893.0725pt>
File: classgg_1_1GgVector_a8d6fb720fb6068cd9f6cb51435cdcf58_icgraph.pdf Graphic
 file (type pdf)
<use classgg_1_1GgVector_a8d6fb720fb6068cd9f6cb51435cdcf58_icgraph.pdf>
Package pdftex.def Info: classgg_1_1GgVector_a8d6fb720fb6068cd9f6cb51435cdcf58_
icgraph.pdf  used on input line 119.
(pdftex.def)             Requested size: 114.89674pt x 550.0pt.



Package fancyhdr Warning: \headheight is too small (12.0pt): 
(fancyhdr)                Make it at least 12.00003pt, for example:
(fancyhdr)                \setlength{\headheight}{12.00003pt}.
(fancyhdr)                You might also make \topmargin smaller:
(fancyhdr)                \addtolength{\topmargin}{-0.00003pt}.

[328]
> Step: init table outer spec.
> Step: parse table options.
> Step: split table.
> Step: init table inner spec.
> Step: parse table inner spec.
> Step: execute table commands.
> Step: calculate cell and line sizes.
> Step: build the whole table.
> Step: init table outer spec.
> Step: parse table options.
> Step: split table.
> Step: init table inner spec.
> Step: parse table inner spec.
> Step: execute table commands.
> Step: calculate cell and line sizes.
> Step: build the whole table.



Package fancyhdr Warning: \headheight is too small (12.0pt): 
(fancyhdr)                Make it at least 12.00003pt, for example:
(fancyhdr)                \setlength{\headheight}{12.00003pt}.
(fancyhdr)                You might also make \topmargin smaller:
(fancyhdr)                \addtolength{\topmargin}{-0.00003pt}.

[329]
> Step: init table outer spec.
> Step: parse table options.
> Step: split table.
> Step: init table inner spec.
> Step: parse table inner spec.
> Step: execute table commands.
> Step: calculate cell and line sizes.
> Step: build the whole table.
> Step: init table outer spec.
> Step: parse table options.
> Step: split table.
> Step: init table inner spec.
> Step: parse table inner spec.
> Step: execute table commands.
> Step: calculate cell and line sizes.
> Step: build the whole table.
 <./classgg_1_1GgVector_ace37bc353956e5299419b639ff1c0c01_cgraph.pdf>
<classgg_1_1GgVector_ace37bc353956e5299419b639ff1c0c01_cgraph.pdf, id=16832, 35
6.33125pt x 100.375pt>
File: classgg_1_1GgVector_ace37bc353956e5299419b639ff1c0c01_cgraph.pdf Graphic 
file (type pdf)
<use classgg_1_1GgVector_ace37bc353956e5299419b639ff1c0c01_cgraph.pdf>
Package pdftex.def Info: classgg_1_1GgVector_ace37bc353956e5299419b639ff1c0c01_
cgraph.pdf  used on input line 167.
(pdftex.def)             Requested size: 350.0pt x 98.59502pt.
> Step: init table outer spec.
> Step: parse table options.
> Step: split table.
> Step: init table inner spec.
> Step: parse table inner spec.
> Step: execute table commands.
> Step: calculate cell and line sizes.
> Step: build the whole table.
> Step: init table outer spec.
> Step: parse table options.
> Step: split table.
> Step: init table inner spec.
> Step: parse table inner spec.
> Step: execute table commands.
> Step: calculate cell and line sizes.
> Step: build the whole table.
 <./classgg_1_1GgVector_aced648e19ce3203bbe2db19026a59a33_cgraph.pdf>
<classgg_1_1GgVector_aced648e19ce3203bbe2db19026a59a33_cgraph.pdf, id=16842, 35
6.33125pt x 100.375pt>
File: classgg_1_1GgVector_aced648e19ce3203bbe2db19026a59a33_cgraph.pdf Graphic 
file (type pdf)
<use classgg_1_1GgVector_aced648e19ce3203bbe2db19026a59a33_cgraph.pdf>
Package pdftex.def Info: classgg_1_1GgVector_aced648e19ce3203bbe2db19026a59a33_
cgraph.pdf  used on input line 192.
(pdftex.def)             Requested size: 350.0pt x 98.59502pt.



Package fancyhdr Warning: \headheight is too small (12.0pt): 
(fancyhdr)                Make it at least 12.00003pt, for example:
(fancyhdr)                \setlength{\headheight}{12.00003pt}.
(fancyhdr)                You might also make \topmargin smaller:
(fancyhdr)                \addtolength{\topmargin}{-0.00003pt}.

[330]
> Step: init table outer spec.
> Step: parse table options.
> Step: split table.
> Step: init table inner spec.
> Step: parse table inner spec.
> Step: execute table commands.
> Step: calculate cell and line sizes.
> Step: build the whole table.
> Step: init table outer spec.
> Step: parse table options.
> Step: split table.
> Step: init table inner spec.
> Step: parse table inner spec.
> Step: execute table commands.
> Step: calculate cell and line sizes.
> Step: build the whole table.
 <./classgg_1_1GgVector_a40c847639889f357bd233553fc3ace51_cgraph.pdf>
<classgg_1_1GgVector_a40c847639889f357bd233553fc3ace51_cgraph.pdf, id=16863, 35
6.33125pt x 100.375pt>
File: classgg_1_1GgVector_a40c847639889f357bd233553fc3ace51_cgraph.pdf Graphic 
file (type pdf)
<use classgg_1_1GgVector_a40c847639889f357bd233553fc3ace51_cgraph.pdf>
Package pdftex.def Info: classgg_1_1GgVector_a40c847639889f357bd233553fc3ace51_
cgraph.pdf  used on input line 213.
(pdftex.def)             Requested size: 350.0pt x 98.59502pt.
> Step: init table outer spec.
> Step: parse table options.
> Step: split table.
> Step: init table inner spec.
> Step: parse table inner spec.
> Step: execute table commands.
> Step: calculate cell and line sizes.
> Step: build the whole table.
> Step: init table outer spec.
> Step: parse table options.
> Step: split table.
> Step: init table inner spec.
> Step: parse table inner spec.
> Step: execute table commands.
> Step: calculate cell and line sizes.
> Step: build the whole table.
 <./classgg_1_1GgVector_afd8ceac14ec84418fc17ad0174e699bb_cgraph.pdf>
<classgg_1_1GgVector_afd8ceac14ec84418fc17ad0174e699bb_cgraph.pdf, id=16871, 35
6.33125pt x 100.375pt>
File: classgg_1_1GgVector_afd8ceac14ec84418fc17ad0174e699bb_cgraph.pdf Graphic 
file (type pdf)
<use classgg_1_1GgVector_afd8ceac14ec84418fc17ad0174e699bb_cgraph.pdf>
Package pdftex.def Info: classgg_1_1GgVector_afd8ceac14ec84418fc17ad0174e699bb_
cgraph.pdf  used on input line 234.
(pdftex.def)             Requested size: 350.0pt x 98.59502pt.
> Step: init table outer spec.
> Step: parse table options.
> Step: split table.
> Step: init table inner spec.
> Step: parse table inner spec.
> Step: execute table commands.
> Step: calculate cell and line sizes.
> Step: build the whole table.
> Step: init table outer spec.
> Step: parse table options.
> Step: split table.
> Step: init table inner spec.
> Step: parse table inner spec.
> Step: execute table commands.
> Step: calculate cell and line sizes.
> Step: build the whole table.



Package fancyhdr Warning: \headheight is too small (12.0pt): 
(fancyhdr)                Make it at least 12.00003pt, for example:
(fancyhdr)                \setlength{\headheight}{12.00003pt}.
(fancyhdr)                You might also make \topmargin smaller:
(fancyhdr)                \addtolength{\topmargin}{-0.00003pt}.

[331]
Underfull \hbox (badness 10000) detected at line 261
[][][]
 []

 <./classgg_1_1GgVector_a784cd4bc882511beb2953014de7ba573_cgraph.pdf>
<classgg_1_1GgVector_a784cd4bc882511beb2953014de7ba573_cgraph.pdf, id=16899, 57
2.1375pt x 138.5175pt>
File: classgg_1_1GgVector_a784cd4bc882511beb2953014de7ba573_cgraph.pdf Graphic 
file (type pdf)
<use classgg_1_1GgVector_a784cd4bc882511beb2953014de7ba573_cgraph.pdf>
Package pdftex.def Info: classgg_1_1GgVector_a784cd4bc882511beb2953014de7ba573_
cgraph.pdf  used on input line 273.
(pdftex.def)             Requested size: 350.0pt x 84.7365pt.
> Step: init table outer spec.
> Step: parse table options.
> Step: split table.
> Step: init table inner spec.
> Step: parse table inner spec.
> Step: execute table commands.
> Step: calculate cell and line sizes.
> Step: build the whole table.
> Step: init table outer spec.
> Step: parse table options.
> Step: split table.
> Step: init table inner spec.
> Step: parse table inner spec.
> Step: execute table commands.
> Step: calculate cell and line sizes.
> Step: build the whole table.

Underfull \hbox (badness 10000) detected at line 289
[][][]
 []

 <./classgg_1_1GgVector_aa533c2f61342d5091ebb7802b11169f7_cgraph.pdf>
<classgg_1_1GgVector_aa533c2f61342d5091ebb7802b11169f7_cgraph.pdf, id=16917, 57
2.1375pt x 138.5175pt>
File: classgg_1_1GgVector_aa533c2f61342d5091ebb7802b11169f7_cgraph.pdf Graphic 
file (type pdf)
<use classgg_1_1GgVector_aa533c2f61342d5091ebb7802b11169f7_cgraph.pdf>
Package pdftex.def Info: classgg_1_1GgVector_aa533c2f61342d5091ebb7802b11169f7_
cgraph.pdf  used on input line 301.
(pdftex.def)             Requested size: 350.0pt x 84.7365pt.
> Step: init table outer spec.
> Step: parse table options.
> Step: split table.
> Step: init table inner spec.
> Step: parse table inner spec.
> Step: execute table commands.
> Step: calculate cell and line sizes.
> Step: build the whole table.
> Step: init table outer spec.
> Step: parse table options.
> Step: split table.
> Step: init table inner spec.
> Step: parse table inner spec.
> Step: execute table commands.
> Step: calculate cell and line sizes.
> Step: build the whole table.



Package fancyhdr Warning: \headheight is too small (12.0pt): 
(fancyhdr)                Make it at least 12.00003pt, for example:
(fancyhdr)                \setlength{\headheight}{12.00003pt}.
(fancyhdr)                You might also make \topmargin smaller:
(fancyhdr)                \addtolength{\topmargin}{-0.00003pt}.

[332]
Underfull \hbox (badness 10000) detected at line 317
[][][]
 []

 <./classgg_1_1GgVector_a82f2282affb26a02e7251a012e26f5fd_cgraph.pdf>
<classgg_1_1GgVector_a82f2282affb26a02e7251a012e26f5fd_cgraph.pdf, id=16948, 33
4.24875pt x 138.5175pt>
File: classgg_1_1GgVector_a82f2282affb26a02e7251a012e26f5fd_cgraph.pdf Graphic 
file (type pdf)
<use classgg_1_1GgVector_a82f2282affb26a02e7251a012e26f5fd_cgraph.pdf>
Package pdftex.def Info: classgg_1_1GgVector_a82f2282affb26a02e7251a012e26f5fd_
cgraph.pdf  used on input line 329.
(pdftex.def)             Requested size: 333.0pt x 138.012pt.
> Step: init table outer spec.
> Step: parse table options.
> Step: split table.
> Step: init table inner spec.
> Step: parse table inner spec.
> Step: execute table commands.
> Step: calculate cell and line sizes.
> Step: build the whole table.
> Step: init table outer spec.
> Step: parse table options.
> Step: split table.
> Step: init table inner spec.
> Step: parse table inner spec.
> Step: execute table commands.
> Step: calculate cell and line sizes.
> Step: build the whole table.

Underfull \hbox (badness 10000) detected at line 345
[][][]
 []

 <./classgg_1_1GgVector_ad8d01932d2a37cd0cbbff0314857118d_cgraph.pdf>
<classgg_1_1GgVector_ad8d01932d2a37cd0cbbff0314857118d_cgraph.pdf, id=16966, 33
4.24875pt x 138.5175pt>
File: classgg_1_1GgVector_ad8d01932d2a37cd0cbbff0314857118d_cgraph.pdf Graphic 
file (type pdf)
<use classgg_1_1GgVector_ad8d01932d2a37cd0cbbff0314857118d_cgraph.pdf>
Package pdftex.def Info: classgg_1_1GgVector_ad8d01932d2a37cd0cbbff0314857118d_
cgraph.pdf  used on input line 357.
(pdftex.def)             Requested size: 333.0pt x 138.012pt.



Package fancyhdr Warning: \headheight is too small (12.0pt): 
(fancyhdr)                Make it at least 12.00003pt, for example:
(fancyhdr)                \setlength{\headheight}{12.00003pt}.
(fancyhdr)                You might also make \topmargin smaller:
(fancyhdr)                \addtolength{\topmargin}{-0.00003pt}.

[333]
Underfull \hbox (badness 10000) detected at line 368
[][][]
 []

 <./classgg_1_1GgVector_a00aad8dbf2cd33361e2b0e495f7f4b0d_cgraph.pdf>
<classgg_1_1GgVector_a00aad8dbf2cd33361e2b0e495f7f4b0d_cgraph.pdf, id=16987, 40
5.515pt x 100.375pt>
File: classgg_1_1GgVector_a00aad8dbf2cd33361e2b0e495f7f4b0d_cgraph.pdf Graphic 
file (type pdf)
<use classgg_1_1GgVector_a00aad8dbf2cd33361e2b0e495f7f4b0d_cgraph.pdf>
Package pdftex.def Info: classgg_1_1GgVector_a00aad8dbf2cd33361e2b0e495f7f4b0d_
cgraph.pdf  used on input line 380.
(pdftex.def)             Requested size: 350.0pt x 86.6363pt.

Underfull \hbox (badness 10000) detected at line 391
[][][]
 []

 <./classgg_1_1GgVector_a8b3b6d897a0ac8aa92d9f5cf20e628d3_cgraph.pdf>
<classgg_1_1GgVector_a8b3b6d897a0ac8aa92d9f5cf20e628d3_cgraph.pdf, id=16998, 40
5.515pt x 100.375pt>
File: classgg_1_1GgVector_a8b3b6d897a0ac8aa92d9f5cf20e628d3_cgraph.pdf Graphic 
file (type pdf)
<use classgg_1_1GgVector_a8b3b6d897a0ac8aa92d9f5cf20e628d3_cgraph.pdf>
Package pdftex.def Info: classgg_1_1GgVector_a8b3b6d897a0ac8aa92d9f5cf20e628d3_
cgraph.pdf  used on input line 403.
(pdftex.def)             Requested size: 350.0pt x 86.6363pt.

Underfull \hbox (badness 10000) detected at line 414
[][][]
 []

 <./classgg_1_1GgVector_a5bac9976a7fe4be4a0e69c974153d745_cgraph.pdf>
<classgg_1_1GgVector_a5bac9976a7fe4be4a0e69c974153d745_cgraph.pdf, id=17010, 57
7.15625pt x 138.5175pt>
File: classgg_1_1GgVector_a5bac9976a7fe4be4a0e69c974153d745_cgraph.pdf Graphic 
file (type pdf)
<use classgg_1_1GgVector_a5bac9976a7fe4be4a0e69c974153d745_cgraph.pdf>
Package pdftex.def Info: classgg_1_1GgVector_a5bac9976a7fe4be4a0e69c974153d745_
cgraph.pdf  used on input line 426.
(pdftex.def)             Requested size: 350.0pt x 84.00307pt.



Package fancyhdr Warning: \headheight is too small (12.0pt): 
(fancyhdr)                Make it at least 12.00003pt, for example:
(fancyhdr)                \setlength{\headheight}{12.00003pt}.
(fancyhdr)                You might also make \topmargin smaller:
(fancyhdr)                \addtolength{\topmargin}{-0.00003pt}.

[334]
Underfull \hbox (badness 10000) detected at line 437
[][][]
 []

 <./classgg_1_1GgVector_ac71838f77dde35fdc627b96e6807462f_cgraph.pdf>
<classgg_1_1GgVector_ac71838f77dde35fdc627b96e6807462f_cgraph.pdf, id=17033, 57
7.15625pt x 138.5175pt>
File: classgg_1_1GgVector_ac71838f77dde35fdc627b96e6807462f_cgraph.pdf Graphic 
file (type pdf)
<use classgg_1_1GgVector_ac71838f77dde35fdc627b96e6807462f_cgraph.pdf>
Package pdftex.def Info: classgg_1_1GgVector_ac71838f77dde35fdc627b96e6807462f_
cgraph.pdf  used on input line 449.
(pdftex.def)             Requested size: 350.0pt x 84.00307pt.
> Step: init table outer spec.
> Step: parse table options.
> Step: split table.
> Step: init table inner spec.
> Step: parse table inner spec.
> Step: execute table commands.
> Step: calculate cell and line sizes.
> Step: build the whole table.
> Step: init table outer spec.
> Step: parse table options.
> Step: split table.
> Step: init table inner spec.
> Step: parse table inner spec.
> Step: execute table commands.
> Step: calculate cell and line sizes.
> Step: build the whole table.

Underfull \hbox (badness 10000) detected at line 465
[][][]
 []

 <./classgg_1_1GgVector_a0614bb695e1712ffc0e0069772c8cf2c_cgraph.pdf>
<classgg_1_1GgVector_a0614bb695e1712ffc0e0069772c8cf2c_cgraph.pdf, id=17052, 35
5.3275pt x 100.375pt>
File: classgg_1_1GgVector_a0614bb695e1712ffc0e0069772c8cf2c_cgraph.pdf Graphic 
file (type pdf)
<use classgg_1_1GgVector_a0614bb695e1712ffc0e0069772c8cf2c_cgraph.pdf>
Package pdftex.def Info: classgg_1_1GgVector_a0614bb695e1712ffc0e0069772c8cf2c_
cgraph.pdf  used on input line 477.
(pdftex.def)             Requested size: 350.0pt x 98.87376pt.
> Step: init table outer spec.
> Step: parse table options.
> Step: split table.
> Step: init table inner spec.
> Step: parse table inner spec.
> Step: execute table commands.
> Step: calculate cell and line sizes.
> Step: build the whole table.
> Step: init table outer spec.
> Step: parse table options.
> Step: split table.
> Step: init table inner spec.
> Step: parse table inner spec.
> Step: execute table commands.
> Step: calculate cell and line sizes.
> Step: build the whole table.



Package fancyhdr Warning: \headheight is too small (12.0pt): 
(fancyhdr)                Make it at least 12.00003pt, for example:
(fancyhdr)                \setlength{\headheight}{12.00003pt}.
(fancyhdr)                You might also make \topmargin smaller:
(fancyhdr)                \addtolength{\topmargin}{-0.00003pt}.

[335]
Underfull \hbox (badness 10000) detected at line 493
[][][]
 []

 <./classgg_1_1GgVector_ae12b1a0f9757176da0d989173b51dd6d_cgraph.pdf>
<classgg_1_1GgVector_ae12b1a0f9757176da0d989173b51dd6d_cgraph.pdf, id=17077, 35
5.3275pt x 100.375pt>
File: classgg_1_1GgVector_ae12b1a0f9757176da0d989173b51dd6d_cgraph.pdf Graphic 
file (type pdf)
<use classgg_1_1GgVector_ae12b1a0f9757176da0d989173b51dd6d_cgraph.pdf>
Package pdftex.def Info: classgg_1_1GgVector_ae12b1a0f9757176da0d989173b51dd6d_
cgraph.pdf  used on input line 505.
(pdftex.def)             Requested size: 350.0pt x 98.87376pt.
> Step: init table outer spec.
> Step: parse table options.
> Step: split table.
> Step: init table inner spec.
> Step: parse table inner spec.
> Step: execute table commands.
> Step: calculate cell and line sizes.
> Step: build the whole table.
> Step: init table outer spec.
> Step: parse table options.
> Step: split table.
> Step: init table inner spec.
> Step: parse table inner spec.
> Step: execute table commands.
> Step: calculate cell and line sizes.
> Step: build the whole table.

Underfull \hbox (badness 10000) detected at line 521
[][][]
 []

 <./classgg_1_1GgVector_a6cb521386dc208b0c5028882d81d3454_cgraph.pdf>
<classgg_1_1GgVector_a6cb521386dc208b0c5028882d81d3454_cgraph.pdf, id=17096, 36
1.35pt x 100.375pt>
File: classgg_1_1GgVector_a6cb521386dc208b0c5028882d81d3454_cgraph.pdf Graphic 
file (type pdf)
<use classgg_1_1GgVector_a6cb521386dc208b0c5028882d81d3454_cgraph.pdf>
Package pdftex.def Info: classgg_1_1GgVector_a6cb521386dc208b0c5028882d81d3454_
cgraph.pdf  used on input line 533.
(pdftex.def)             Requested size: 350.0pt x 97.2227pt.
> Step: init table outer spec.
> Step: parse table options.
> Step: split table.
> Step: init table inner spec.
> Step: parse table inner spec.
> Step: execute table commands.
> Step: calculate cell and line sizes.
> Step: build the whole table.
> Step: init table outer spec.
> Step: parse table options.
> Step: split table.
> Step: init table inner spec.
> Step: parse table inner spec.
> Step: execute table commands.
> Step: calculate cell and line sizes.
> Step: build the whole table.



Package fancyhdr Warning: \headheight is too small (12.0pt): 
(fancyhdr)                Make it at least 12.00003pt, for example:
(fancyhdr)                \setlength{\headheight}{12.00003pt}.
(fancyhdr)                You might also make \topmargin smaller:
(fancyhdr)                \addtolength{\topmargin}{-0.00003pt}.

[336]
Underfull \hbox (badness 10000) detected at line 549
[][][]
 []

 <./classgg_1_1GgVector_ad41359371e949f95ac6c4ca3efaa1239_cgraph.pdf>
<classgg_1_1GgVector_ad41359371e949f95ac6c4ca3efaa1239_cgraph.pdf, id=17119, 36
1.35pt x 100.375pt>
File: classgg_1_1GgVector_ad41359371e949f95ac6c4ca3efaa1239_cgraph.pdf Graphic 
file (type pdf)
<use classgg_1_1GgVector_ad41359371e949f95ac6c4ca3efaa1239_cgraph.pdf>
Package pdftex.def Info: classgg_1_1GgVector_ad41359371e949f95ac6c4ca3efaa1239_
cgraph.pdf  used on input line 561.
(pdftex.def)             Requested size: 350.0pt x 97.2227pt.
> Step: init table outer spec.
> Step: parse table options.
> Step: split table.
> Step: init table inner spec.
> Step: parse table inner spec.
> Step: execute table commands.
> Step: calculate cell and line sizes.
> Step: build the whole table.
> Step: init table outer spec.
> Step: parse table options.
> Step: split table.
> Step: init table inner spec.
> Step: parse table inner spec.
> Step: execute table commands.
> Step: calculate cell and line sizes.
> Step: build the whole table.

Underfull \hbox (badness 10000) detected at line 577
[][][]
 []

 <./classgg_1_1GgVector_a3541ecc1ce62af143781ae38205ef3e1_cgraph.pdf>
<classgg_1_1GgVector_a3541ecc1ce62af143781ae38205ef3e1_cgraph.pdf, id=17138, 35
7.335pt x 100.375pt>
File: classgg_1_1GgVector_a3541ecc1ce62af143781ae38205ef3e1_cgraph.pdf Graphic 
file (type pdf)
<use classgg_1_1GgVector_a3541ecc1ce62af143781ae38205ef3e1_cgraph.pdf>
Package pdftex.def Info: classgg_1_1GgVector_a3541ecc1ce62af143781ae38205ef3e1_
cgraph.pdf  used on input line 589.
(pdftex.def)             Requested size: 350.0pt x 98.31934pt.
> Step: init table outer spec.
> Step: parse table options.
> Step: split table.
> Step: init table inner spec.
> Step: parse table inner spec.
> Step: execute table commands.
> Step: calculate cell and line sizes.
> Step: build the whole table.
> Step: init table outer spec.
> Step: parse table options.
> Step: split table.
> Step: init table inner spec.
> Step: parse table inner spec.
> Step: execute table commands.
> Step: calculate cell and line sizes.
> Step: build the whole table.



Package fancyhdr Warning: \headheight is too small (12.0pt): 
(fancyhdr)                Make it at least 12.00003pt, for example:
(fancyhdr)                \setlength{\headheight}{12.00003pt}.
(fancyhdr)                You might also make \topmargin smaller:
(fancyhdr)                \addtolength{\topmargin}{-0.00003pt}.

[337]
Underfull \hbox (badness 10000) detected at line 605
[][][]
 []

 <./classgg_1_1GgVector_a01f8d79e117ad206036977d4852ea029_cgraph.pdf>
<classgg_1_1GgVector_a01f8d79e117ad206036977d4852ea029_cgraph.pdf, id=17161, 35
7.335pt x 100.375pt>
File: classgg_1_1GgVector_a01f8d79e117ad206036977d4852ea029_cgraph.pdf Graphic 
file (type pdf)
<use classgg_1_1GgVector_a01f8d79e117ad206036977d4852ea029_cgraph.pdf>
Package pdftex.def Info: classgg_1_1GgVector_a01f8d79e117ad206036977d4852ea029_
cgraph.pdf  used on input line 617.
(pdftex.def)             Requested size: 350.0pt x 98.31934pt.
> Step: init table outer spec.
> Step: parse table options.
> Step: split table.
> Step: init table inner spec.
> Step: parse table inner spec.
> Step: execute table commands.
> Step: calculate cell and line sizes.
> Step: build the whole table.
> Step: init table outer spec.
> Step: parse table options.
> Step: split table.
> Step: init table inner spec.
> Step: parse table inner spec.
> Step: execute table commands.
> Step: calculate cell and line sizes.
> Step: build the whole table.

Underfull \hbox (badness 10000) detected at line 633
[][][]
 []

 <./classgg_1_1GgVector_a8de773ae73cb085e6b39c99487f96f5c_cgraph.pdf>
<classgg_1_1GgVector_a8de773ae73cb085e6b39c99487f96f5c_cgraph.pdf, id=17180, 36
3.3575pt x 100.375pt>
File: classgg_1_1GgVector_a8de773ae73cb085e6b39c99487f96f5c_cgraph.pdf Graphic 
file (type pdf)
<use classgg_1_1GgVector_a8de773ae73cb085e6b39c99487f96f5c_cgraph.pdf>
Package pdftex.def Info: classgg_1_1GgVector_a8de773ae73cb085e6b39c99487f96f5c_
cgraph.pdf  used on input line 645.
(pdftex.def)             Requested size: 350.0pt x 96.68817pt.
> Step: init table outer spec.
> Step: parse table options.
> Step: split table.
> Step: init table inner spec.
> Step: parse table inner spec.
> Step: execute table commands.
> Step: calculate cell and line sizes.
> Step: build the whole table.
> Step: init table outer spec.
> Step: parse table options.
> Step: split table.
> Step: init table inner spec.
> Step: parse table inner spec.
> Step: execute table commands.
> Step: calculate cell and line sizes.
> Step: build the whole table.



Package fancyhdr Warning: \headheight is too small (12.0pt): 
(fancyhdr)                Make it at least 12.00003pt, for example:
(fancyhdr)                \setlength{\headheight}{12.00003pt}.
(fancyhdr)                You might also make \topmargin smaller:
(fancyhdr)                \addtolength{\topmargin}{-0.00003pt}.

[338]
Underfull \hbox (badness 10000) detected at line 661
[][][]
 []

 <./classgg_1_1GgVector_a353526d269de6158d965a189460c98da_cgraph.pdf>
<classgg_1_1GgVector_a353526d269de6158d965a189460c98da_cgraph.pdf, id=17204, 36
3.3575pt x 100.375pt>
File: classgg_1_1GgVector_a353526d269de6158d965a189460c98da_cgraph.pdf Graphic 
file (type pdf)
<use classgg_1_1GgVector_a353526d269de6158d965a189460c98da_cgraph.pdf>
Package pdftex.def Info: classgg_1_1GgVector_a353526d269de6158d965a189460c98da_
cgraph.pdf  used on input line 673.
(pdftex.def)             Requested size: 350.0pt x 96.68817pt.
> Step: init table outer spec.
> Step: parse table options.
> Step: split table.
> Step: init table inner spec.
> Step: parse table inner spec.
> Step: execute table commands.
> Step: calculate cell and line sizes.
> Step: build the whole table.
> Step: init table outer spec.
> Step: parse table options.
> Step: split table.
> Step: init table inner spec.
> Step: parse table inner spec.
> Step: execute table commands.
> Step: calculate cell and line sizes.
> Step: build the whole table.

Underfull \hbox (badness 10000) detected at line 689
[][][]
 []

 <./classgg_1_1GgVector_a0cbe7dd6b3b9d100f5c047d131a5bf1e_cgraph.pdf>
<classgg_1_1GgVector_a0cbe7dd6b3b9d100f5c047d131a5bf1e_cgraph.pdf, id=17223, 35
4.32375pt x 100.375pt>
File: classgg_1_1GgVector_a0cbe7dd6b3b9d100f5c047d131a5bf1e_cgraph.pdf Graphic 
file (type pdf)
<use classgg_1_1GgVector_a0cbe7dd6b3b9d100f5c047d131a5bf1e_cgraph.pdf>
Package pdftex.def Info: classgg_1_1GgVector_a0cbe7dd6b3b9d100f5c047d131a5bf1e_
cgraph.pdf  used on input line 701.
(pdftex.def)             Requested size: 350.0pt x 99.15251pt.
> Step: init table outer spec.
> Step: parse table options.
> Step: split table.
> Step: init table inner spec.
> Step: parse table inner spec.
> Step: execute table commands.
> Step: calculate cell and line sizes.
> Step: build the whole table.
> Step: init table outer spec.
> Step: parse table options.
> Step: split table.
> Step: init table inner spec.
> Step: parse table inner spec.
> Step: execute table commands.
> Step: calculate cell and line sizes.
> Step: build the whole table.



Package fancyhdr Warning: \headheight is too small (12.0pt): 
(fancyhdr)                Make it at least 12.00003pt, for example:
(fancyhdr)                \setlength{\headheight}{12.00003pt}.
(fancyhdr)                You might also make \topmargin smaller:
(fancyhdr)                \addtolength{\topmargin}{-0.00003pt}.

[339]
Underfull \hbox (badness 10000) detected at line 717
[][][]
 []

 <./classgg_1_1GgVector_a1704e6bce7cd7a04f104581e6e2f53f3_cgraph.pdf>
<classgg_1_1GgVector_a1704e6bce7cd7a04f104581e6e2f53f3_cgraph.pdf, id=17246, 35
4.32375pt x 100.375pt>
File: classgg_1_1GgVector_a1704e6bce7cd7a04f104581e6e2f53f3_cgraph.pdf Graphic 
file (type pdf)
<use classgg_1_1GgVector_a1704e6bce7cd7a04f104581e6e2f53f3_cgraph.pdf>
Package pdftex.def Info: classgg_1_1GgVector_a1704e6bce7cd7a04f104581e6e2f53f3_
cgraph.pdf  used on input line 729.
(pdftex.def)             Requested size: 350.0pt x 99.15251pt.
> Step: init table outer spec.
> Step: parse table options.
> Step: split table.
> Step: init table inner spec.
> Step: parse table inner spec.
> Step: execute table commands.
> Step: calculate cell and line sizes.
> Step: build the whole table.
> Step: init table outer spec.
> Step: parse table options.
> Step: split table.
> Step: init table inner spec.
> Step: parse table inner spec.
> Step: execute table commands.
> Step: calculate cell and line sizes.
> Step: build the whole table.

Underfull \hbox (badness 10000) detected at line 745
[][][]
 []

 <./classgg_1_1GgVector_affaaa87dd6c4bc0bfb85c7fe7aab551a_cgraph.pdf>
<classgg_1_1GgVector_affaaa87dd6c4bc0bfb85c7fe7aab551a_cgraph.pdf, id=17265, 36
0.34625pt x 100.375pt>
File: classgg_1_1GgVector_affaaa87dd6c4bc0bfb85c7fe7aab551a_cgraph.pdf Graphic 
file (type pdf)
<use classgg_1_1GgVector_affaaa87dd6c4bc0bfb85c7fe7aab551a_cgraph.pdf>
Package pdftex.def Info: classgg_1_1GgVector_affaaa87dd6c4bc0bfb85c7fe7aab551a_
cgraph.pdf  used on input line 757.
(pdftex.def)             Requested size: 350.0pt x 97.49226pt.
> Step: init table outer spec.
> Step: parse table options.
> Step: split table.
> Step: init table inner spec.
> Step: parse table inner spec.
> Step: execute table commands.
> Step: calculate cell and line sizes.
> Step: build the whole table.
> Step: init table outer spec.
> Step: parse table options.
> Step: split table.
> Step: init table inner spec.
> Step: parse table inner spec.
> Step: execute table commands.
> Step: calculate cell and line sizes.
> Step: build the whole table.



Package fancyhdr Warning: \headheight is too small (12.0pt): 
(fancyhdr)                Make it at least 12.00003pt, for example:
(fancyhdr)                \setlength{\headheight}{12.00003pt}.
(fancyhdr)                You might also make \topmargin smaller:
(fancyhdr)                \addtolength{\topmargin}{-0.00003pt}.

[340]
Underfull \hbox (badness 10000) detected at line 773
[][][]
 []

 <./classgg_1_1GgVector_aff355bf227aca1811c778db78039d3fa_cgraph.pdf>
<classgg_1_1GgVector_aff355bf227aca1811c778db78039d3fa_cgraph.pdf, id=17288, 36
0.34625pt x 100.375pt>
File: classgg_1_1GgVector_aff355bf227aca1811c778db78039d3fa_cgraph.pdf Graphic 
file (type pdf)
<use classgg_1_1GgVector_aff355bf227aca1811c778db78039d3fa_cgraph.pdf>
Package pdftex.def Info: classgg_1_1GgVector_aff355bf227aca1811c778db78039d3fa_
cgraph.pdf  used on input line 785.
(pdftex.def)             Requested size: 350.0pt x 97.49226pt.
> Step: init table outer spec.
> Step: parse table options.
> Step: split table.
> Step: init table inner spec.
> Step: parse table inner spec.
> Step: execute table commands.
> Step: calculate cell and line sizes.
> Step: build the whole table.
> Step: init table outer spec.
> Step: parse table options.
> Step: split table.
> Step: init table inner spec.
> Step: parse table inner spec.
> Step: execute table commands.
> Step: calculate cell and line sizes.
> Step: build the whole table.

Underfull \hbox (badness 10000) detected at line 801
[][][]
 []

 <./classgg_1_1GgVector_a3c9ec6fecc079e33a8cc6be5b2a4b7d0_cgraph.pdf>
<classgg_1_1GgVector_a3c9ec6fecc079e33a8cc6be5b2a4b7d0_cgraph.pdf, id=17307, 35
4.32375pt x 100.375pt>
File: classgg_1_1GgVector_a3c9ec6fecc079e33a8cc6be5b2a4b7d0_cgraph.pdf Graphic 
file (type pdf)
<use classgg_1_1GgVector_a3c9ec6fecc079e33a8cc6be5b2a4b7d0_cgraph.pdf>
Package pdftex.def Info: classgg_1_1GgVector_a3c9ec6fecc079e33a8cc6be5b2a4b7d0_
cgraph.pdf  used on input line 813.
(pdftex.def)             Requested size: 350.0pt x 99.15251pt.
> Step: init table outer spec.
> Step: parse table options.
> Step: split table.
> Step: init table inner spec.
> Step: parse table inner spec.
> Step: execute table commands.
> Step: calculate cell and line sizes.
> Step: build the whole table.
> Step: init table outer spec.
> Step: parse table options.
> Step: split table.
> Step: init table inner spec.
> Step: parse table inner spec.
> Step: execute table commands.
> Step: calculate cell and line sizes.
> Step: build the whole table.



Package fancyhdr Warning: \headheight is too small (12.0pt): 
(fancyhdr)                Make it at least 12.00003pt, for example:
(fancyhdr)                \setlength{\headheight}{12.00003pt}.
(fancyhdr)                You might also make \topmargin smaller:
(fancyhdr)                \addtolength{\topmargin}{-0.00003pt}.

[341]
Underfull \hbox (badness 10000) detected at line 829
[][][]
 []

 <./classgg_1_1GgVector_a4f5537eca7159ad4b5faf3877102a692_cgraph.pdf>
<classgg_1_1GgVector_a4f5537eca7159ad4b5faf3877102a692_cgraph.pdf, id=17332, 35
4.32375pt x 100.375pt>
File: classgg_1_1GgVector_a4f5537eca7159ad4b5faf3877102a692_cgraph.pdf Graphic 
file (type pdf)
<use classgg_1_1GgVector_a4f5537eca7159ad4b5faf3877102a692_cgraph.pdf>
Package pdftex.def Info: classgg_1_1GgVector_a4f5537eca7159ad4b5faf3877102a692_
cgraph.pdf  used on input line 841.
(pdftex.def)             Requested size: 350.0pt x 99.15251pt.
> Step: init table outer spec.
> Step: parse table options.
> Step: split table.
> Step: init table inner spec.
> Step: parse table inner spec.
> Step: execute table commands.
> Step: calculate cell and line sizes.
> Step: build the whole table.
> Step: init table outer spec.
> Step: parse table options.
> Step: split table.
> Step: init table inner spec.
> Step: parse table inner spec.
> Step: execute table commands.
> Step: calculate cell and line sizes.
> Step: build the whole table.

Underfull \hbox (badness 10000) detected at line 857
[][][]
 []

 <./classgg_1_1GgVector_ac049e36760f62d4ebd1ffc2df552814b_cgraph.pdf>
<classgg_1_1GgVector_ac049e36760f62d4ebd1ffc2df552814b_cgraph.pdf, id=17351, 36
0.34625pt x 100.375pt>
File: classgg_1_1GgVector_ac049e36760f62d4ebd1ffc2df552814b_cgraph.pdf Graphic 
file (type pdf)
<use classgg_1_1GgVector_ac049e36760f62d4ebd1ffc2df552814b_cgraph.pdf>
Package pdftex.def Info: classgg_1_1GgVector_ac049e36760f62d4ebd1ffc2df552814b_
cgraph.pdf  used on input line 869.
(pdftex.def)             Requested size: 350.0pt x 97.49226pt.
> Step: init table outer spec.
> Step: parse table options.
> Step: split table.
> Step: init table inner spec.
> Step: parse table inner spec.
> Step: execute table commands.
> Step: calculate cell and line sizes.
> Step: build the whole table.
> Step: init table outer spec.
> Step: parse table options.
> Step: split table.
> Step: init table inner spec.
> Step: parse table inner spec.
> Step: execute table commands.
> Step: calculate cell and line sizes.
> Step: build the whole table.



Package fancyhdr Warning: \headheight is too small (12.0pt): 
(fancyhdr)                Make it at least 12.00003pt, for example:
(fancyhdr)                \setlength{\headheight}{12.00003pt}.
(fancyhdr)                You might also make \topmargin smaller:
(fancyhdr)                \addtolength{\topmargin}{-0.00003pt}.

[342]
Underfull \hbox (badness 10000) detected at line 885
[][][]
 []

 <./classgg_1_1GgVector_a7324171edeb2a4efc29c57e1e81058ab_cgraph.pdf>
<classgg_1_1GgVector_a7324171edeb2a4efc29c57e1e81058ab_cgraph.pdf, id=17374, 36
0.34625pt x 100.375pt>
File: classgg_1_1GgVector_a7324171edeb2a4efc29c57e1e81058ab_cgraph.pdf Graphic 
file (type pdf)
<use classgg_1_1GgVector_a7324171edeb2a4efc29c57e1e81058ab_cgraph.pdf>
Package pdftex.def Info: classgg_1_1GgVector_a7324171edeb2a4efc29c57e1e81058ab_
cgraph.pdf  used on input line 897.
(pdftex.def)             Requested size: 350.0pt x 97.49226pt.
 <./classgg_1_1GgVector_aa87eb7621081b5fe44d14a806321aabb_cgraph.pdf>
<classgg_1_1GgVector_aa87eb7621081b5fe44d14a806321aabb_cgraph.pdf, id=17384, 35
7.335pt x 100.375pt>
File: classgg_1_1GgVector_aa87eb7621081b5fe44d14a806321aabb_cgraph.pdf Graphic 
file (type pdf)
<use classgg_1_1GgVector_aa87eb7621081b5fe44d14a806321aabb_cgraph.pdf>
Package pdftex.def Info: classgg_1_1GgVector_aa87eb7621081b5fe44d14a806321aabb_
cgraph.pdf  used on input line 911.
(pdftex.def)             Requested size: 350.0pt x 98.31934pt.
 <./classgg_1_1GgVector_a2ac14c5d810fd71e75eb6e55ea693e2c_cgraph.pdf>
<classgg_1_1GgVector_a2ac14c5d810fd71e75eb6e55ea693e2c_cgraph.pdf, id=17394, 35
7.335pt x 100.375pt>
File: classgg_1_1GgVector_a2ac14c5d810fd71e75eb6e55ea693e2c_cgraph.pdf Graphic 
file (type pdf)
<use classgg_1_1GgVector_a2ac14c5d810fd71e75eb6e55ea693e2c_cgraph.pdf>
Package pdftex.def Info: classgg_1_1GgVector_a2ac14c5d810fd71e75eb6e55ea693e2c_
cgraph.pdf  used on input line 925.
(pdftex.def)             Requested size: 350.0pt x 98.31934pt.
) (./structgg_1_1GgVertex.tex


Package fancyhdr Warning: \headheight is too small (12.0pt): 
(fancyhdr)                Make it at least 12.00003pt, for example:
(fancyhdr)                \setlength{\headheight}{12.00003pt}.
(fancyhdr)                You might also make \topmargin smaller:
(fancyhdr)                \addtolength{\topmargin}{-0.00003pt}.

[343] <./structgg_1_1GgVertex__coll__graph.pdf>
<structgg_1_1GgVertex__coll__graph.pdf, id=17412, 198.7425pt x 247.92625pt>
File: structgg_1_1GgVertex__coll__graph.pdf Graphic file (type pdf)
<use structgg_1_1GgVertex__coll__graph.pdf>
Package pdftex.def Info: structgg_1_1GgVertex__coll__graph.pdf  used on input l
ine 14.
(pdftex.def)             Requested size: 198.0pt x 247.00636pt.
 <./structgg_1_1GgVertex_a362d864dc90e196f8da73ab2b1f33cde_icgraph.pdf>
<structgg_1_1GgVertex_a362d864dc90e196f8da73ab2b1f33cde_icgraph.pdf, id=17434, 
356.33125pt x 100.375pt>
File: structgg_1_1GgVertex_a362d864dc90e196f8da73ab2b1f33cde_icgraph.pdf Graphi
c file (type pdf)
<use structgg_1_1GgVertex_a362d864dc90e196f8da73ab2b1f33cde_icgraph.pdf>
Package pdftex.def Info: structgg_1_1GgVertex_a362d864dc90e196f8da73ab2b1f33cde
_icgraph.pdf  used on input line 62.
(pdftex.def)             Requested size: 350.0pt x 98.59502pt.



Package fancyhdr Warning: \headheight is too small (12.0pt): 
(fancyhdr)                Make it at least 12.00003pt, for example:
(fancyhdr)                \setlength{\headheight}{12.00003pt}.
(fancyhdr)                You might also make \topmargin smaller:
(fancyhdr)                \addtolength{\topmargin}{-0.00003pt}.

[344]
> Step: init table outer spec.
> Step: parse table options.
> Step: split table.
> Step: init table inner spec.
> Step: parse table inner spec.
> Step: execute table commands.
> Step: calculate cell and line sizes.
> Step: build the whole table.
> Step: init table outer spec.
> Step: parse table options.
> Step: split table.
> Step: init table inner spec.
> Step: parse table inner spec.
> Step: execute table commands.
> Step: calculate cell and line sizes.
> Step: build the whole table.
> Step: init table outer spec.
> Step: parse table options.
> Step: split table.
> Step: init table inner spec.
> Step: parse table inner spec.
> Step: execute table commands.
> Step: calculate cell and line sizes.
> Step: build the whole table.
> Step: init table outer spec.
> Step: parse table options.
> Step: split table.
> Step: init table inner spec.
> Step: parse table inner spec.
> Step: execute table commands.
> Step: calculate cell and line sizes.
> Step: build the whole table.
> Step: init table outer spec.
> Step: parse table options.
> Step: split table.
> Step: init table inner spec.
> Step: parse table inner spec.
> Step: execute table commands.
> Step: calculate cell and line sizes.
> Step: build the whole table.
> Step: init table outer spec.
> Step: parse table options.
> Step: split table.
> Step: init table inner spec.
> Step: parse table inner spec.
> Step: execute table commands.
> Step: calculate cell and line sizes.
> Step: build the whole table.



Package fancyhdr Warning: \headheight is too small (12.0pt): 
(fancyhdr)                Make it at least 12.00003pt, for example:
(fancyhdr)                \setlength{\headheight}{12.00003pt}.
(fancyhdr)                You might also make \topmargin smaller:
(fancyhdr)                \addtolength{\topmargin}{-0.00003pt}.

[345] <./structgg_1_1GgVertex_af1839d03faeafaaa6e812fb0387535b6_cgraph.pdf>
<structgg_1_1GgVertex_af1839d03faeafaaa6e812fb0387535b6_cgraph.pdf, id=17526, 3
56.33125pt x 100.375pt>
File: structgg_1_1GgVertex_af1839d03faeafaaa6e812fb0387535b6_cgraph.pdf Graphic
 file (type pdf)
<use structgg_1_1GgVertex_af1839d03faeafaaa6e812fb0387535b6_cgraph.pdf>
Package pdftex.def Info: structgg_1_1GgVertex_af1839d03faeafaaa6e812fb0387535b6
_cgraph.pdf  used on input line 135.
(pdftex.def)             Requested size: 350.0pt x 98.59502pt.
)
(./classgg_1_1GgVertexArray.tex


Package fancyhdr Warning: \headheight is too small (12.0pt): 
(fancyhdr)                Make it at least 12.00003pt, for example:
(fancyhdr)                \setlength{\headheight}{12.00003pt}.
(fancyhdr)                You might also make \topmargin smaller:
(fancyhdr)                \addtolength{\topmargin}{-0.00003pt}.

[346]
> Step: init table outer spec.
> Step: parse table options.
> Step: split table.
> Step: init table inner spec.
> Step: parse table inner spec.
> Step: execute table commands.
> Step: calculate cell and line sizes.
> Step: build the whole table.
> Step: init table outer spec.
> Step: parse table options.
> Step: split table.
> Step: init table inner spec.
> Step: parse table inner spec.
> Step: execute table commands.
> Step: calculate cell and line sizes.
> Step: build the whole table.
 <./classgg_1_1GgVertexArray_af10aae052e9b86a6f7375fdb9349cc44_icgraph.pdf>
<classgg_1_1GgVertexArray_af10aae052e9b86a6f7375fdb9349cc44_icgraph.pdf, id=175
75, 322.20375pt x 212.795pt>
File: classgg_1_1GgVertexArray_af10aae052e9b86a6f7375fdb9349cc44_icgraph.pdf Gr
aphic file (type pdf)
<use classgg_1_1GgVertexArray_af10aae052e9b86a6f7375fdb9349cc44_icgraph.pdf>
Package pdftex.def Info: classgg_1_1GgVertexArray_af10aae052e9b86a6f7375fdb9349
cc44_icgraph.pdf  used on input line 58.
(pdftex.def)             Requested size: 321.0pt x 212.00868pt.
> Step: init table outer spec.
> Step: parse table options.
> Step: split table.
> Step: init table inner spec.
> Step: parse table inner spec.
> Step: execute table commands.
> Step: calculate cell and line sizes.
> Step: build the whole table.
> Step: init table outer spec.
> Step: parse table options.
> Step: split table.
> Step: init table inner spec.
> Step: parse table inner spec.
> Step: execute table commands.
> Step: calculate cell and line sizes.
> Step: build the whole table.
 <./classgg_1_1GgVertexArray_a8b4aae25f9f95c9d1d996a0b9bc729b5_cgraph.pdf>
<classgg_1_1GgVertexArray_a8b4aae25f9f95c9d1d996a0b9bc729b5_cgraph.pdf, id=1758
3, 322.20375pt x 112.42pt>
File: classgg_1_1GgVertexArray_a8b4aae25f9f95c9d1d996a0b9bc729b5_cgraph.pdf Gra
phic file (type pdf)
<use classgg_1_1GgVertexArray_a8b4aae25f9f95c9d1d996a0b9bc729b5_cgraph.pdf>
Package pdftex.def Info: classgg_1_1GgVertexArray_a8b4aae25f9f95c9d1d996a0b9bc7
29b5_cgraph.pdf  used on input line 79.
(pdftex.def)             Requested size: 321.0pt x 112.0046pt.



Package fancyhdr Warning: \headheight is too small (12.0pt): 
(fancyhdr)                Make it at least 12.00003pt, for example:
(fancyhdr)                \setlength{\headheight}{12.00003pt}.
(fancyhdr)                You might also make \topmargin smaller:
(fancyhdr)                \addtolength{\topmargin}{-0.00003pt}.

[347]
> Step: init table outer spec.
> Step: parse table options.
> Step: split table.
> Step: init table inner spec.
> Step: parse table inner spec.
> Step: execute table commands.
> Step: calculate cell and line sizes.
> Step: build the whole table.
> Step: init table outer spec.
> Step: parse table options.
> Step: split table.
> Step: init table inner spec.
> Step: parse table inner spec.
> Step: execute table commands.
> Step: calculate cell and line sizes.
> Step: build the whole table.
 <./classgg_1_1GgVertexArray_a67a0aa3458fa91fc4beec6475e74545f_cgraph.pdf>
<classgg_1_1GgVertexArray_a67a0aa3458fa91fc4beec6475e74545f_cgraph.pdf, id=1760
3, 322.20375pt x 112.42pt>
File: classgg_1_1GgVertexArray_a67a0aa3458fa91fc4beec6475e74545f_cgraph.pdf Gra
phic file (type pdf)
<use classgg_1_1GgVertexArray_a67a0aa3458fa91fc4beec6475e74545f_cgraph.pdf>
Package pdftex.def Info: classgg_1_1GgVertexArray_a67a0aa3458fa91fc4beec6475e74
545f_cgraph.pdf  used on input line 100.
(pdftex.def)             Requested size: 321.0pt x 112.0046pt.

Underfull \hbox (badness 10000) detected at line 136
[][][]
 []

> Step: init table outer spec.
> Step: parse table options.
> Step: split table.
> Step: init table inner spec.
> Step: parse table inner spec.
> Step: execute table commands.
> Step: calculate cell and line sizes.
> Step: build the whole table.
> Step: init table outer spec.
> Step: parse table options.
> Step: split table.
> Step: init table inner spec.
> Step: parse table inner spec.
> Step: execute table commands.
> Step: calculate cell and line sizes.
> Step: build the whole table.



Package fancyhdr Warning: \headheight is too small (12.0pt): 
(fancyhdr)                Make it at least 12.00003pt, for example:
(fancyhdr)                \setlength{\headheight}{12.00003pt}.
(fancyhdr)                You might also make \topmargin smaller:
(fancyhdr)                \addtolength{\topmargin}{-0.00003pt}.

[348]
Underfull \hbox (badness 10000) detected at line 156
[][][]
 []

 <./classgg_1_1GgVertexArray_a70895cc9ffad3ed8c9ea54de0bc76794_cgraph.pdf>
<classgg_1_1GgVertexArray_a70895cc9ffad3ed8c9ea54de0bc76794_cgraph.pdf, id=1763
1, 322.20375pt x 112.42pt>
File: classgg_1_1GgVertexArray_a70895cc9ffad3ed8c9ea54de0bc76794_cgraph.pdf Gra
phic file (type pdf)
<use classgg_1_1GgVertexArray_a70895cc9ffad3ed8c9ea54de0bc76794_cgraph.pdf>
Package pdftex.def Info: classgg_1_1GgVertexArray_a70895cc9ffad3ed8c9ea54de0bc7
6794_cgraph.pdf  used on input line 164.
(pdftex.def)             Requested size: 321.0pt x 112.0046pt.
)
(./structgg_1_1GgSimpleShader_1_1Light.tex <./structgg_1_1GgSimpleShader_1_1Lig
ht__coll__graph.pdf>
<structgg_1_1GgSimpleShader_1_1Light__coll__graph.pdf, id=17640, 198.7425pt x 2
92.09125pt>
File: structgg_1_1GgSimpleShader_1_1Light__coll__graph.pdf Graphic file (type p
df)
<use structgg_1_1GgSimpleShader_1_1Light__coll__graph.pdf>
Package pdftex.def Info: structgg_1_1GgSimpleShader_1_1Light__coll__graph.pdf  
used on input line 14.
(pdftex.def)             Requested size: 198.0pt x 291.00748pt.



Package fancyhdr Warning: \headheight is too small (12.0pt): 
(fancyhdr)                Make it at least 12.00003pt, for example:
(fancyhdr)                \setlength{\headheight}{12.00003pt}.
(fancyhdr)                You might also make \topmargin smaller:
(fancyhdr)                \addtolength{\topmargin}{-0.00003pt}.

[349]) (./classgg_1_1GgSimpleShader_1_1LightBuffer.tex <./classgg_1_1GgSimpleSh
ader_1_1LightBuffer__inherit__graph.pdf>
<classgg_1_1GgSimpleShader_1_1LightBuffer__inherit__graph.pdf, id=17681, 186.69
75pt x 180.675pt>
File: classgg_1_1GgSimpleShader_1_1LightBuffer__inherit__graph.pdf Graphic file
 (type pdf)
<use classgg_1_1GgSimpleShader_1_1LightBuffer__inherit__graph.pdf>
Package pdftex.def Info: classgg_1_1GgSimpleShader_1_1LightBuffer__inherit__gra
ph.pdf  used on input line 14.
(pdftex.def)             Requested size: 186.0pt x 180.00737pt.



Package fancyhdr Warning: \headheight is too small (12.0pt): 
(fancyhdr)                Make it at least 12.00003pt, for example:
(fancyhdr)                \setlength{\headheight}{12.00003pt}.
(fancyhdr)                You might also make \topmargin smaller:
(fancyhdr)                \addtolength{\topmargin}{-0.00003pt}.

[350] <./classgg_1_1GgSimpleShader_1_1LightBuffer__coll__graph.pdf>
<classgg_1_1GgSimpleShader_1_1LightBuffer__coll__graph.pdf, id=17702, 186.6975p
t x 180.675pt>
File: classgg_1_1GgSimpleShader_1_1LightBuffer__coll__graph.pdf Graphic file (t
ype pdf)
<use classgg_1_1GgSimpleShader_1_1LightBuffer__coll__graph.pdf>
Package pdftex.def Info: classgg_1_1GgSimpleShader_1_1LightBuffer__coll__graph.
pdf  used on input line 24.
(pdftex.def)             Requested size: 186.0pt x 180.00737pt.



Package fancyhdr Warning: \headheight is too small (12.0pt): 
(fancyhdr)                Make it at least 12.00003pt, for example:
(fancyhdr)                \setlength{\headheight}{12.00003pt}.
(fancyhdr)                You might also make \topmargin smaller:
(fancyhdr)                \addtolength{\topmargin}{-0.00003pt}.

[351]
> Step: init table outer spec.
> Step: parse table options.
> Step: split table.
> Step: init table inner spec.
> Step: parse table inner spec.
> Step: execute table commands.
> Step: calculate cell and line sizes.
> Step: build the whole table.
> Step: init table outer spec.
> Step: parse table options.
> Step: split table.
> Step: init table inner spec.
> Step: parse table inner spec.
> Step: execute table commands.
> Step: calculate cell and line sizes.
> Step: build the whole table.
 <./classgg_1_1GgSimpleShader_1_1LightBuffer_acf233868d39717cbce43cfe3c00d9900_
cgraph.pdf>
<classgg_1_1GgSimpleShader_1_1LightBuffer_acf233868d39717cbce43cfe3c00d9900_cgr
aph.pdf, id=17802, 372.39125pt x 112.42pt>
File: classgg_1_1GgSimpleShader_1_1LightBuffer_acf233868d39717cbce43cfe3c00d990
0_cgraph.pdf Graphic file (type pdf)
<use classgg_1_1GgSimpleShader_1_1LightBuffer_acf233868d39717cbce43cfe3c00d9900
_cgraph.pdf>
Package pdftex.def Info: classgg_1_1GgSimpleShader_1_1LightBuffer_acf233868d397
17cbce43cfe3c00d9900_cgraph.pdf  used on input line 143.
(pdftex.def)             Requested size: 350.0pt x 105.66452pt.



Package fancyhdr Warning: \headheight is too small (12.0pt): 
(fancyhdr)                Make it at least 12.00003pt, for example:
(fancyhdr)                \setlength{\headheight}{12.00003pt}.
(fancyhdr)                You might also make \topmargin smaller:
(fancyhdr)                \addtolength{\topmargin}{-0.00003pt}.

[352]
> Step: init table outer spec.
> Step: parse table options.
> Step: split table.
> Step: init table inner spec.
> Step: parse table inner spec.
> Step: execute table commands.
> Step: calculate cell and line sizes.
> Step: build the whole table.
> Step: init table outer spec.
> Step: parse table options.
> Step: split table.
> Step: init table inner spec.
> Step: parse table inner spec.
> Step: execute table commands.
> Step: calculate cell and line sizes.
> Step: build the whole table.
 <./classgg_1_1GgSimpleShader_1_1LightBuffer_a573ebac72c3cfa75d2b070306116925b_
cgraph.pdf>
<classgg_1_1GgSimpleShader_1_1LightBuffer_a573ebac72c3cfa75d2b070306116925b_cgr
aph.pdf, id=17839, 372.39125pt x 112.42pt>
File: classgg_1_1GgSimpleShader_1_1LightBuffer_a573ebac72c3cfa75d2b070306116925
b_cgraph.pdf Graphic file (type pdf)
<use classgg_1_1GgSimpleShader_1_1LightBuffer_a573ebac72c3cfa75d2b070306116925b
_cgraph.pdf>
Package pdftex.def Info: classgg_1_1GgSimpleShader_1_1LightBuffer_a573ebac72c3c
fa75d2b070306116925b_cgraph.pdf  used on input line 172.
(pdftex.def)             Requested size: 350.0pt x 105.66452pt.
> Step: init table outer spec.
> Step: parse table options.
> Step: split table.
> Step: init table inner spec.
> Step: parse table inner spec.
> Step: execute table commands.
> Step: calculate cell and line sizes.
> Step: build the whole table.
> Step: init table outer spec.
> Step: parse table options.
> Step: split table.
> Step: init table inner spec.
> Step: parse table inner spec.
> Step: execute table commands.
> Step: calculate cell and line sizes.
> Step: build the whole table.



Package fancyhdr Warning: \headheight is too small (12.0pt): 
(fancyhdr)                Make it at least 12.00003pt, for example:
(fancyhdr)                \setlength{\headheight}{12.00003pt}.
(fancyhdr)                You might also make \topmargin smaller:
(fancyhdr)                \addtolength{\topmargin}{-0.00003pt}.

[353] <./classgg_1_1GgSimpleShader_1_1LightBuffer_ac292843abeade6d90d75609c853d
47e9_cgraph.pdf>
<classgg_1_1GgSimpleShader_1_1LightBuffer_ac292843abeade6d90d75609c853d47e9_cgr
aph.pdf, id=17871, 372.39125pt x 112.42pt>
File: classgg_1_1GgSimpleShader_1_1LightBuffer_ac292843abeade6d90d75609c853d47e
9_cgraph.pdf Graphic file (type pdf)
<use classgg_1_1GgSimpleShader_1_1LightBuffer_ac292843abeade6d90d75609c853d47e9
_cgraph.pdf>
Package pdftex.def Info: classgg_1_1GgSimpleShader_1_1LightBuffer_ac292843abead
e6d90d75609c853d47e9_cgraph.pdf  used on input line 207.
(pdftex.def)             Requested size: 350.0pt x 105.66452pt.
> Step: init table outer spec.
> Step: parse table options.
> Step: split table.
> Step: init table inner spec.
> Step: parse table inner spec.
> Step: execute table commands.
> Step: calculate cell and line sizes.
> Step: build the whole table.
> Step: init table outer spec.
> Step: parse table options.
> Step: split table.
> Step: init table inner spec.
> Step: parse table inner spec.
> Step: execute table commands.
> Step: calculate cell and line sizes.
> Step: build the whole table.
 <./classgg_1_1GgSimpleShader_1_1LightBuffer_a7866a9a911275f198a9280c3a75649ba_
cgraph.pdf>
<classgg_1_1GgSimpleShader_1_1LightBuffer_a7866a9a911275f198a9280c3a75649ba_cgr
aph.pdf, id=17890, 470.75874pt x 112.42pt>
File: classgg_1_1GgSimpleShader_1_1LightBuffer_a7866a9a911275f198a9280c3a75649b
a_cgraph.pdf Graphic file (type pdf)
<use classgg_1_1GgSimpleShader_1_1LightBuffer_a7866a9a911275f198a9280c3a75649ba
_cgraph.pdf>
Package pdftex.def Info: classgg_1_1GgSimpleShader_1_1LightBuffer_a7866a9a91127
5f198a9280c3a75649ba_cgraph.pdf  used on input line 251.
(pdftex.def)             Requested size: 350.0pt x 83.58232pt.



Package fancyhdr Warning: \headheight is too small (12.0pt): 
(fancyhdr)                Make it at least 12.00003pt, for example:
(fancyhdr)                \setlength{\headheight}{12.00003pt}.
(fancyhdr)                You might also make \topmargin smaller:
(fancyhdr)                \addtolength{\topmargin}{-0.00003pt}.

[354]
> Step: init table outer spec.
> Step: parse table options.
> Step: split table.
> Step: init table inner spec.
> Step: parse table inner spec.
> Step: execute table commands.
> Step: calculate cell and line sizes.
> Step: build the whole table.
> Step: init table outer spec.
> Step: parse table options.
> Step: split table.
> Step: init table inner spec.
> Step: parse table inner spec.
> Step: execute table commands.
> Step: calculate cell and line sizes.
> Step: build the whole table.
 <./classgg_1_1GgSimpleShader_1_1LightBuffer_aecf356b8f02c638f8bdf395e5e0245f7_
cgraph.pdf>
<classgg_1_1GgSimpleShader_1_1LightBuffer_aecf356b8f02c638f8bdf395e5e0245f7_cgr
aph.pdf, id=17919, 328.22626pt x 112.42pt>
File: classgg_1_1GgSimpleShader_1_1LightBuffer_aecf356b8f02c638f8bdf395e5e0245f
7_cgraph.pdf Graphic file (type pdf)
<use classgg_1_1GgSimpleShader_1_1LightBuffer_aecf356b8f02c638f8bdf395e5e0245f7
_cgraph.pdf>
Package pdftex.def Info: classgg_1_1GgSimpleShader_1_1LightBuffer_aecf356b8f02c
638f8bdf395e5e0245f7_cgraph.pdf  used on input line 280.
(pdftex.def)             Requested size: 327.0pt x 112.00116pt.
 <./classgg_1_1GgSimpleShader_1_1LightBuffer_aecf356b8f02c638f8bdf395e5e0245f7_
icgraph.pdf>
<classgg_1_1GgSimpleShader_1_1LightBuffer_aecf356b8f02c638f8bdf395e5e0245f7_icg
raph.pdf, id=17927, 329.23pt x 112.42pt>
File: classgg_1_1GgSimpleShader_1_1LightBuffer_aecf356b8f02c638f8bdf395e5e0245f
7_icgraph.pdf Graphic file (type pdf)
<use classgg_1_1GgSimpleShader_1_1LightBuffer_aecf356b8f02c638f8bdf395e5e0245f7
_icgraph.pdf>
Package pdftex.def Info: classgg_1_1GgSimpleShader_1_1LightBuffer_aecf356b8f02c
638f8bdf395e5e0245f7_icgraph.pdf  used on input line 288.
(pdftex.def)             Requested size: 328.0pt x 112.00288pt.
> Step: init table outer spec.
> Step: parse table options.
> Step: split table.
> Step: init table inner spec.
> Step: parse table inner spec.
> Step: execute table commands.
> Step: calculate cell and line sizes.
> Step: build the whole table.
> Step: init table outer spec.
> Step: parse table options.
> Step: split table.
> Step: init table inner spec.
> Step: parse table inner spec.
> Step: execute table commands.
> Step: calculate cell and line sizes.
> Step: build the whole table.


LaTeX Font Info:    Font shape `OT1/phv/m/n' will be
(Font)              scaled to size 8.99994pt on input line 312.
LaTeX Font Info:    Font shape `OT1/phv/m/n' will be
(Font)              scaled to size 8.99994pt on input line 312.
LaTeX Font Info:    Font shape `OT1/phv/m/n' will be
(Font)              scaled to size 8.99994pt on input line 312.
LaTeX Font Info:    Font shape `OT1/phv/b/n' will be
(Font)              scaled to size 8.99994pt on input line 312.
LaTeX Font Info:    Font shape `OT1/phv/b/n' will be
(Font)              scaled to size 6.29996pt on input line 312.
LaTeX Font Info:    Font shape `OT1/phv/b/n' will be
(Font)              scaled to size 6.29996pt on input line 312.
LaTeX Font Info:    Font shape `OT1/phv/b/n' will be
(Font)              scaled to size 6.29996pt on input line 312.
LaTeX Font Info:    Font shape `OT1/phv/b/n' will be
(Font)              scaled to size 6.29996pt on input line 312.
LaTeX Font Info:    Font shape `OT1/phv/b/n' will be
(Font)              scaled to size 6.29996pt on input line 312.
LaTeX Font Info:    Font shape `OT1/phv/b/n' will be
(Font)              scaled to size 8.99994pt on input line 312.

Package fancyhdr Warning: \headheight is too small (12.0pt): 
(fancyhdr)                Make it at least 12.00003pt, for example:
(fancyhdr)                \setlength{\headheight}{12.00003pt}.
(fancyhdr)                You might also make \topmargin smaller:
(fancyhdr)                \addtolength{\topmargin}{-0.00003pt}.

LaTeX Font Info:    Font shape `OT1/phv/m/n' will be
(Font)              scaled to size 8.99994pt on input line 312.
LaTeX Font Info:    Font shape `OT1/phv/b/n' will be
(Font)              scaled to size 8.99994pt on input line 312.
LaTeX Font Info:    Font shape `OT1/phv/b/n' will be
(Font)              scaled to size 6.29996pt on input line 312.
LaTeX Font Info:    Font shape `OT1/phv/b/n' will be
(Font)              scaled to size 6.29996pt on input line 312.
[355] <./classgg_1_1GgSimpleShader_1_1LightBuffer_ac6cd8eaa836bb3265980bc33ac13
62c3_cgraph.pdf>
<classgg_1_1GgSimpleShader_1_1LightBuffer_ac6cd8eaa836bb3265980bc33ac1362c3_cgr
aph.pdf, id=17954, 351.3125pt x 212.795pt>
File: classgg_1_1GgSimpleShader_1_1LightBuffer_ac6cd8eaa836bb3265980bc33ac1362c
3_cgraph.pdf Graphic file (type pdf)
<use classgg_1_1GgSimpleShader_1_1LightBuffer_ac6cd8eaa836bb3265980bc33ac1362c3
_cgraph.pdf>
Package pdftex.def Info: classgg_1_1GgSimpleShader_1_1LightBuffer_ac6cd8eaa836b
b3265980bc33ac1362c3_cgraph.pdf  used on input line 317.
(pdftex.def)             Requested size: 350.0pt x 212.01518pt.
> Step: init table outer spec.
> Step: parse table options.
> Step: split table.
> Step: init table inner spec.
> Step: parse table inner spec.
> Step: execute table commands.
> Step: calculate cell and line sizes.
> Step: build the whole table.
> Step: init table outer spec.
> Step: parse table options.
> Step: split table.
> Step: init table inner spec.
> Step: parse table inner spec.
> Step: execute table commands.
> Step: calculate cell and line sizes.
> Step: build the whole table.
 <./classgg_1_1GgSimpleShader_1_1LightBuffer_a0d4269360b749e21da5f2c25da02d74f_
cgraph.pdf>
<classgg_1_1GgSimpleShader_1_1LightBuffer_a0d4269360b749e21da5f2c25da02d74f_cgr
aph.pdf, id=17964, 351.3125pt x 112.42pt>
File: classgg_1_1GgSimpleShader_1_1LightBuffer_a0d4269360b749e21da5f2c25da02d74
f_cgraph.pdf Graphic file (type pdf)
<use classgg_1_1GgSimpleShader_1_1LightBuffer_a0d4269360b749e21da5f2c25da02d74f
_cgraph.pdf>
Package pdftex.def Info: classgg_1_1GgSimpleShader_1_1LightBuffer_a0d4269360b74
9e21da5f2c25da02d74f_cgraph.pdf  used on input line 346.
(pdftex.def)             Requested size: 350.0pt x 112.00803pt.



Package fancyhdr Warning: \headheight is too small (12.0pt): 
(fancyhdr)                Make it at least 12.00003pt, for example:
(fancyhdr)                \setlength{\headheight}{12.00003pt}.
(fancyhdr)                You might also make \topmargin smaller:
(fancyhdr)                \addtolength{\topmargin}{-0.00003pt}.

[356]
> Step: init table outer spec.
> Step: parse table options.
> Step: split table.
> Step: init table inner spec.
> Step: parse table inner spec.
> Step: execute table commands.
> Step: calculate cell and line sizes.
> Step: build the whole table.
> Step: init table outer spec.
> Step: parse table options.
> Step: split table.
> Step: init table inner spec.
> Step: parse table inner spec.
> Step: execute table commands.
> Step: calculate cell and line sizes.
> Step: build the whole table.
 <./classgg_1_1GgSimpleShader_1_1LightBuffer_adbef7fd0157faf9a2f99ba754fc5ccd7_
cgraph.pdf>
<classgg_1_1GgSimpleShader_1_1LightBuffer_adbef7fd0157faf9a2f99ba754fc5ccd7_cgr
aph.pdf, id=17984, 351.3125pt x 212.795pt>
File: classgg_1_1GgSimpleShader_1_1LightBuffer_adbef7fd0157faf9a2f99ba754fc5ccd
7_cgraph.pdf Graphic file (type pdf)
<use classgg_1_1GgSimpleShader_1_1LightBuffer_adbef7fd0157faf9a2f99ba754fc5ccd7
_cgraph.pdf>
Package pdftex.def Info: classgg_1_1GgSimpleShader_1_1LightBuffer_adbef7fd0157f
af9a2f99ba754fc5ccd7_cgraph.pdf  used on input line 381.
(pdftex.def)             Requested size: 350.0pt x 212.01518pt.
> Step: init table outer spec.
> Step: parse table options.
> Step: split table.
> Step: init table inner spec.
> Step: parse table inner spec.
> Step: execute table commands.
> Step: calculate cell and line sizes.
> Step: build the whole table.
> Step: init table outer spec.
> Step: parse table options.
> Step: split table.
> Step: init table inner spec.
> Step: parse table inner spec.
> Step: execute table commands.
> Step: calculate cell and line sizes.
> Step: build the whole table.
 <./classgg_1_1GgSimpleShader_1_1LightBuffer_ae6fb336b7c3cf6a944fb95ba985b92cc_
cgraph.pdf>
<classgg_1_1GgSimpleShader_1_1LightBuffer_ae6fb336b7c3cf6a944fb95ba985b92cc_cgr
aph.pdf, id=18002, 338.26375pt x 212.795pt>
File: classgg_1_1GgSimpleShader_1_1LightBuffer_ae6fb336b7c3cf6a944fb95ba985b92c
c_cgraph.pdf Graphic file (type pdf)
<use classgg_1_1GgSimpleShader_1_1LightBuffer_ae6fb336b7c3cf6a944fb95ba985b92cc
_cgraph.pdf>
Package pdftex.def Info: classgg_1_1GgSimpleShader_1_1LightBuffer_ae6fb336b7c3c
f6a944fb95ba985b92cc_cgraph.pdf  used on input line 410.
(pdftex.def)             Requested size: 337.0pt x 212.00543pt.



Package fancyhdr Warning: \headheight is too small (12.0pt): 
(fancyhdr)                Make it at least 12.00003pt, for example:
(fancyhdr)                \setlength{\headheight}{12.00003pt}.
(fancyhdr)                You might also make \topmargin smaller:
(fancyhdr)                \addtolength{\topmargin}{-0.00003pt}.

[357]
> Step: init table outer spec.
> Step: parse table options.
> Step: split table.
> Step: init table inner spec.
> Step: parse table inner spec.
> Step: execute table commands.
> Step: calculate cell and line sizes.
> Step: build the whole table.
> Step: init table outer spec.
> Step: parse table options.
> Step: split table.
> Step: init table inner spec.
> Step: parse table inner spec.
> Step: execute table commands.
> Step: calculate cell and line sizes.
> Step: build the whole table.
 <./classgg_1_1GgSimpleShader_1_1LightBuffer_a3742de34f34fc1953221be7f3053f617_
cgraph.pdf>
<classgg_1_1GgSimpleShader_1_1LightBuffer_a3742de34f34fc1953221be7f3053f617_cgr
aph.pdf, id=18029, 346.29375pt x 212.795pt>
File: classgg_1_1GgSimpleShader_1_1LightBuffer_a3742de34f34fc1953221be7f3053f61
7_cgraph.pdf Graphic file (type pdf)
<use classgg_1_1GgSimpleShader_1_1LightBuffer_a3742de34f34fc1953221be7f3053f617
_cgraph.pdf>
Package pdftex.def Info: classgg_1_1GgSimpleShader_1_1LightBuffer_a3742de34f34f
c1953221be7f3053f617_cgraph.pdf  used on input line 439.
(pdftex.def)             Requested size: 345.0pt x 212.00543pt.



Package fancyhdr Warning: \headheight is too small (12.0pt): 
(fancyhdr)                Make it at least 12.00003pt, for example:
(fancyhdr)                \setlength{\headheight}{12.00003pt}.
(fancyhdr)                You might also make \topmargin smaller:
(fancyhdr)                \addtolength{\topmargin}{-0.00003pt}.

[358]
> Step: init table outer spec.
> Step: parse table options.
> Step: split table.
> Step: init table inner spec.
> Step: parse table inner spec.
> Step: execute table commands.
> Step: calculate cell and line sizes.
> Step: build the whole table.
> Step: init table outer spec.
> Step: parse table options.
> Step: split table.
> Step: init table inner spec.
> Step: parse table inner spec.
> Step: execute table commands.
> Step: calculate cell and line sizes.
> Step: build the whole table.
 <./classgg_1_1GgSimpleShader_1_1LightBuffer_ac0f00e2f94bc2105a55f7a5c3306d184_
cgraph.pdf>
<classgg_1_1GgSimpleShader_1_1LightBuffer_ac0f00e2f94bc2105a55f7a5c3306d184_cgr
aph.pdf, id=18047, 346.29375pt x 112.42pt>
File: classgg_1_1GgSimpleShader_1_1LightBuffer_ac0f00e2f94bc2105a55f7a5c3306d18
4_cgraph.pdf Graphic file (type pdf)
<use classgg_1_1GgSimpleShader_1_1LightBuffer_ac0f00e2f94bc2105a55f7a5c3306d184
_cgraph.pdf>
Package pdftex.def Info: classgg_1_1GgSimpleShader_1_1LightBuffer_ac0f00e2f94bc
2105a55f7a5c3306d184_cgraph.pdf  used on input line 468.
(pdftex.def)             Requested size: 345.0pt x 112.00288pt.



Package fancyhdr Warning: \headheight is too small (12.0pt): 
(fancyhdr)                Make it at least 12.00003pt, for example:
(fancyhdr)                \setlength{\headheight}{12.00003pt}.
(fancyhdr)                You might also make \topmargin smaller:
(fancyhdr)                \addtolength{\topmargin}{-0.00003pt}.

[359]
> Step: init table outer spec.
> Step: parse table options.
> Step: split table.
> Step: init table inner spec.
> Step: parse table inner spec.
> Step: execute table commands.
> Step: calculate cell and line sizes.
> Step: build the whole table.
> Step: init table outer spec.
> Step: parse table options.
> Step: split table.
> Step: init table inner spec.
> Step: parse table inner spec.
> Step: execute table commands.
> Step: calculate cell and line sizes.
> Step: build the whole table.
 <./classgg_1_1GgSimpleShader_1_1LightBuffer_a4bd0a46d083fd92cc24fc0fd8e73c294_
cgraph.pdf>
<classgg_1_1GgSimpleShader_1_1LightBuffer_a4bd0a46d083fd92cc24fc0fd8e73c294_cgr
aph.pdf, id=18067, 346.29375pt x 212.795pt>
File: classgg_1_1GgSimpleShader_1_1LightBuffer_a4bd0a46d083fd92cc24fc0fd8e73c29
4_cgraph.pdf Graphic file (type pdf)
<use classgg_1_1GgSimpleShader_1_1LightBuffer_a4bd0a46d083fd92cc24fc0fd8e73c294
_cgraph.pdf>
Package pdftex.def Info: classgg_1_1GgSimpleShader_1_1LightBuffer_a4bd0a46d083f
d92cc24fc0fd8e73c294_cgraph.pdf  used on input line 503.
(pdftex.def)             Requested size: 345.0pt x 212.00543pt.
> Step: init table outer spec.
> Step: parse table options.
> Step: split table.
> Step: init table inner spec.
> Step: parse table inner spec.
> Step: execute table commands.
> Step: calculate cell and line sizes.
> Step: build the whole table.
> Step: init table outer spec.
> Step: parse table options.
> Step: split table.
> Step: init table inner spec.
> Step: parse table inner spec.
> Step: execute table commands.
> Step: calculate cell and line sizes.
> Step: build the whole table.
 <./classgg_1_1GgSimpleShader_1_1LightBuffer_a5290f498b4335dba50ba6f7a83b24dfc_
cgraph.pdf>
<classgg_1_1GgSimpleShader_1_1LightBuffer_a5290f498b4335dba50ba6f7a83b24dfc_cgr
aph.pdf, id=18084, 350.30875pt x 212.795pt>
File: classgg_1_1GgSimpleShader_1_1LightBuffer_a5290f498b4335dba50ba6f7a83b24df
c_cgraph.pdf Graphic file (type pdf)
<use classgg_1_1GgSimpleShader_1_1LightBuffer_a5290f498b4335dba50ba6f7a83b24dfc
_cgraph.pdf>
Package pdftex.def Info: classgg_1_1GgSimpleShader_1_1LightBuffer_a5290f498b433
5dba50ba6f7a83b24dfc_cgraph.pdf  used on input line 532.
(pdftex.def)             Requested size: 349.0pt x 212.01518pt.



Package fancyhdr Warning: \headheight is too small (12.0pt): 
(fancyhdr)                Make it at least 12.00003pt, for example:
(fancyhdr)                \setlength{\headheight}{12.00003pt}.
(fancyhdr)                You might also make \topmargin smaller:
(fancyhdr)                \addtolength{\topmargin}{-0.00003pt}.

[360]
> Step: init table outer spec.
> Step: parse table options.
> Step: split table.
> Step: init table inner spec.
> Step: parse table inner spec.
> Step: execute table commands.
> Step: calculate cell and line sizes.
> Step: build the whole table.
> Step: init table outer spec.
> Step: parse table options.
> Step: split table.
> Step: init table inner spec.
> Step: parse table inner spec.
> Step: execute table commands.
> Step: calculate cell and line sizes.
> Step: build the whole table.
 <./classgg_1_1GgSimpleShader_1_1LightBuffer_a0ce7222dadcffd51d3dae84d366bba26_
cgraph.pdf>
<classgg_1_1GgSimpleShader_1_1LightBuffer_a0ce7222dadcffd51d3dae84d366bba26_cgr
aph.pdf, id=18111, 514.92375pt x 212.795pt>
File: classgg_1_1GgSimpleShader_1_1LightBuffer_a0ce7222dadcffd51d3dae84d366bba2
6_cgraph.pdf Graphic file (type pdf)
<use classgg_1_1GgSimpleShader_1_1LightBuffer_a0ce7222dadcffd51d3dae84d366bba26
_cgraph.pdf>
Package pdftex.def Info: classgg_1_1GgSimpleShader_1_1LightBuffer_a0ce7222dadcf
fd51d3dae84d366bba26_cgraph.pdf  used on input line 561.
(pdftex.def)             Requested size: 350.0pt x 144.64346pt.



Package fancyhdr Warning: \headheight is too small (12.0pt): 
(fancyhdr)                Make it at least 12.00003pt, for example:
(fancyhdr)                \setlength{\headheight}{12.00003pt}.
(fancyhdr)                You might also make \topmargin smaller:
(fancyhdr)                \addtolength{\topmargin}{-0.00003pt}.

[361]
> Step: init table outer spec.
> Step: parse table options.
> Step: split table.
> Step: init table inner spec.
> Step: parse table inner spec.
> Step: execute table commands.
> Step: calculate cell and line sizes.
> Step: build the whole table.
> Step: init table outer spec.
> Step: parse table options.
> Step: split table.
> Step: init table inner spec.
> Step: parse table inner spec.
> Step: execute table commands.
> Step: calculate cell and line sizes.
> Step: build the whole table.
 <./classgg_1_1GgSimpleShader_1_1LightBuffer_a93f4540eafd51ed6fc637775ff905df0_
cgraph.pdf>
<classgg_1_1GgSimpleShader_1_1LightBuffer_a93f4540eafd51ed6fc637775ff905df0_cgr
aph.pdf, id=18131, 350.30875pt x 112.42pt>
File: classgg_1_1GgSimpleShader_1_1LightBuffer_a93f4540eafd51ed6fc637775ff905df
0_cgraph.pdf Graphic file (type pdf)
<use classgg_1_1GgSimpleShader_1_1LightBuffer_a93f4540eafd51ed6fc637775ff905df0
_cgraph.pdf>
Package pdftex.def Info: classgg_1_1GgSimpleShader_1_1LightBuffer_a93f4540eafd5
1ed6fc637775ff905df0_cgraph.pdf  used on input line 590.
(pdftex.def)             Requested size: 349.0pt x 112.00803pt.
> Step: init table outer spec.
> Step: parse table options.
> Step: split table.
> Step: init table inner spec.
> Step: parse table inner spec.
> Step: execute table commands.
> Step: calculate cell and line sizes.
> Step: build the whole table.
> Step: init table outer spec.
> Step: parse table options.
> Step: split table.
> Step: init table inner spec.
> Step: parse table inner spec.
> Step: execute table commands.
> Step: calculate cell and line sizes.
> Step: build the whole table.
 <./classgg_1_1GgSimpleShader_1_1LightBuffer_ab5039579ec62e813d21d67cf8bcf7382_
cgraph.pdf>
<classgg_1_1GgSimpleShader_1_1LightBuffer_ab5039579ec62e813d21d67cf8bcf7382_cgr
aph.pdf, id=18141, 350.30875pt x 212.795pt>
File: classgg_1_1GgSimpleShader_1_1LightBuffer_ab5039579ec62e813d21d67cf8bcf738
2_cgraph.pdf Graphic file (type pdf)
<use classgg_1_1GgSimpleShader_1_1LightBuffer_ab5039579ec62e813d21d67cf8bcf7382
_cgraph.pdf>
Package pdftex.def Info: classgg_1_1GgSimpleShader_1_1LightBuffer_ab5039579ec62
e813d21d67cf8bcf7382_cgraph.pdf  used on input line 625.
(pdftex.def)             Requested size: 349.0pt x 212.01518pt.


LaTeX Font Info:    Font shape `OT1/phv/m/n' will be
(Font)              scaled to size 8.99994pt on input line 628.
LaTeX Font Info:    Font shape `OT1/phv/m/n' will be
(Font)              scaled to size 8.99994pt on input line 628.
LaTeX Font Info:    Font shape `OT1/phv/m/n' will be
(Font)              scaled to size 8.99994pt on input line 628.
LaTeX Font Info:    Font shape `OT1/phv/b/n' will be
(Font)              scaled to size 8.99994pt on input line 628.
LaTeX Font Info:    Font shape `OT1/phv/b/n' will be
(Font)              scaled to size 8.99994pt on input line 628.

Package fancyhdr Warning: \headheight is too small (12.0pt): 
(fancyhdr)                Make it at least 12.00003pt, for example:
(fancyhdr)                \setlength{\headheight}{12.00003pt}.
(fancyhdr)                You might also make \topmargin smaller:
(fancyhdr)                \addtolength{\topmargin}{-0.00003pt}.

LaTeX Font Info:    Font shape `OT1/phv/m/n' will be
(Font)              scaled to size 8.99994pt on input line 628.
LaTeX Font Info:    Font shape `OT1/phv/b/n' will be
(Font)              scaled to size 8.99994pt on input line 628.
LaTeX Font Info:    Font shape `OT1/phv/b/n' will be
(Font)              scaled to size 6.29996pt on input line 628.
LaTeX Font Info:    Font shape `OT1/phv/b/n' will be
(Font)              scaled to size 6.29996pt on input line 628.
[362] <./classgg_1_1GgSimpleShader_1_1LightBuffer_ab5039579ec62e813d21d67cf8bcf
7382_icgraph.pdf>
<classgg_1_1GgSimpleShader_1_1LightBuffer_ab5039579ec62e813d21d67cf8bcf7382_icg
raph.pdf, id=18159, 373.395pt x 112.42pt>
File: classgg_1_1GgSimpleShader_1_1LightBuffer_ab5039579ec62e813d21d67cf8bcf738
2_icgraph.pdf Graphic file (type pdf)
<use classgg_1_1GgSimpleShader_1_1LightBuffer_ab5039579ec62e813d21d67cf8bcf7382
_icgraph.pdf>
Package pdftex.def Info: classgg_1_1GgSimpleShader_1_1LightBuffer_ab5039579ec62
e813d21d67cf8bcf7382_icgraph.pdf  used on input line 633.
(pdftex.def)             Requested size: 350.0pt x 105.38147pt.
> Step: init table outer spec.
> Step: parse table options.
> Step: split table.
> Step: init table inner spec.
> Step: parse table inner spec.
> Step: execute table commands.
> Step: calculate cell and line sizes.
> Step: build the whole table.
> Step: init table outer spec.
> Step: parse table options.
> Step: split table.
> Step: init table inner spec.
> Step: parse table inner spec.
> Step: execute table commands.
> Step: calculate cell and line sizes.
> Step: build the whole table.
 <./classgg_1_1GgSimpleShader_1_1LightBuffer_a1ed4c39a41fdd9f6bc9e7606ad8e8cfc_
cgraph.pdf>
<classgg_1_1GgSimpleShader_1_1LightBuffer_a1ed4c39a41fdd9f6bc9e7606ad8e8cfc_cgr
aph.pdf, id=18176, 353.32pt x 212.795pt>
File: classgg_1_1GgSimpleShader_1_1LightBuffer_a1ed4c39a41fdd9f6bc9e7606ad8e8cf
c_cgraph.pdf Graphic file (type pdf)
<use classgg_1_1GgSimpleShader_1_1LightBuffer_a1ed4c39a41fdd9f6bc9e7606ad8e8cfc
_cgraph.pdf>
Package pdftex.def Info: classgg_1_1GgSimpleShader_1_1LightBuffer_a1ed4c39a41fd
d9f6bc9e7606ad8e8cfc_cgraph.pdf  used on input line 662.
(pdftex.def)             Requested size: 350.0pt x 210.79756pt.



Package fancyhdr Warning: \headheight is too small (12.0pt): 
(fancyhdr)                Make it at least 12.00003pt, for example:
(fancyhdr)                \setlength{\headheight}{12.00003pt}.
(fancyhdr)                You might also make \topmargin smaller:
(fancyhdr)                \addtolength{\topmargin}{-0.00003pt}.

[363]
> Step: init table outer spec.
> Step: parse table options.
> Step: split table.
> Step: init table inner spec.
> Step: parse table inner spec.
> Step: execute table commands.
> Step: calculate cell and line sizes.
> Step: build the whole table.
> Step: init table outer spec.
> Step: parse table options.
> Step: split table.
> Step: init table inner spec.
> Step: parse table inner spec.
> Step: execute table commands.
> Step: calculate cell and line sizes.
> Step: build the whole table.
 <./classgg_1_1GgSimpleShader_1_1LightBuffer_a59e2c42a8bbea3ea37e6cbd217e0b7a5_
cgraph.pdf>
<classgg_1_1GgSimpleShader_1_1LightBuffer_a59e2c42a8bbea3ea37e6cbd217e0b7a5_cgr
aph.pdf, id=18195, 353.32pt x 112.42pt>
File: classgg_1_1GgSimpleShader_1_1LightBuffer_a59e2c42a8bbea3ea37e6cbd217e0b7a
5_cgraph.pdf Graphic file (type pdf)
<use classgg_1_1GgSimpleShader_1_1LightBuffer_a59e2c42a8bbea3ea37e6cbd217e0b7a5
_cgraph.pdf>
Package pdftex.def Info: classgg_1_1GgSimpleShader_1_1LightBuffer_a59e2c42a8bbe
a3ea37e6cbd217e0b7a5_cgraph.pdf  used on input line 691.
(pdftex.def)             Requested size: 350.0pt x 111.36475pt.



Package fancyhdr Warning: \headheight is too small (12.0pt): 
(fancyhdr)                Make it at least 12.00003pt, for example:
(fancyhdr)                \setlength{\headheight}{12.00003pt}.
(fancyhdr)                You might also make \topmargin smaller:
(fancyhdr)                \addtolength{\topmargin}{-0.00003pt}.

[364]
> Step: init table outer spec.
> Step: parse table options.
> Step: split table.
> Step: init table inner spec.
> Step: parse table inner spec.
> Step: execute table commands.
> Step: calculate cell and line sizes.
> Step: build the whole table.
> Step: init table outer spec.
> Step: parse table options.
> Step: split table.
> Step: init table inner spec.
> Step: parse table inner spec.
> Step: execute table commands.
> Step: calculate cell and line sizes.
> Step: build the whole table.
 <./classgg_1_1GgSimpleShader_1_1LightBuffer_a45298d18a7c067907dca4ac54a56b76b_
cgraph.pdf>
<classgg_1_1GgSimpleShader_1_1LightBuffer_a45298d18a7c067907dca4ac54a56b76b_cgr
aph.pdf, id=18214, 353.32pt x 212.795pt>
File: classgg_1_1GgSimpleShader_1_1LightBuffer_a45298d18a7c067907dca4ac54a56b76
b_cgraph.pdf Graphic file (type pdf)
<use classgg_1_1GgSimpleShader_1_1LightBuffer_a45298d18a7c067907dca4ac54a56b76b
_cgraph.pdf>
Package pdftex.def Info: classgg_1_1GgSimpleShader_1_1LightBuffer_a45298d18a7c0
67907dca4ac54a56b76b_cgraph.pdf  used on input line 726.
(pdftex.def)             Requested size: 350.0pt x 210.79756pt.
> Step: init table outer spec.
> Step: parse table options.
> Step: split table.
> Step: init table inner spec.
> Step: parse table inner spec.
> Step: execute table commands.
> Step: calculate cell and line sizes.
> Step: build the whole table.
> Step: init table outer spec.
> Step: parse table options.
> Step: split table.
> Step: init table inner spec.
> Step: parse table inner spec.
> Step: execute table commands.
> Step: calculate cell and line sizes.
> Step: build the whole table.
 <./classgg_1_1GgSimpleShader_1_1LightBuffer_a21c8fad77cffc831e18d9413a253788a_
cgraph.pdf>
<classgg_1_1GgSimpleShader_1_1LightBuffer_a21c8fad77cffc831e18d9413a253788a_cgr
aph.pdf, id=18224, 328.22626pt x 212.795pt>
File: classgg_1_1GgSimpleShader_1_1LightBuffer_a21c8fad77cffc831e18d9413a253788
a_cgraph.pdf Graphic file (type pdf)
<use classgg_1_1GgSimpleShader_1_1LightBuffer_a21c8fad77cffc831e18d9413a253788a
_cgraph.pdf>
Package pdftex.def Info: classgg_1_1GgSimpleShader_1_1LightBuffer_a21c8fad77cff
c831e18d9413a253788a_cgraph.pdf  used on input line 751.
(pdftex.def)             Requested size: 327.0pt x 212.0022pt.


LaTeX Font Info:    Font shape `OT1/phv/m/n' will be
(Font)              scaled to size 8.99994pt on input line 754.
LaTeX Font Info:    Font shape `OT1/phv/m/n' will be
(Font)              scaled to size 8.99994pt on input line 754.
LaTeX Font Info:    Font shape `OT1/phv/m/n' will be
(Font)              scaled to size 8.99994pt on input line 754.
LaTeX Font Info:    Font shape `OT1/phv/b/n' will be
(Font)              scaled to size 8.99994pt on input line 754.
LaTeX Font Info:    Font shape `OT1/phv/b/n' will be
(Font)              scaled to size 6.29996pt on input line 754.
LaTeX Font Info:    Font shape `OT1/phv/b/n' will be
(Font)              scaled to size 6.29996pt on input line 754.
LaTeX Font Info:    Font shape `OT1/phv/b/n' will be
(Font)              scaled to size 6.29996pt on input line 754.
LaTeX Font Info:    Font shape `OT1/phv/b/n' will be
(Font)              scaled to size 6.29996pt on input line 754.
LaTeX Font Info:    Font shape `OT1/phv/b/n' will be
(Font)              scaled to size 6.29996pt on input line 754.
LaTeX Font Info:    Font shape `OT1/phv/b/n' will be
(Font)              scaled to size 8.99994pt on input line 754.

Package fancyhdr Warning: \headheight is too small (12.0pt): 
(fancyhdr)                Make it at least 12.00003pt, for example:
(fancyhdr)                \setlength{\headheight}{12.00003pt}.
(fancyhdr)                You might also make \topmargin smaller:
(fancyhdr)                \addtolength{\topmargin}{-0.00003pt}.

LaTeX Font Info:    Font shape `OT1/phv/m/n' will be
(Font)              scaled to size 8.99994pt on input line 754.
LaTeX Font Info:    Font shape `OT1/phv/b/n' will be
(Font)              scaled to size 8.99994pt on input line 754.
LaTeX Font Info:    Font shape `OT1/phv/b/n' will be
(Font)              scaled to size 6.29996pt on input line 754.
LaTeX Font Info:    Font shape `OT1/phv/b/n' will be
(Font)              scaled to size 6.29996pt on input line 754.
[365] <./classgg_1_1GgSimpleShader_1_1LightBuffer_a21c8fad77cffc831e18d9413a253
788a_icgraph.pdf>
<classgg_1_1GgSimpleShader_1_1LightBuffer_a21c8fad77cffc831e18d9413a253788a_icg
raph.pdf, id=18243, 351.3125pt x 112.42pt>
File: classgg_1_1GgSimpleShader_1_1LightBuffer_a21c8fad77cffc831e18d9413a253788
a_icgraph.pdf Graphic file (type pdf)
<use classgg_1_1GgSimpleShader_1_1LightBuffer_a21c8fad77cffc831e18d9413a253788a
_icgraph.pdf>
Package pdftex.def Info: classgg_1_1GgSimpleShader_1_1LightBuffer_a21c8fad77cff
c831e18d9413a253788a_icgraph.pdf  used on input line 759.
(pdftex.def)             Requested size: 350.0pt x 112.00803pt.
) (./structgg_1_1GgSimpleShader_1_1Material.tex <./structgg_1_1GgSimpleShader_1
_1Material__coll__graph.pdf>
<structgg_1_1GgSimpleShader_1_1Material__coll__graph.pdf, id=18253, 198.7425pt 
x 276.03125pt>
File: structgg_1_1GgSimpleShader_1_1Material__coll__graph.pdf Graphic file (typ
e pdf)
<use structgg_1_1GgSimpleShader_1_1Material__coll__graph.pdf>
Package pdftex.def Info: structgg_1_1GgSimpleShader_1_1Material__coll__graph.pd
f  used on input line 14.
(pdftex.def)             Requested size: 198.0pt x 275.00706pt.



Package fancyhdr Warning: \headheight is too small (12.0pt): 
(fancyhdr)                Make it at least 12.00003pt, for example:
(fancyhdr)                \setlength{\headheight}{12.00003pt}.
(fancyhdr)                You might also make \topmargin smaller:
(fancyhdr)                \addtolength{\topmargin}{-0.00003pt}.

[366]

LaTeX Font Info:    Font shape `OT1/phv/m/n' will be
(Font)              scaled to size 8.99994pt on input line 76.
LaTeX Font Info:    Font shape `OT1/phv/m/n' will be
(Font)              scaled to size 8.99994pt on input line 76.
LaTeX Font Info:    Font shape `OT1/phv/m/n' will be
(Font)              scaled to size 8.99994pt on input line 76.
LaTeX Font Info:    Font shape `OT1/phv/b/n' will be
(Font)              scaled to size 8.99994pt on input line 76.
LaTeX Font Info:    Font shape `OT1/phv/b/n' will be
(Font)              scaled to size 6.29996pt on input line 76.
LaTeX Font Info:    Font shape `OT1/phv/b/n' will be
(Font)              scaled to size 6.29996pt on input line 76.
LaTeX Font Info:    Font shape `OT1/phv/b/n' will be
(Font)              scaled to size 6.29996pt on input line 76.
LaTeX Font Info:    Font shape `OT1/phv/b/n' will be
(Font)              scaled to size 6.29996pt on input line 76.
LaTeX Font Info:    Font shape `OT1/phv/b/n' will be
(Font)              scaled to size 8.99994pt on input line 76.

Package fancyhdr Warning: \headheight is too small (12.0pt): 
(fancyhdr)                Make it at least 12.00003pt, for example:
(fancyhdr)                \setlength{\headheight}{12.00003pt}.
(fancyhdr)                You might also make \topmargin smaller:
(fancyhdr)                \addtolength{\topmargin}{-0.00003pt}.

LaTeX Font Info:    Font shape `OT1/phv/m/n' will be
(Font)              scaled to size 8.99994pt on input line 76.
LaTeX Font Info:    Font shape `OT1/phv/b/n' will be
(Font)              scaled to size 8.99994pt on input line 76.
LaTeX Font Info:    Font shape `OT1/phv/b/n' will be
(Font)              scaled to size 6.29996pt on input line 76.
LaTeX Font Info:    Font shape `OT1/phv/b/n' will be
(Font)              scaled to size 6.29996pt on input line 76.
[367]) (./classgg_1_1GgSimpleShader_1_1MaterialBuffer.tex <./classgg_1_1GgSimpl
eShader_1_1MaterialBuffer__inherit__graph.pdf>
<classgg_1_1GgSimpleShader_1_1MaterialBuffer__inherit__graph.pdf, id=18305, 186
.6975pt x 180.675pt>
File: classgg_1_1GgSimpleShader_1_1MaterialBuffer__inherit__graph.pdf Graphic f
ile (type pdf)
<use classgg_1_1GgSimpleShader_1_1MaterialBuffer__inherit__graph.pdf>
Package pdftex.def Info: classgg_1_1GgSimpleShader_1_1MaterialBuffer__inherit__
graph.pdf  used on input line 14.
(pdftex.def)             Requested size: 186.0pt x 180.00737pt.
 <./classgg_1_1GgSimpleShader_1_1MaterialBuffer__coll__graph.pdf>
<classgg_1_1GgSimpleShader_1_1MaterialBuffer__coll__graph.pdf, id=18313, 186.69
75pt x 180.675pt>
File: classgg_1_1GgSimpleShader_1_1MaterialBuffer__coll__graph.pdf Graphic file
 (type pdf)
<use classgg_1_1GgSimpleShader_1_1MaterialBuffer__coll__graph.pdf>
Package pdftex.def Info: classgg_1_1GgSimpleShader_1_1MaterialBuffer__coll__gra
ph.pdf  used on input line 24.
(pdftex.def)             Requested size: 186.0pt x 180.00737pt.



Package fancyhdr Warning: \headheight is too small (12.0pt): 
(fancyhdr)                Make it at least 12.00003pt, for example:
(fancyhdr)                \setlength{\headheight}{12.00003pt}.
(fancyhdr)                You might also make \topmargin smaller:
(fancyhdr)                \addtolength{\topmargin}{-0.00003pt}.

[368]
> Step: init table outer spec.
> Step: parse table options.
> Step: split table.
> Step: init table inner spec.
> Step: parse table inner spec.
> Step: execute table commands.
> Step: calculate cell and line sizes.
> Step: build the whole table.
> Step: init table outer spec.
> Step: parse table options.
> Step: split table.
> Step: init table inner spec.
> Step: parse table inner spec.
> Step: execute table commands.
> Step: calculate cell and line sizes.
> Step: build the whole table.



Package fancyhdr Warning: \headheight is too small (12.0pt): 
(fancyhdr)                Make it at least 12.00003pt, for example:
(fancyhdr)                \setlength{\headheight}{12.00003pt}.
(fancyhdr)                You might also make \topmargin smaller:
(fancyhdr)                \addtolength{\topmargin}{-0.00003pt}.

[369]


Package fancyhdr Warning: \headheight is too small (12.0pt): 
(fancyhdr)                Make it at least 12.00003pt, for example:
(fancyhdr)                \setlength{\headheight}{12.00003pt}.
(fancyhdr)                You might also make \topmargin smaller:
(fancyhdr)                \addtolength{\topmargin}{-0.00003pt}.

[370] <./classgg_1_1GgSimpleShader_1_1MaterialBuffer_abb1ac93a5f24d73fee1086df1
6e835ac_cgraph.pdf>
<classgg_1_1GgSimpleShader_1_1MaterialBuffer_abb1ac93a5f24d73fee1086df16e835ac_
cgraph.pdf, id=18430, 387.4475pt x 124.465pt>
File: classgg_1_1GgSimpleShader_1_1MaterialBuffer_abb1ac93a5f24d73fee1086df16e8
35ac_cgraph.pdf Graphic file (type pdf)
<use classgg_1_1GgSimpleShader_1_1MaterialBuffer_abb1ac93a5f24d73fee1086df16e83
5ac_cgraph.pdf>
Package pdftex.def Info: classgg_1_1GgSimpleShader_1_1MaterialBuffer_abb1ac93a5
f24d73fee1086df16e835ac_cgraph.pdf  used on input line 143.
(pdftex.def)             Requested size: 350.0pt x 112.43718pt.
> Step: init table outer spec.
> Step: parse table options.
> Step: split table.
> Step: init table inner spec.
> Step: parse table inner spec.
> Step: execute table commands.
> Step: calculate cell and line sizes.
> Step: build the whole table.
> Step: init table outer spec.
> Step: parse table options.
> Step: split table.
> Step: init table inner spec.
> Step: parse table inner spec.
> Step: execute table commands.
> Step: calculate cell and line sizes.
> Step: build the whole table.
 <./classgg_1_1GgSimpleShader_1_1MaterialBuffer_a2894a265a27c8e98efa8e63b04c8d3
f1_cgraph.pdf>
<classgg_1_1GgSimpleShader_1_1MaterialBuffer_a2894a265a27c8e98efa8e63b04c8d3f1_
cgraph.pdf, id=18453, 387.4475pt x 124.465pt>
File: classgg_1_1GgSimpleShader_1_1MaterialBuffer_a2894a265a27c8e98efa8e63b04c8
d3f1_cgraph.pdf Graphic file (type pdf)
<use classgg_1_1GgSimpleShader_1_1MaterialBuffer_a2894a265a27c8e98efa8e63b04c8d
3f1_cgraph.pdf>
Package pdftex.def Info: classgg_1_1GgSimpleShader_1_1MaterialBuffer_a2894a265a
27c8e98efa8e63b04c8d3f1_cgraph.pdf  used on input line 172.
(pdftex.def)             Requested size: 350.0pt x 112.43718pt.



Package fancyhdr Warning: \headheight is too small (12.0pt): 
(fancyhdr)                Make it at least 12.00003pt, for example:
(fancyhdr)                \setlength{\headheight}{12.00003pt}.
(fancyhdr)                You might also make \topmargin smaller:
(fancyhdr)                \addtolength{\topmargin}{-0.00003pt}.

[371]
> Step: init table outer spec.
> Step: parse table options.
> Step: split table.
> Step: init table inner spec.
> Step: parse table inner spec.
> Step: execute table commands.
> Step: calculate cell and line sizes.
> Step: build the whole table.
> Step: init table outer spec.
> Step: parse table options.
> Step: split table.
> Step: init table inner spec.
> Step: parse table inner spec.
> Step: execute table commands.
> Step: calculate cell and line sizes.
> Step: build the whole table.
 <./classgg_1_1GgSimpleShader_1_1MaterialBuffer_a8350a656b9a4b589fe78da6f340579
1f_cgraph.pdf>
<classgg_1_1GgSimpleShader_1_1MaterialBuffer_a8350a656b9a4b589fe78da6f3405791f_
cgraph.pdf, id=18483, 387.4475pt x 124.465pt>
File: classgg_1_1GgSimpleShader_1_1MaterialBuffer_a8350a656b9a4b589fe78da6f3405
791f_cgraph.pdf Graphic file (type pdf)
<use classgg_1_1GgSimpleShader_1_1MaterialBuffer_a8350a656b9a4b589fe78da6f34057
91f_cgraph.pdf>
Package pdftex.def Info: classgg_1_1GgSimpleShader_1_1MaterialBuffer_a8350a656b
9a4b589fe78da6f3405791f_cgraph.pdf  used on input line 207.
(pdftex.def)             Requested size: 350.0pt x 112.43718pt.
> Step: init table outer spec.
> Step: parse table options.
> Step: split table.
> Step: init table inner spec.
> Step: parse table inner spec.
> Step: execute table commands.
> Step: calculate cell and line sizes.
> Step: build the whole table.
> Step: init table outer spec.
> Step: parse table options.
> Step: split table.
> Step: init table inner spec.
> Step: parse table inner spec.
> Step: execute table commands.
> Step: calculate cell and line sizes.
> Step: build the whole table.
 <./classgg_1_1GgSimpleShader_1_1MaterialBuffer_a800848bfd9b578ea460948898ee014
bb_cgraph.pdf>
<classgg_1_1GgSimpleShader_1_1MaterialBuffer_a800848bfd9b578ea460948898ee014bb_
cgraph.pdf, id=18502, 470.75874pt x 112.42pt>
File: classgg_1_1GgSimpleShader_1_1MaterialBuffer_a800848bfd9b578ea460948898ee0
14bb_cgraph.pdf Graphic file (type pdf)
<use classgg_1_1GgSimpleShader_1_1MaterialBuffer_a800848bfd9b578ea460948898ee01
4bb_cgraph.pdf>
Package pdftex.def Info: classgg_1_1GgSimpleShader_1_1MaterialBuffer_a800848bfd
9b578ea460948898ee014bb_cgraph.pdf  used on input line 251.
(pdftex.def)             Requested size: 350.0pt x 83.58232pt.



Package fancyhdr Warning: \headheight is too small (12.0pt): 
(fancyhdr)                Make it at least 12.00003pt, for example:
(fancyhdr)                \setlength{\headheight}{12.00003pt}.
(fancyhdr)                You might also make \topmargin smaller:
(fancyhdr)                \addtolength{\topmargin}{-0.00003pt}.

[372]
> Step: init table outer spec.
> Step: parse table options.
> Step: split table.
> Step: init table inner spec.
> Step: parse table inner spec.
> Step: execute table commands.
> Step: calculate cell and line sizes.
> Step: build the whole table.
> Step: init table outer spec.
> Step: parse table options.
> Step: split table.
> Step: init table inner spec.
> Step: parse table inner spec.
> Step: execute table commands.
> Step: calculate cell and line sizes.
> Step: build the whole table.
 <./classgg_1_1GgSimpleShader_1_1MaterialBuffer_ac0fae6a961ba2fdacbdb1e5d9d373f
0a_cgraph.pdf>
<classgg_1_1GgSimpleShader_1_1MaterialBuffer_ac0fae6a961ba2fdacbdb1e5d9d373f0a_
cgraph.pdf, id=18531, 328.22626pt x 112.42pt>
File: classgg_1_1GgSimpleShader_1_1MaterialBuffer_ac0fae6a961ba2fdacbdb1e5d9d37
3f0a_cgraph.pdf Graphic file (type pdf)
<use classgg_1_1GgSimpleShader_1_1MaterialBuffer_ac0fae6a961ba2fdacbdb1e5d9d373
f0a_cgraph.pdf>
Package pdftex.def Info: classgg_1_1GgSimpleShader_1_1MaterialBuffer_ac0fae6a96
1ba2fdacbdb1e5d9d373f0a_cgraph.pdf  used on input line 280.
(pdftex.def)             Requested size: 327.0pt x 112.00116pt.
 <./classgg_1_1GgSimpleShader_1_1MaterialBuffer_ac0fae6a961ba2fdacbdb1e5d9d373f
0a_icgraph.pdf>
<classgg_1_1GgSimpleShader_1_1MaterialBuffer_ac0fae6a961ba2fdacbdb1e5d9d373f0a_
icgraph.pdf, id=18539, 329.23pt x 112.42pt>
File: classgg_1_1GgSimpleShader_1_1MaterialBuffer_ac0fae6a961ba2fdacbdb1e5d9d37
3f0a_icgraph.pdf Graphic file (type pdf)
<use classgg_1_1GgSimpleShader_1_1MaterialBuffer_ac0fae6a961ba2fdacbdb1e5d9d373
f0a_icgraph.pdf>
Package pdftex.def Info: classgg_1_1GgSimpleShader_1_1MaterialBuffer_ac0fae6a96
1ba2fdacbdb1e5d9d373f0a_icgraph.pdf  used on input line 288.
(pdftex.def)             Requested size: 328.0pt x 112.00288pt.



Package fancyhdr Warning: \headheight is too small (12.0pt): 
(fancyhdr)                Make it at least 12.00003pt, for example:
(fancyhdr)                \setlength{\headheight}{12.00003pt}.
(fancyhdr)                You might also make \topmargin smaller:
(fancyhdr)                \addtolength{\topmargin}{-0.00003pt}.

[373]
> Step: init table outer spec.
> Step: parse table options.
> Step: split table.
> Step: init table inner spec.
> Step: parse table inner spec.
> Step: execute table commands.
> Step: calculate cell and line sizes.
> Step: build the whole table.
> Step: init table outer spec.
> Step: parse table options.
> Step: split table.
> Step: init table inner spec.
> Step: parse table inner spec.
> Step: execute table commands.
> Step: calculate cell and line sizes.
> Step: build the whole table.
 <./classgg_1_1GgSimpleShader_1_1MaterialBuffer_a1fd1234a547efafc6e4d1c1969c552
e5_cgraph.pdf>
<classgg_1_1GgSimpleShader_1_1MaterialBuffer_a1fd1234a547efafc6e4d1c1969c552e5_
cgraph.pdf, id=18567, 373.395pt x 212.795pt>
File: classgg_1_1GgSimpleShader_1_1MaterialBuffer_a1fd1234a547efafc6e4d1c1969c5
52e5_cgraph.pdf Graphic file (type pdf)
<use classgg_1_1GgSimpleShader_1_1MaterialBuffer_a1fd1234a547efafc6e4d1c1969c55
2e5_cgraph.pdf>
Package pdftex.def Info: classgg_1_1GgSimpleShader_1_1MaterialBuffer_a1fd1234a5
47efafc6e4d1c1969c552e5_cgraph.pdf  used on input line 317.
(pdftex.def)             Requested size: 350.0pt x 199.47208pt.
> Step: init table outer spec.
> Step: parse table options.
> Step: split table.
> Step: init table inner spec.
> Step: parse table inner spec.
> Step: execute table commands.
> Step: calculate cell and line sizes.
> Step: build the whole table.
> Step: init table outer spec.
> Step: parse table options.
> Step: split table.
> Step: init table inner spec.
> Step: parse table inner spec.
> Step: execute table commands.
> Step: calculate cell and line sizes.
> Step: build the whole table.
 <./classgg_1_1GgSimpleShader_1_1MaterialBuffer_a683763773afb44009cbca19b1ef40a
ce_cgraph.pdf>
<classgg_1_1GgSimpleShader_1_1MaterialBuffer_a683763773afb44009cbca19b1ef40ace_
cgraph.pdf, id=18577, 364.36125pt x 112.42pt>
File: classgg_1_1GgSimpleShader_1_1MaterialBuffer_a683763773afb44009cbca19b1ef4
0ace_cgraph.pdf Graphic file (type pdf)
<use classgg_1_1GgSimpleShader_1_1MaterialBuffer_a683763773afb44009cbca19b1ef40
ace_cgraph.pdf>
Package pdftex.def Info: classgg_1_1GgSimpleShader_1_1MaterialBuffer_a683763773
afb44009cbca19b1ef40ace_cgraph.pdf  used on input line 346.
(pdftex.def)             Requested size: 350.0pt x 107.9923pt.



Package fancyhdr Warning: \headheight is too small (12.0pt): 
(fancyhdr)                Make it at least 12.00003pt, for example:
(fancyhdr)                \setlength{\headheight}{12.00003pt}.
(fancyhdr)                You might also make \topmargin smaller:
(fancyhdr)                \addtolength{\topmargin}{-0.00003pt}.

[374]
> Step: init table outer spec.
> Step: parse table options.
> Step: split table.
> Step: init table inner spec.
> Step: parse table inner spec.
> Step: execute table commands.
> Step: calculate cell and line sizes.
> Step: build the whole table.
> Step: init table outer spec.
> Step: parse table options.
> Step: split table.
> Step: init table inner spec.
> Step: parse table inner spec.
> Step: execute table commands.
> Step: calculate cell and line sizes.
> Step: build the whole table.
 <./classgg_1_1GgSimpleShader_1_1MaterialBuffer_a2362bd0ba0eadfba2e11c6322f5357
ea_cgraph.pdf>
<classgg_1_1GgSimpleShader_1_1MaterialBuffer_a2362bd0ba0eadfba2e11c6322f5357ea_
cgraph.pdf, id=18597, 373.395pt x 212.795pt>
File: classgg_1_1GgSimpleShader_1_1MaterialBuffer_a2362bd0ba0eadfba2e11c6322f53
57ea_cgraph.pdf Graphic file (type pdf)
<use classgg_1_1GgSimpleShader_1_1MaterialBuffer_a2362bd0ba0eadfba2e11c6322f535
7ea_cgraph.pdf>
Package pdftex.def Info: classgg_1_1GgSimpleShader_1_1MaterialBuffer_a2362bd0ba
0eadfba2e11c6322f5357ea_cgraph.pdf  used on input line 381.
(pdftex.def)             Requested size: 350.0pt x 199.47208pt.



Package fancyhdr Warning: \headheight is too small (12.0pt): 
(fancyhdr)                Make it at least 12.00003pt, for example:
(fancyhdr)                \setlength{\headheight}{12.00003pt}.
(fancyhdr)                You might also make \topmargin smaller:
(fancyhdr)                \addtolength{\topmargin}{-0.00003pt}.

[375]
> Step: init table outer spec.
> Step: parse table options.
> Step: split table.
> Step: init table inner spec.
> Step: parse table inner spec.
> Step: execute table commands.
> Step: calculate cell and line sizes.
> Step: build the whole table.
> Step: init table outer spec.
> Step: parse table options.
> Step: split table.
> Step: init table inner spec.
> Step: parse table inner spec.
> Step: execute table commands.
> Step: calculate cell and line sizes.
> Step: build the whole table.
 <./classgg_1_1GgSimpleShader_1_1MaterialBuffer_a3557fcdfe2079748f64e350311760c
c7_cgraph.pdf>
<classgg_1_1GgSimpleShader_1_1MaterialBuffer_a3557fcdfe2079748f64e350311760cc7_
cgraph.pdf, id=18623, 373.395pt x 212.795pt>
File: classgg_1_1GgSimpleShader_1_1MaterialBuffer_a3557fcdfe2079748f64e35031176
0cc7_cgraph.pdf Graphic file (type pdf)
<use classgg_1_1GgSimpleShader_1_1MaterialBuffer_a3557fcdfe2079748f64e350311760
cc7_cgraph.pdf>
Package pdftex.def Info: classgg_1_1GgSimpleShader_1_1MaterialBuffer_a3557fcdfe
2079748f64e350311760cc7_cgraph.pdf  used on input line 410.
(pdftex.def)             Requested size: 350.0pt x 199.47208pt.
> Step: init table outer spec.
> Step: parse table options.
> Step: split table.
> Step: init table inner spec.
> Step: parse table inner spec.
> Step: execute table commands.
> Step: calculate cell and line sizes.
> Step: build the whole table.
> Step: init table outer spec.
> Step: parse table options.
> Step: split table.
> Step: init table inner spec.
> Step: parse table inner spec.
> Step: execute table commands.
> Step: calculate cell and line sizes.
> Step: build the whole table.
 <./classgg_1_1GgSimpleShader_1_1MaterialBuffer_a137e456268648c0cb0d588efb3ec43
db_cgraph.pdf>
<classgg_1_1GgSimpleShader_1_1MaterialBuffer_a137e456268648c0cb0d588efb3ec43db_
cgraph.pdf, id=18633, 374.39874pt x 212.795pt>
File: classgg_1_1GgSimpleShader_1_1MaterialBuffer_a137e456268648c0cb0d588efb3ec
43db_cgraph.pdf Graphic file (type pdf)
<use classgg_1_1GgSimpleShader_1_1MaterialBuffer_a137e456268648c0cb0d588efb3ec4
3db_cgraph.pdf>
Package pdftex.def Info: classgg_1_1GgSimpleShader_1_1MaterialBuffer_a137e45626
8648c0cb0d588efb3ec43db_cgraph.pdf  used on input line 439.
(pdftex.def)             Requested size: 350.0pt x 198.93958pt.



Package fancyhdr Warning: \headheight is too small (12.0pt): 
(fancyhdr)                Make it at least 12.00003pt, for example:
(fancyhdr)                \setlength{\headheight}{12.00003pt}.
(fancyhdr)                You might also make \topmargin smaller:
(fancyhdr)                \addtolength{\topmargin}{-0.00003pt}.

[376]
> Step: init table outer spec.
> Step: parse table options.
> Step: split table.
> Step: init table inner spec.
> Step: parse table inner spec.
> Step: execute table commands.
> Step: calculate cell and line sizes.
> Step: build the whole table.
> Step: init table outer spec.
> Step: parse table options.
> Step: split table.
> Step: init table inner spec.
> Step: parse table inner spec.
> Step: execute table commands.
> Step: calculate cell and line sizes.
> Step: build the whole table.
 <./classgg_1_1GgSimpleShader_1_1MaterialBuffer_ac6fdf62b08115efab0c068313eae40
4f_cgraph.pdf>
<classgg_1_1GgSimpleShader_1_1MaterialBuffer_ac6fdf62b08115efab0c068313eae404f_
cgraph.pdf, id=18653, 373.395pt x 212.795pt>
File: classgg_1_1GgSimpleShader_1_1MaterialBuffer_ac6fdf62b08115efab0c068313eae
404f_cgraph.pdf Graphic file (type pdf)
<use classgg_1_1GgSimpleShader_1_1MaterialBuffer_ac6fdf62b08115efab0c068313eae4
04f_cgraph.pdf>
Package pdftex.def Info: classgg_1_1GgSimpleShader_1_1MaterialBuffer_ac6fdf62b0
8115efab0c068313eae404f_cgraph.pdf  used on input line 474.
(pdftex.def)             Requested size: 350.0pt x 199.47208pt.



Package fancyhdr Warning: \headheight is too small (12.0pt): 
(fancyhdr)                Make it at least 12.00003pt, for example:
(fancyhdr)                \setlength{\headheight}{12.00003pt}.
(fancyhdr)                You might also make \topmargin smaller:
(fancyhdr)                \addtolength{\topmargin}{-0.00003pt}.

[377]
> Step: init table outer spec.
> Step: parse table options.
> Step: split table.
> Step: init table inner spec.
> Step: parse table inner spec.
> Step: execute table commands.
> Step: calculate cell and line sizes.
> Step: build the whole table.
> Step: init table outer spec.
> Step: parse table options.
> Step: split table.
> Step: init table inner spec.
> Step: parse table inner spec.
> Step: execute table commands.
> Step: calculate cell and line sizes.
> Step: build the whole table.
 <./classgg_1_1GgSimpleShader_1_1MaterialBuffer_a6fc7787a0723c1204839d86806e412
11_cgraph.pdf>
<classgg_1_1GgSimpleShader_1_1MaterialBuffer_a6fc7787a0723c1204839d86806e41211_
cgraph.pdf, id=18680, 367.3725pt x 212.795pt>
File: classgg_1_1GgSimpleShader_1_1MaterialBuffer_a6fc7787a0723c1204839d86806e4
1211_cgraph.pdf Graphic file (type pdf)
<use classgg_1_1GgSimpleShader_1_1MaterialBuffer_a6fc7787a0723c1204839d86806e41
211_cgraph.pdf>
Package pdftex.def Info: classgg_1_1GgSimpleShader_1_1MaterialBuffer_a6fc7787a0
723c1204839d86806e41211_cgraph.pdf  used on input line 503.
(pdftex.def)             Requested size: 350.0pt x 202.74504pt.



Package fancyhdr Warning: \headheight is too small (12.0pt): 
(fancyhdr)                Make it at least 12.00003pt, for example:
(fancyhdr)                \setlength{\headheight}{12.00003pt}.
(fancyhdr)                You might also make \topmargin smaller:
(fancyhdr)                \addtolength{\topmargin}{-0.00003pt}.

[378]
> Step: init table outer spec.
> Step: parse table options.
> Step: split table.
> Step: init table inner spec.
> Step: parse table inner spec.
> Step: execute table commands.
> Step: calculate cell and line sizes.
> Step: build the whole table.
> Step: init table outer spec.
> Step: parse table options.
> Step: split table.
> Step: init table inner spec.
> Step: parse table inner spec.
> Step: execute table commands.
> Step: calculate cell and line sizes.
> Step: build the whole table.
 <./classgg_1_1GgSimpleShader_1_1MaterialBuffer_aa21bc29a20ebdd31ca4d8e5b78d6b4
fe_cgraph.pdf>
<classgg_1_1GgSimpleShader_1_1MaterialBuffer_aa21bc29a20ebdd31ca4d8e5b78d6b4fe_
cgraph.pdf, id=18699, 359.3425pt x 112.42pt>
File: classgg_1_1GgSimpleShader_1_1MaterialBuffer_aa21bc29a20ebdd31ca4d8e5b78d6
b4fe_cgraph.pdf Graphic file (type pdf)
<use classgg_1_1GgSimpleShader_1_1MaterialBuffer_aa21bc29a20ebdd31ca4d8e5b78d6b
4fe_cgraph.pdf>
Package pdftex.def Info: classgg_1_1GgSimpleShader_1_1MaterialBuffer_aa21bc29a2
0ebdd31ca4d8e5b78d6b4fe_cgraph.pdf  used on input line 532.
(pdftex.def)             Requested size: 350.0pt x 109.50526pt.
> Step: init table outer spec.
> Step: parse table options.
> Step: split table.
> Step: init table inner spec.
> Step: parse table inner spec.
> Step: execute table commands.
> Step: calculate cell and line sizes.
> Step: build the whole table.
> Step: init table outer spec.
> Step: parse table options.
> Step: split table.
> Step: init table inner spec.
> Step: parse table inner spec.
> Step: execute table commands.
> Step: calculate cell and line sizes.
> Step: build the whole table.
 <./classgg_1_1GgSimpleShader_1_1MaterialBuffer_ae73be670a4aa8a4c3b316988b53575
61_cgraph.pdf>
<classgg_1_1GgSimpleShader_1_1MaterialBuffer_ae73be670a4aa8a4c3b316988b5357561_
cgraph.pdf, id=18709, 367.3725pt x 212.795pt>
File: classgg_1_1GgSimpleShader_1_1MaterialBuffer_ae73be670a4aa8a4c3b316988b535
7561_cgraph.pdf Graphic file (type pdf)
<use classgg_1_1GgSimpleShader_1_1MaterialBuffer_ae73be670a4aa8a4c3b316988b5357
561_cgraph.pdf>
Package pdftex.def Info: classgg_1_1GgSimpleShader_1_1MaterialBuffer_ae73be670a
4aa8a4c3b316988b5357561_cgraph.pdf  used on input line 567.
(pdftex.def)             Requested size: 350.0pt x 202.74504pt.



Package fancyhdr Warning: \headheight is too small (12.0pt): 
(fancyhdr)                Make it at least 12.00003pt, for example:
(fancyhdr)                \setlength{\headheight}{12.00003pt}.
(fancyhdr)                You might also make \topmargin smaller:
(fancyhdr)                \addtolength{\topmargin}{-0.00003pt}.

[379]
> Step: init table outer spec.
> Step: parse table options.
> Step: split table.
> Step: init table inner spec.
> Step: parse table inner spec.
> Step: execute table commands.
> Step: calculate cell and line sizes.
> Step: build the whole table.
> Step: init table outer spec.
> Step: parse table options.
> Step: split table.
> Step: init table inner spec.
> Step: parse table inner spec.
> Step: execute table commands.
> Step: calculate cell and line sizes.
> Step: build the whole table.
 <./classgg_1_1GgSimpleShader_1_1MaterialBuffer_a86609495863a6a126b8ebf799ed9f4
0a_cgraph.pdf>
<classgg_1_1GgSimpleShader_1_1MaterialBuffer_a86609495863a6a126b8ebf799ed9f40a_
cgraph.pdf, id=18729, 379.4175pt x 212.795pt>
File: classgg_1_1GgSimpleShader_1_1MaterialBuffer_a86609495863a6a126b8ebf799ed9
f40a_cgraph.pdf Graphic file (type pdf)
<use classgg_1_1GgSimpleShader_1_1MaterialBuffer_a86609495863a6a126b8ebf799ed9f
40a_cgraph.pdf>
Package pdftex.def Info: classgg_1_1GgSimpleShader_1_1MaterialBuffer_a866094958
63a6a126b8ebf799ed9f40a_cgraph.pdf  used on input line 596.
(pdftex.def)             Requested size: 350.0pt x 196.29977pt.



Package fancyhdr Warning: \headheight is too small (12.0pt): 
(fancyhdr)                Make it at least 12.00003pt, for example:
(fancyhdr)                \setlength{\headheight}{12.00003pt}.
(fancyhdr)                You might also make \topmargin smaller:
(fancyhdr)                \addtolength{\topmargin}{-0.00003pt}.

[380]
> Step: init table outer spec.
> Step: parse table options.
> Step: split table.
> Step: init table inner spec.
> Step: parse table inner spec.
> Step: execute table commands.
> Step: calculate cell and line sizes.
> Step: build the whole table.
> Step: init table outer spec.
> Step: parse table options.
> Step: split table.
> Step: init table inner spec.
> Step: parse table inner spec.
> Step: execute table commands.
> Step: calculate cell and line sizes.
> Step: build the whole table.
 <./classgg_1_1GgSimpleShader_1_1MaterialBuffer_a06ed0bb3f14b3f34ec2d96b5c4ef46
e2_cgraph.pdf>
<classgg_1_1GgSimpleShader_1_1MaterialBuffer_a06ed0bb3f14b3f34ec2d96b5c4ef46e2_
cgraph.pdf, id=18748, 379.4175pt x 212.795pt>
File: classgg_1_1GgSimpleShader_1_1MaterialBuffer_a06ed0bb3f14b3f34ec2d96b5c4ef
46e2_cgraph.pdf Graphic file (type pdf)
<use classgg_1_1GgSimpleShader_1_1MaterialBuffer_a06ed0bb3f14b3f34ec2d96b5c4ef4
6e2_cgraph.pdf>
Package pdftex.def Info: classgg_1_1GgSimpleShader_1_1MaterialBuffer_a06ed0bb3f
14b3f34ec2d96b5c4ef46e2_cgraph.pdf  used on input line 625.
(pdftex.def)             Requested size: 350.0pt x 196.29977pt.
> Step: init table outer spec.
> Step: parse table options.
> Step: split table.
> Step: init table inner spec.
> Step: parse table inner spec.
> Step: execute table commands.
> Step: calculate cell and line sizes.
> Step: build the whole table.
> Step: init table outer spec.
> Step: parse table options.
> Step: split table.
> Step: init table inner spec.
> Step: parse table inner spec.
> Step: execute table commands.
> Step: calculate cell and line sizes.
> Step: build the whole table.
 <./classgg_1_1GgSimpleShader_1_1MaterialBuffer_aff60f66132bf688d9cbcb363be916d
90_cgraph.pdf>
<classgg_1_1GgSimpleShader_1_1MaterialBuffer_aff60f66132bf688d9cbcb363be916d90_
cgraph.pdf, id=18765, 375.4025pt x 212.795pt>
File: classgg_1_1GgSimpleShader_1_1MaterialBuffer_aff60f66132bf688d9cbcb363be91
6d90_cgraph.pdf Graphic file (type pdf)
<use classgg_1_1GgSimpleShader_1_1MaterialBuffer_aff60f66132bf688d9cbcb363be916
d90_cgraph.pdf>
Package pdftex.def Info: classgg_1_1GgSimpleShader_1_1MaterialBuffer_aff60f6613
2bf688d9cbcb363be916d90_cgraph.pdf  used on input line 654.
(pdftex.def)             Requested size: 350.0pt x 198.40706pt.



Package fancyhdr Warning: \headheight is too small (12.0pt): 
(fancyhdr)                Make it at least 12.00003pt, for example:
(fancyhdr)                \setlength{\headheight}{12.00003pt}.
(fancyhdr)                You might also make \topmargin smaller:
(fancyhdr)                \addtolength{\topmargin}{-0.00003pt}.

[381]
> Step: init table outer spec.
> Step: parse table options.
> Step: split table.
> Step: init table inner spec.
> Step: parse table inner spec.
> Step: execute table commands.
> Step: calculate cell and line sizes.
> Step: build the whole table.
> Step: init table outer spec.
> Step: parse table options.
> Step: split table.
> Step: init table inner spec.
> Step: parse table inner spec.
> Step: execute table commands.
> Step: calculate cell and line sizes.
> Step: build the whole table.
 <./classgg_1_1GgSimpleShader_1_1MaterialBuffer_a454f09ee0599eb06e0c3d6d6024ce7
6a_cgraph.pdf>
<classgg_1_1GgSimpleShader_1_1MaterialBuffer_a454f09ee0599eb06e0c3d6d6024ce76a_
cgraph.pdf, id=18785, 367.3725pt x 112.42pt>
File: classgg_1_1GgSimpleShader_1_1MaterialBuffer_a454f09ee0599eb06e0c3d6d6024c
e76a_cgraph.pdf Graphic file (type pdf)
<use classgg_1_1GgSimpleShader_1_1MaterialBuffer_a454f09ee0599eb06e0c3d6d6024ce
76a_cgraph.pdf>
Package pdftex.def Info: classgg_1_1GgSimpleShader_1_1MaterialBuffer_a454f09ee0
599eb06e0c3d6d6024ce76a_cgraph.pdf  used on input line 683.
(pdftex.def)             Requested size: 350.0pt x 107.11058pt.



Package fancyhdr Warning: \headheight is too small (12.0pt): 
(fancyhdr)                Make it at least 12.00003pt, for example:
(fancyhdr)                \setlength{\headheight}{12.00003pt}.
(fancyhdr)                You might also make \topmargin smaller:
(fancyhdr)                \addtolength{\topmargin}{-0.00003pt}.

[382]
> Step: init table outer spec.
> Step: parse table options.
> Step: split table.
> Step: init table inner spec.
> Step: parse table inner spec.
> Step: execute table commands.
> Step: calculate cell and line sizes.
> Step: build the whole table.
> Step: init table outer spec.
> Step: parse table options.
> Step: split table.
> Step: init table inner spec.
> Step: parse table inner spec.
> Step: execute table commands.
> Step: calculate cell and line sizes.
> Step: build the whole table.
 <./classgg_1_1GgSimpleShader_1_1MaterialBuffer_a51f6f04e85233f86139bef53b49c35
2b_cgraph.pdf>
<classgg_1_1GgSimpleShader_1_1MaterialBuffer_a51f6f04e85233f86139bef53b49c352b_
cgraph.pdf, id=18805, 375.4025pt x 212.795pt>
File: classgg_1_1GgSimpleShader_1_1MaterialBuffer_a51f6f04e85233f86139bef53b49c
352b_cgraph.pdf Graphic file (type pdf)
<use classgg_1_1GgSimpleShader_1_1MaterialBuffer_a51f6f04e85233f86139bef53b49c3
52b_cgraph.pdf>
Package pdftex.def Info: classgg_1_1GgSimpleShader_1_1MaterialBuffer_a51f6f04e8
5233f86139bef53b49c352b_cgraph.pdf  used on input line 718.
(pdftex.def)             Requested size: 350.0pt x 198.40706pt.
> Step: init table outer spec.
> Step: parse table options.
> Step: split table.
> Step: init table inner spec.
> Step: parse table inner spec.
> Step: execute table commands.
> Step: calculate cell and line sizes.
> Step: build the whole table.
> Step: init table outer spec.
> Step: parse table options.
> Step: split table.
> Step: init table inner spec.
> Step: parse table inner spec.
> Step: execute table commands.
> Step: calculate cell and line sizes.
> Step: build the whole table.
 <./classgg_1_1GgSimpleShader_1_1MaterialBuffer_a60222d434fad051866e4b99f6efcbf
b6_cgraph.pdf>
<classgg_1_1GgSimpleShader_1_1MaterialBuffer_a60222d434fad051866e4b99f6efcbfb6_
cgraph.pdf, id=18815, 346.29375pt x 212.795pt>
File: classgg_1_1GgSimpleShader_1_1MaterialBuffer_a60222d434fad051866e4b99f6efc
bfb6_cgraph.pdf Graphic file (type pdf)
<use classgg_1_1GgSimpleShader_1_1MaterialBuffer_a60222d434fad051866e4b99f6efcb
fb6_cgraph.pdf>
Package pdftex.def Info: classgg_1_1GgSimpleShader_1_1MaterialBuffer_a60222d434
fad051866e4b99f6efcbfb6_cgraph.pdf  used on input line 743.
(pdftex.def)             Requested size: 345.0pt x 212.00543pt.



Package fancyhdr Warning: \headheight is too small (12.0pt): 
(fancyhdr)                Make it at least 12.00003pt, for example:
(fancyhdr)                \setlength{\headheight}{12.00003pt}.
(fancyhdr)                You might also make \topmargin smaller:
(fancyhdr)                \addtolength{\topmargin}{-0.00003pt}.

[383]) (./classMenu.tex <./classMenu_af68aba17029de91b02b05f102ca63f37_icgraph.
pdf>
<classMenu_af68aba17029de91b02b05f102ca63f37_icgraph.pdf, id=18856, 274.02374pt
 x 176.66pt>
File: classMenu_af68aba17029de91b02b05f102ca63f37_icgraph.pdf Graphic file (typ
e pdf)
<use classMenu_af68aba17029de91b02b05f102ca63f37_icgraph.pdf>
Package pdftex.def Info: classMenu_af68aba17029de91b02b05f102ca63f37_icgraph.pd
f  used on input line 60.
(pdftex.def)             Requested size: 273.0pt x 176.0126pt.



Package fancyhdr Warning: \headheight is too small (12.0pt): 
(fancyhdr)                Make it at least 12.00003pt, for example:
(fancyhdr)                \setlength{\headheight}{12.00003pt}.
(fancyhdr)                You might also make \topmargin smaller:
(fancyhdr)                \addtolength{\topmargin}{-0.00003pt}.

[384] <./classMenu_a1fb469a852bcd1eea11afa514aa3fed8_cgraph.pdf>
<classMenu_a1fb469a852bcd1eea11afa514aa3fed8_cgraph.pdf, id=18886, 256.96pt x 1
00.375pt>
File: classMenu_a1fb469a852bcd1eea11afa514aa3fed8_cgraph.pdf Graphic file (type
 pdf)
<use classMenu_a1fb469a852bcd1eea11afa514aa3fed8_cgraph.pdf>
Package pdftex.def Info: classMenu_a1fb469a852bcd1eea11afa514aa3fed8_cgraph.pdf
  used on input line 74.
(pdftex.def)             Requested size: 256.0pt x 100.00716pt.
 <./classMenu_adc11dbd9f48850722354e777bc859757_cgraph.pdf>
<classMenu_adc11dbd9f48850722354e777bc859757_cgraph.pdf, id=18895, 256.96pt x 1
00.375pt>
File: classMenu_adc11dbd9f48850722354e777bc859757_cgraph.pdf Graphic file (type
 pdf)
<use classMenu_adc11dbd9f48850722354e777bc859757_cgraph.pdf>
Package pdftex.def Info: classMenu_adc11dbd9f48850722354e777bc859757_cgraph.pdf
  used on input line 88.
(pdftex.def)             Requested size: 256.0pt x 100.00716pt.



Package fancyhdr Warning: \headheight is too small (12.0pt): 
(fancyhdr)                Make it at least 12.00003pt, for example:
(fancyhdr)                \setlength{\headheight}{12.00003pt}.
(fancyhdr)                You might also make \topmargin smaller:
(fancyhdr)                \addtolength{\topmargin}{-0.00003pt}.

[385] <./classMenu_a2cd7ab9901a8f42a3ae977d0774398a6_icgraph.pdf>
<classMenu_a2cd7ab9901a8f42a3ae977d0774398a6_icgraph.pdf, id=18917, 330.23375pt
 x 100.375pt>
File: classMenu_a2cd7ab9901a8f42a3ae977d0774398a6_icgraph.pdf Graphic file (typ
e pdf)
<use classMenu_a2cd7ab9901a8f42a3ae977d0774398a6_icgraph.pdf>
Package pdftex.def Info: classMenu_a2cd7ab9901a8f42a3ae977d0774398a6_icgraph.pd
f  used on input line 121.
(pdftex.def)             Requested size: 329.0pt x 100.00409pt.
 <./classMenu_a9a4154e24d1d8e06274d5bf72ed98dce_icgraph.pdf>
<classMenu_a9a4154e24d1d8e06274d5bf72ed98dce_icgraph.pdf, id=18928, 344.28625pt
 x 100.375pt>
File: classMenu_a9a4154e24d1d8e06274d5bf72ed98dce_icgraph.pdf Graphic file (typ
e pdf)
<use classMenu_a9a4154e24d1d8e06274d5bf72ed98dce_icgraph.pdf>
Package pdftex.def Info: classMenu_a9a4154e24d1d8e06274d5bf72ed98dce_icgraph.pd
f  used on input line 139.
(pdftex.def)             Requested size: 343.0pt x 100.00102pt.
 <./classMenu_af99f96bb68a2cba3c491aaa14deeffea_icgraph.pdf>
<classMenu_af99f96bb68a2cba3c491aaa14deeffea_icgraph.pdf, id=18938, 349.305pt x
 100.375pt>
File: classMenu_af99f96bb68a2cba3c491aaa14deeffea_icgraph.pdf Graphic file (typ
e pdf)
<use classMenu_af99f96bb68a2cba3c491aaa14deeffea_icgraph.pdf>
Package pdftex.def Info: classMenu_af99f96bb68a2cba3c491aaa14deeffea_icgraph.pd
f  used on input line 157.
(pdftex.def)             Requested size: 348.0pt x 100.00562pt.


LaTeX Font Info:    Font shape `OT1/phv/m/n' will be
(Font)              scaled to size 8.99994pt on input line 166.
LaTeX Font Info:    Font shape `OT1/phv/m/n' will be
(Font)              scaled to size 8.99994pt on input line 166.
LaTeX Font Info:    Font shape `OT1/phv/m/n' will be
(Font)              scaled to size 8.99994pt on input line 166.
LaTeX Font Info:    Font shape `OT1/phv/b/n' will be
(Font)              scaled to size 8.99994pt on input line 166.
LaTeX Font Info:    Font shape `OT1/phv/b/n' will be
(Font)              scaled to size 8.99994pt on input line 166.

Package fancyhdr Warning: \headheight is too small (12.0pt): 
(fancyhdr)                Make it at least 12.00003pt, for example:
(fancyhdr)                \setlength{\headheight}{12.00003pt}.
(fancyhdr)                You might also make \topmargin smaller:
(fancyhdr)                \addtolength{\topmargin}{-0.00003pt}.

LaTeX Font Info:    Font shape `OT1/phv/m/n' will be
(Font)              scaled to size 8.99994pt on input line 166.
LaTeX Font Info:    Font shape `OT1/phv/b/n' will be
(Font)              scaled to size 8.99994pt on input line 166.
LaTeX Font Info:    Font shape `OT1/phv/b/n' will be
(Font)              scaled to size 6.29996pt on input line 166.
LaTeX Font Info:    Font shape `OT1/phv/b/n' will be
(Font)              scaled to size 6.29996pt on input line 166.
[386] <./classMenu_a7d268518ff7100fdfd5626c8aeac5eb7_icgraph.pdf>
<classMenu_a7d268518ff7100fdfd5626c8aeac5eb7_icgraph.pdf, id=18961, 353.32pt x 
100.375pt>
File: classMenu_a7d268518ff7100fdfd5626c8aeac5eb7_icgraph.pdf Graphic file (typ
e pdf)
<use classMenu_a7d268518ff7100fdfd5626c8aeac5eb7_icgraph.pdf>
Package pdftex.def Info: classMenu_a7d268518ff7100fdfd5626c8aeac5eb7_icgraph.pd
f  used on input line 175.
(pdftex.def)             Requested size: 350.0pt x 99.4328pt.
 <./classMenu_a4959822a63a56fc22f664598ff81313a_cgraph.pdf>
<classMenu_a4959822a63a56fc22f664598ff81313a_cgraph.pdf, id=18971, 274.02374pt 
x 100.375pt>
File: classMenu_a4959822a63a56fc22f664598ff81313a_cgraph.pdf Graphic file (type
 pdf)
<use classMenu_a4959822a63a56fc22f664598ff81313a_cgraph.pdf>
Package pdftex.def Info: classMenu_a4959822a63a56fc22f664598ff81313a_cgraph.pdf
  used on input line 189.
(pdftex.def)             Requested size: 273.0pt x 100.00716pt.
) (./classGgApp_1_1Window.tex


Package fancyhdr Warning: \headheight is too small (12.0pt): 
(fancyhdr)                Make it at least 12.00003pt, for example:
(fancyhdr)                \setlength{\headheight}{12.00003pt}.
(fancyhdr)                You might also make \topmargin smaller:
(fancyhdr)                \addtolength{\topmargin}{-0.00003pt}.

[387]


Package fancyhdr Warning: \headheight is too small (12.0pt): 
(fancyhdr)                Make it at least 12.00003pt, for example:
(fancyhdr)                \setlength{\headheight}{12.00003pt}.
(fancyhdr)                You might also make \topmargin smaller:
(fancyhdr)                \addtolength{\topmargin}{-0.00003pt}.

[388]
Underfull \hbox (badness 10000) detected at line 141
[][][]
 []

> Step: init table outer spec.
> Step: parse table options.
> Step: split table.
> Step: init table inner spec.
> Step: parse table inner spec.
> Step: execute table commands.
> Step: calculate cell and line sizes.

Package tabularray Warning: Table width is too small, need 15.97185pt more!

> Step: build the whole table.
> Step: init table outer spec.
> Step: parse table options.
> Step: split table.
> Step: init table inner spec.
> Step: parse table inner spec.
> Step: execute table commands.
> Step: calculate cell and line sizes.
> Step: build the whole table.
 <./classGgApp_1_1Window_a127c516045e716c271524fa45998cbc0_cgraph.pdf>
<classGgApp_1_1Window_a127c516045e716c271524fa45998cbc0_cgraph.pdf, id=19137, 3
02.12875pt x 100.375pt>
File: classGgApp_1_1Window_a127c516045e716c271524fa45998cbc0_cgraph.pdf Graphic
 file (type pdf)
<use classGgApp_1_1Window_a127c516045e716c271524fa45998cbc0_cgraph.pdf>
Package pdftex.def Info: classGgApp_1_1Window_a127c516045e716c271524fa45998cbc0
_cgraph.pdf  used on input line 183.
(pdftex.def)             Requested size: 301.0pt x 99.9995pt.
 <./classGgApp_1_1Window_a127c516045e716c271524fa45998cbc0_icgraph.pdf>
<classGgApp_1_1Window_a127c516045e716c271524fa45998cbc0_icgraph.pdf, id=19145, 
415.5525pt x 367.3725pt>
File: classGgApp_1_1Window_a127c516045e716c271524fa45998cbc0_icgraph.pdf Graphi
c file (type pdf)
<use classGgApp_1_1Window_a127c516045e716c271524fa45998cbc0_icgraph.pdf>
Package pdftex.def Info: classGgApp_1_1Window_a127c516045e716c271524fa45998cbc0
_icgraph.pdf  used on input line 191.
(pdftex.def)             Requested size: 350.0pt x 309.43163pt.



Package fancyhdr Warning: \headheight is too small (12.0pt): 
(fancyhdr)                Make it at least 12.00003pt, for example:
(fancyhdr)                \setlength{\headheight}{12.00003pt}.
(fancyhdr)                You might also make \topmargin smaller:
(fancyhdr)                \addtolength{\topmargin}{-0.00003pt}.

[389]
> Step: init table outer spec.
> Step: parse table options.
> Step: split table.
> Step: init table inner spec.
> Step: parse table inner spec.
> Step: execute table commands.
> Step: calculate cell and line sizes.
> Step: build the whole table.
> Step: init table outer spec.
> Step: parse table options.
> Step: split table.
> Step: init table inner spec.
> Step: parse table inner spec.
> Step: execute table commands.
> Step: calculate cell and line sizes.
> Step: build the whole table.
 <./classGgApp_1_1Window_ae5d861cc5384a9345370038451126247_cgraph.pdf>
<classGgApp_1_1Window_ae5d861cc5384a9345370038451126247_cgraph.pdf, id=19164, 4
67.7475pt x 100.375pt>
File: classGgApp_1_1Window_ae5d861cc5384a9345370038451126247_cgraph.pdf Graphic
 file (type pdf)
<use classGgApp_1_1Window_ae5d861cc5384a9345370038451126247_cgraph.pdf>
Package pdftex.def Info: classGgApp_1_1Window_ae5d861cc5384a9345370038451126247
_cgraph.pdf  used on input line 212.
(pdftex.def)             Requested size: 350.0pt x 75.11104pt.
> Step: init table outer spec.
> Step: parse table options.
> Step: split table.
> Step: init table inner spec.
> Step: parse table inner spec.
> Step: execute table commands.
> Step: calculate cell and line sizes.
> Step: build the whole table.
> Step: init table outer spec.
> Step: parse table options.
> Step: split table.
> Step: init table inner spec.
> Step: parse table inner spec.
> Step: execute table commands.
> Step: calculate cell and line sizes.
> Step: build the whole table.



Package fancyhdr Warning: \headheight is too small (12.0pt): 
(fancyhdr)                Make it at least 12.00003pt, for example:
(fancyhdr)                \setlength{\headheight}{12.00003pt}.
(fancyhdr)                You might also make \topmargin smaller:
(fancyhdr)                \addtolength{\topmargin}{-0.00003pt}.

[390] <./classGgApp_1_1Window_afe60830775ca81845168edc324e0f35c_cgraph.pdf>
<classGgApp_1_1Window_afe60830775ca81845168edc324e0f35c_cgraph.pdf, id=19182, 4
67.7475pt x 100.375pt>
File: classGgApp_1_1Window_afe60830775ca81845168edc324e0f35c_cgraph.pdf Graphic
 file (type pdf)
<use classGgApp_1_1Window_afe60830775ca81845168edc324e0f35c_cgraph.pdf>
Package pdftex.def Info: classGgApp_1_1Window_afe60830775ca81845168edc324e0f35c
_cgraph.pdf  used on input line 237.
(pdftex.def)             Requested size: 350.0pt x 75.11104pt.

Underfull \hbox (badness 10000) detected at line 263
[][][]
 []

> Step: init table outer spec.
> Step: parse table options.
> Step: split table.
> Step: init table inner spec.
> Step: parse table inner spec.
> Step: execute table commands.
> Step: calculate cell and line sizes.
> Step: build the whole table.
> Step: init table outer spec.
> Step: parse table options.
> Step: split table.
> Step: init table inner spec.
> Step: parse table inner spec.
> Step: execute table commands.
> Step: calculate cell and line sizes.
> Step: build the whole table.
 <./classGgApp_1_1Window_a81b80d842793faa2f5becac5d92586e4_cgraph.pdf>
<classGgApp_1_1Window_a81b80d842793faa2f5becac5d92586e4_cgraph.pdf, id=19196, 5
82.175pt x 138.5175pt>
File: classGgApp_1_1Window_a81b80d842793faa2f5becac5d92586e4_cgraph.pdf Graphic
 file (type pdf)
<use classGgApp_1_1Window_a81b80d842793faa2f5becac5d92586e4_cgraph.pdf>
Package pdftex.def Info: classGgApp_1_1Window_a81b80d842793faa2f5becac5d92586e4
_cgraph.pdf  used on input line 292.
(pdftex.def)             Requested size: 350.0pt x 83.2781pt.



Package fancyhdr Warning: \headheight is too small (12.0pt): 
(fancyhdr)                Make it at least 12.00003pt, for example:
(fancyhdr)                \setlength{\headheight}{12.00003pt}.
(fancyhdr)                You might also make \topmargin smaller:
(fancyhdr)                \addtolength{\topmargin}{-0.00003pt}.

[391]
Underfull \hbox (badness 10000) detected at line 303
[][][]
 []

 <./classGgApp_1_1Window_ac41a2596b28817ae5f807af75d451121_cgraph.pdf>
<classGgApp_1_1Window_ac41a2596b28817ae5f807af75d451121_cgraph.pdf, id=19221, 4
00.49625pt x 100.375pt>
File: classGgApp_1_1Window_ac41a2596b28817ae5f807af75d451121_cgraph.pdf Graphic
 file (type pdf)
<use classGgApp_1_1Window_ac41a2596b28817ae5f807af75d451121_cgraph.pdf>
Package pdftex.def Info: classGgApp_1_1Window_ac41a2596b28817ae5f807af75d451121
_cgraph.pdf  used on input line 315.
(pdftex.def)             Requested size: 350.0pt x 87.72374pt.
 <./classGgApp_1_1Window_ac41a2596b28817ae5f807af75d451121_icgraph.pdf>
<classGgApp_1_1Window_ac41a2596b28817ae5f807af75d451121_icgraph.pdf, id=19229, 
412.54124pt x 100.375pt>
File: classGgApp_1_1Window_ac41a2596b28817ae5f807af75d451121_icgraph.pdf Graphi
c file (type pdf)
<use classGgApp_1_1Window_ac41a2596b28817ae5f807af75d451121_icgraph.pdf>
Package pdftex.def Info: classGgApp_1_1Window_ac41a2596b28817ae5f807af75d451121
_icgraph.pdf  used on input line 323.
(pdftex.def)             Requested size: 350.0pt x 85.15985pt.

Underfull \hbox (badness 10000) detected at line 334
[][][]
 []

 <./classGgApp_1_1Window_abf24b249cfff5f6df4f05e3454ef5822_cgraph.pdf>
<classGgApp_1_1Window_abf24b249cfff5f6df4f05e3454ef5822_cgraph.pdf, id=19239, 4
00.49625pt x 100.375pt>
File: classGgApp_1_1Window_abf24b249cfff5f6df4f05e3454ef5822_cgraph.pdf Graphic
 file (type pdf)
<use classGgApp_1_1Window_abf24b249cfff5f6df4f05e3454ef5822_cgraph.pdf>
Package pdftex.def Info: classGgApp_1_1Window_abf24b249cfff5f6df4f05e3454ef5822
_cgraph.pdf  used on input line 346.
(pdftex.def)             Requested size: 350.0pt x 87.72374pt.
 <./classGgApp_1_1Window_abf24b249cfff5f6df4f05e3454ef5822_icgraph.pdf>
<classGgApp_1_1Window_abf24b249cfff5f6df4f05e3454ef5822_icgraph.pdf, id=19247, 
412.54124pt x 100.375pt>
File: classGgApp_1_1Window_abf24b249cfff5f6df4f05e3454ef5822_icgraph.pdf Graphi
c file (type pdf)
<use classGgApp_1_1Window_abf24b249cfff5f6df4f05e3454ef5822_icgraph.pdf>
Package pdftex.def Info: classGgApp_1_1Window_abf24b249cfff5f6df4f05e3454ef5822
_icgraph.pdf  used on input line 354.
(pdftex.def)             Requested size: 350.0pt x 85.15985pt.



Package fancyhdr Warning: \headheight is too small (12.0pt): 
(fancyhdr)                Make it at least 12.00003pt, for example:
(fancyhdr)                \setlength{\headheight}{12.00003pt}.
(fancyhdr)                You might also make \topmargin smaller:
(fancyhdr)                \addtolength{\topmargin}{-0.00003pt}.

[392]
> Step: init table outer spec.
> Step: parse table options.
> Step: split table.
> Step: init table inner spec.
> Step: parse table inner spec.
> Step: execute table commands.
> Step: calculate cell and line sizes.
> Step: build the whole table.
> Step: init table outer spec.
> Step: parse table options.
> Step: split table.
> Step: init table inner spec.
> Step: parse table inner spec.
> Step: execute table commands.
> Step: calculate cell and line sizes.
> Step: build the whole table.
 <./classGgApp_1_1Window_aed83d934df05d6cb8c8a902711a9329c_cgraph.pdf>
<classGgApp_1_1Window_aed83d934df05d6cb8c8a902711a9329c_cgraph.pdf, id=19267, 5
58.085pt x 138.5175pt>
File: classGgApp_1_1Window_aed83d934df05d6cb8c8a902711a9329c_cgraph.pdf Graphic
 file (type pdf)
<use classGgApp_1_1Window_aed83d934df05d6cb8c8a902711a9329c_cgraph.pdf>
Package pdftex.def Info: classGgApp_1_1Window_aed83d934df05d6cb8c8a902711a9329c
_cgraph.pdf  used on input line 381.
(pdftex.def)             Requested size: 350.0pt x 86.87334pt.
> Step: init table outer spec.
> Step: parse table options.
> Step: split table.
> Step: init table inner spec.
> Step: parse table inner spec.
> Step: execute table commands.
> Step: calculate cell and line sizes.
> Step: build the whole table.
> Step: init table outer spec.
> Step: parse table options.
> Step: split table.
> Step: init table inner spec.
> Step: parse table inner spec.
> Step: execute table commands.
> Step: calculate cell and line sizes.
> Step: build the whole table.

Underfull \hbox (badness 10000) detected at line 399
[][][]
 []

 <./classGgApp_1_1Window_affa358bdcc627505e042577790c8444a_icgraph.pdf>
<classGgApp_1_1Window_affa358bdcc627505e042577790c8444a_icgraph.pdf, id=19277, 
598.235pt x 391.4625pt>
File: classGgApp_1_1Window_affa358bdcc627505e042577790c8444a_icgraph.pdf Graphi
c file (type pdf)
<use classGgApp_1_1Window_affa358bdcc627505e042577790c8444a_icgraph.pdf>
Package pdftex.def Info: classGgApp_1_1Window_affa358bdcc627505e042577790c8444a
_icgraph.pdf  used on input line 411.
(pdftex.def)             Requested size: 350.0pt x 229.03151pt.



Package fancyhdr Warning: \headheight is too small (12.0pt): 
(fancyhdr)                Make it at least 12.00003pt, for example:
(fancyhdr)                \setlength{\headheight}{12.00003pt}.
(fancyhdr)                You might also make \topmargin smaller:
(fancyhdr)                \addtolength{\topmargin}{-0.00003pt}.

[393]
> Step: init table outer spec.
> Step: parse table options.
> Step: split table.
> Step: init table inner spec.
> Step: parse table inner spec.
> Step: execute table commands.
> Step: calculate cell and line sizes.
> Step: build the whole table.
> Step: init table outer spec.
> Step: parse table options.
> Step: split table.
> Step: init table inner spec.
> Step: parse table inner spec.
> Step: execute table commands.
> Step: calculate cell and line sizes.
> Step: build the whole table.

Underfull \hbox (badness 10000) detected at line 427
[][][]
 []

 <./classGgApp_1_1Window_a78660227f814654a1bc2e886365e0996_cgraph.pdf>
<classGgApp_1_1Window_a78660227f814654a1bc2e886365e0996_cgraph.pdf, id=19298, 3
88.45125pt x 100.375pt>
File: classGgApp_1_1Window_a78660227f814654a1bc2e886365e0996_cgraph.pdf Graphic
 file (type pdf)
<use classGgApp_1_1Window_a78660227f814654a1bc2e886365e0996_cgraph.pdf>
Package pdftex.def Info: classGgApp_1_1Window_a78660227f814654a1bc2e886365e0996
_cgraph.pdf  used on input line 439.
(pdftex.def)             Requested size: 350.0pt x 90.4408pt.
 <./classGgApp_1_1Window_a78660227f814654a1bc2e886365e0996_icgraph.pdf>
<classGgApp_1_1Window_a78660227f814654a1bc2e886365e0996_icgraph.pdf, id=19306, 
388.45125pt x 100.375pt>
File: classGgApp_1_1Window_a78660227f814654a1bc2e886365e0996_icgraph.pdf Graphi
c file (type pdf)
<use classGgApp_1_1Window_a78660227f814654a1bc2e886365e0996_icgraph.pdf>
Package pdftex.def Info: classGgApp_1_1Window_a78660227f814654a1bc2e886365e0996
_icgraph.pdf  used on input line 447.
(pdftex.def)             Requested size: 350.0pt x 90.4408pt.



Package fancyhdr Warning: \headheight is too small (12.0pt): 
(fancyhdr)                Make it at least 12.00003pt, for example:
(fancyhdr)                \setlength{\headheight}{12.00003pt}.
(fancyhdr)                You might also make \topmargin smaller:
(fancyhdr)                \addtolength{\topmargin}{-0.00003pt}.

[394]
> Step: init table outer spec.
> Step: parse table options.
> Step: split table.
> Step: init table inner spec.
> Step: parse table inner spec.
> Step: execute table commands.
> Step: calculate cell and line sizes.
> Step: build the whole table.
> Step: init table outer spec.
> Step: parse table options.
> Step: split table.
> Step: init table inner spec.
> Step: parse table inner spec.
> Step: execute table commands.
> Step: calculate cell and line sizes.
> Step: build the whole table.

Underfull \hbox (badness 10000) detected at line 463
[][][]
 []

 <./classGgApp_1_1Window_a46411c2f5238715c5347356ba9282dfc_cgraph.pdf>
<classGgApp_1_1Window_a46411c2f5238715c5347356ba9282dfc_cgraph.pdf, id=19325, 3
88.45125pt x 100.375pt>
File: classGgApp_1_1Window_a46411c2f5238715c5347356ba9282dfc_cgraph.pdf Graphic
 file (type pdf)
<use classGgApp_1_1Window_a46411c2f5238715c5347356ba9282dfc_cgraph.pdf>
Package pdftex.def Info: classGgApp_1_1Window_a46411c2f5238715c5347356ba9282dfc
_cgraph.pdf  used on input line 475.
(pdftex.def)             Requested size: 350.0pt x 90.4408pt.
 <./classGgApp_1_1Window_a46411c2f5238715c5347356ba9282dfc_icgraph.pdf>
<classGgApp_1_1Window_a46411c2f5238715c5347356ba9282dfc_icgraph.pdf, id=19334, 
388.45125pt x 100.375pt>
File: classGgApp_1_1Window_a46411c2f5238715c5347356ba9282dfc_icgraph.pdf Graphi
c file (type pdf)
<use classGgApp_1_1Window_a46411c2f5238715c5347356ba9282dfc_icgraph.pdf>
Package pdftex.def Info: classGgApp_1_1Window_a46411c2f5238715c5347356ba9282dfc
_icgraph.pdf  used on input line 483.
(pdftex.def)             Requested size: 350.0pt x 90.4408pt.



Package fancyhdr Warning: \headheight is too small (12.0pt): 
(fancyhdr)                Make it at least 12.00003pt, for example:
(fancyhdr)                \setlength{\headheight}{12.00003pt}.
(fancyhdr)                You might also make \topmargin smaller:
(fancyhdr)                \addtolength{\topmargin}{-0.00003pt}.

[395]
Underfull \hbox (badness 10000) detected at line 494
[][][]
 []

 <./classGgApp_1_1Window_ac175ec3d297b415120c6cc29b6392fdd_icgraph.pdf>
<classGgApp_1_1Window_ac175ec3d297b415120c6cc29b6392fdd_icgraph.pdf, id=19355, 
401.5pt x 100.375pt>
File: classGgApp_1_1Window_ac175ec3d297b415120c6cc29b6392fdd_icgraph.pdf Graphi
c file (type pdf)
<use classGgApp_1_1Window_ac175ec3d297b415120c6cc29b6392fdd_icgraph.pdf>
Package pdftex.def Info: classGgApp_1_1Window_ac175ec3d297b415120c6cc29b6392fdd
_icgraph.pdf  used on input line 506.
(pdftex.def)             Requested size: 350.0pt x 87.50626pt.
> Step: init table outer spec.
> Step: parse table options.
> Step: split table.
> Step: init table inner spec.
> Step: parse table inner spec.
> Step: execute table commands.
> Step: calculate cell and line sizes.


Package tabularray Warning: Table width is too small, need 15.09839pt more!

> Step: build the whole table.
> Step: init table outer spec.
> Step: parse table options.
> Step: split table.
> Step: init table inner spec.
> Step: parse table inner spec.
> Step: execute table commands.
> Step: calculate cell and line sizes.
> Step: build the whole table.
 <./classGgApp_1_1Window_a95461db15ac62a3f5200d9563d245d1d_cgraph.pdf>
<classGgApp_1_1Window_a95461db15ac62a3f5200d9563d245d1d_cgraph.pdf, id=19365, 5
63.10374pt x 162.6075pt>
File: classGgApp_1_1Window_a95461db15ac62a3f5200d9563d245d1d_cgraph.pdf Graphic
 file (type pdf)
<use classGgApp_1_1Window_a95461db15ac62a3f5200d9563d245d1d_cgraph.pdf>
Package pdftex.def Info: classGgApp_1_1Window_a95461db15ac62a3f5200d9563d245d1d
_cgraph.pdf  used on input line 531.
(pdftex.def)             Requested size: 350.0pt x 101.06868pt.

Underfull \hbox (badness 10000) detected at line 542
[][][]
 []

 <./classGgApp_1_1Window_a05de269eb17027de60e41e3776b581b2_cgraph.pdf>
<classGgApp_1_1Window_a05de269eb17027de60e41e3776b581b2_cgraph.pdf, id=19375, 3
88.45125pt x 112.42pt>
File: classGgApp_1_1Window_a05de269eb17027de60e41e3776b581b2_cgraph.pdf Graphic
 file (type pdf)
<use classGgApp_1_1Window_a05de269eb17027de60e41e3776b581b2_cgraph.pdf>
Package pdftex.def Info: classGgApp_1_1Window_a05de269eb17027de60e41e3776b581b2
_cgraph.pdf  used on input line 554.
(pdftex.def)             Requested size: 350.0pt x 101.2937pt.


LaTeX Font Info:    Font shape `OT1/phv/m/n' will be
(Font)              scaled to size 8.99994pt on input line 557.
LaTeX Font Info:    Font shape `OT1/phv/m/n' will be
(Font)              scaled to size 8.99994pt on input line 557.
LaTeX Font Info:    Font shape `OT1/phv/m/n' will be
(Font)              scaled to size 8.99994pt on input line 557.
LaTeX Font Info:    Font shape `OT1/phv/b/n' will be
(Font)              scaled to size 8.99994pt on input line 557.
LaTeX Font Info:    Font shape `OT1/phv/b/n' will be
(Font)              scaled to size 8.99994pt on input line 557.

Package fancyhdr Warning: \headheight is too small (12.0pt): 
(fancyhdr)                Make it at least 12.00003pt, for example:
(fancyhdr)                \setlength{\headheight}{12.00003pt}.
(fancyhdr)                You might also make \topmargin smaller:
(fancyhdr)                \addtolength{\topmargin}{-0.00003pt}.

LaTeX Font Info:    Font shape `OT1/phv/m/n' will be
(Font)              scaled to size 8.99994pt on input line 557.
LaTeX Font Info:    Font shape `OT1/phv/b/n' will be
(Font)              scaled to size 8.99994pt on input line 557.
LaTeX Font Info:    Font shape `OT1/phv/b/n' will be
(Font)              scaled to size 6.29996pt on input line 557.
LaTeX Font Info:    Font shape `OT1/phv/b/n' will be
(Font)              scaled to size 6.29996pt on input line 557.
[396] <./classGgApp_1_1Window_a05de269eb17027de60e41e3776b581b2_icgraph.pdf>
<classGgApp_1_1Window_a05de269eb17027de60e41e3776b581b2_icgraph.pdf, id=19393, 
394.47375pt x 112.42pt>
File: classGgApp_1_1Window_a05de269eb17027de60e41e3776b581b2_icgraph.pdf Graphi
c file (type pdf)
<use classGgApp_1_1Window_a05de269eb17027de60e41e3776b581b2_icgraph.pdf>
Package pdftex.def Info: classGgApp_1_1Window_a05de269eb17027de60e41e3776b581b2
_icgraph.pdf  used on input line 562.
(pdftex.def)             Requested size: 350.0pt x 99.74643pt.

Underfull \hbox (badness 10000) detected at line 573
[][][]
 []

 <./classGgApp_1_1Window_a0707b5143ccc9f5c8df94cce446bdab2_cgraph.pdf>
<classGgApp_1_1Window_a0707b5143ccc9f5c8df94cce446bdab2_cgraph.pdf, id=19403, 3
88.45125pt x 112.42pt>
File: classGgApp_1_1Window_a0707b5143ccc9f5c8df94cce446bdab2_cgraph.pdf Graphic
 file (type pdf)
<use classGgApp_1_1Window_a0707b5143ccc9f5c8df94cce446bdab2_cgraph.pdf>
Package pdftex.def Info: classGgApp_1_1Window_a0707b5143ccc9f5c8df94cce446bdab2
_cgraph.pdf  used on input line 585.
(pdftex.def)             Requested size: 350.0pt x 101.2937pt.
 <./classGgApp_1_1Window_a0707b5143ccc9f5c8df94cce446bdab2_icgraph.pdf>
<classGgApp_1_1Window_a0707b5143ccc9f5c8df94cce446bdab2_icgraph.pdf, id=19411, 
394.47375pt x 112.42pt>
File: classGgApp_1_1Window_a0707b5143ccc9f5c8df94cce446bdab2_icgraph.pdf Graphi
c file (type pdf)
<use classGgApp_1_1Window_a0707b5143ccc9f5c8df94cce446bdab2_icgraph.pdf>
Package pdftex.def Info: classGgApp_1_1Window_a0707b5143ccc9f5c8df94cce446bdab2
_icgraph.pdf  used on input line 593.
(pdftex.def)             Requested size: 350.0pt x 99.74643pt.



Package fancyhdr Warning: \headheight is too small (12.0pt): 
(fancyhdr)                Make it at least 12.00003pt, for example:
(fancyhdr)                \setlength{\headheight}{12.00003pt}.
(fancyhdr)                You might also make \topmargin smaller:
(fancyhdr)                \addtolength{\topmargin}{-0.00003pt}.

[397]
Underfull \hbox (badness 10000) detected at line 604
[][][]
 []

 <./classGgApp_1_1Window_a65f86fe33c40b5ca0f374484df5a2132_icgraph.pdf>
<classGgApp_1_1Window_a65f86fe33c40b5ca0f374484df5a2132_icgraph.pdf, id=19431, 
412.54124pt x 100.375pt>
File: classGgApp_1_1Window_a65f86fe33c40b5ca0f374484df5a2132_icgraph.pdf Graphi
c file (type pdf)
<use classGgApp_1_1Window_a65f86fe33c40b5ca0f374484df5a2132_icgraph.pdf>
Package pdftex.def Info: classGgApp_1_1Window_a65f86fe33c40b5ca0f374484df5a2132
_icgraph.pdf  used on input line 616.
(pdftex.def)             Requested size: 350.0pt x 85.15985pt.

Underfull \hbox (badness 10000) detected at line 627
[][][]
 []

> Step: init table outer spec.
> Step: parse table options.
> Step: split table.
> Step: init table inner spec.
> Step: parse table inner spec.
> Step: execute table commands.
> Step: calculate cell and line sizes.
> Step: build the whole table.
> Step: init table outer spec.
> Step: parse table options.
> Step: split table.
> Step: init table inner spec.
> Step: parse table inner spec.
> Step: execute table commands.
> Step: calculate cell and line sizes.
> Step: build the whole table.
 <./classGgApp_1_1Window_a55b581c4f03c8685f6632b69413aa774_cgraph.pdf>
<classGgApp_1_1Window_a55b581c4f03c8685f6632b69413aa774_cgraph.pdf, id=19443, 4
12.54124pt x 138.5175pt>
File: classGgApp_1_1Window_a55b581c4f03c8685f6632b69413aa774_cgraph.pdf Graphic
 file (type pdf)
<use classGgApp_1_1Window_a55b581c4f03c8685f6632b69413aa774_cgraph.pdf>
Package pdftex.def Info: classGgApp_1_1Window_a55b581c4f03c8685f6632b69413aa774
_cgraph.pdf  used on input line 656.
(pdftex.def)             Requested size: 350.0pt x 117.5206pt.



Package fancyhdr Warning: \headheight is too small (12.0pt): 
(fancyhdr)                Make it at least 12.00003pt, for example:
(fancyhdr)                \setlength{\headheight}{12.00003pt}.
(fancyhdr)                You might also make \topmargin smaller:
(fancyhdr)                \addtolength{\topmargin}{-0.00003pt}.

[398]
Underfull \hbox (badness 10000) detected at line 667
[][][]
 []

 <./classGgApp_1_1Window_aa9584690e81de333b5ede0e10b184212_icgraph.pdf>
<classGgApp_1_1Window_aa9584690e81de333b5ede0e10b184212_icgraph.pdf, id=19465, 
409.53pt x 100.375pt>
File: classGgApp_1_1Window_aa9584690e81de333b5ede0e10b184212_icgraph.pdf Graphi
c file (type pdf)
<use classGgApp_1_1Window_aa9584690e81de333b5ede0e10b184212_icgraph.pdf>
Package pdftex.def Info: classGgApp_1_1Window_aa9584690e81de333b5ede0e10b184212
_icgraph.pdf  used on input line 679.
(pdftex.def)             Requested size: 350.0pt x 85.78934pt.

Underfull \hbox (badness 10000) detected at line 690
[][][]
 []

 <./classGgApp_1_1Window_a6c9fe611549defaacbd77eb1178b63c5_icgraph.pdf>
<classGgApp_1_1Window_a6c9fe611549defaacbd77eb1178b63c5_icgraph.pdf, id=19475, 
379.4175pt x 100.375pt>
File: classGgApp_1_1Window_a6c9fe611549defaacbd77eb1178b63c5_icgraph.pdf Graphi
c file (type pdf)
<use classGgApp_1_1Window_a6c9fe611549defaacbd77eb1178b63c5_icgraph.pdf>
Package pdftex.def Info: classGgApp_1_1Window_a6c9fe611549defaacbd77eb1178b63c5
_icgraph.pdf  used on input line 702.
(pdftex.def)             Requested size: 350.0pt x 92.59422pt.


LaTeX Font Info:    Font shape `OT1/phv/m/n' will be
(Font)              scaled to size 8.99994pt on input line 711.
LaTeX Font Info:    Font shape `OT1/phv/m/n' will be
(Font)              scaled to size 8.99994pt on input line 711.
LaTeX Font Info:    Font shape `OT1/phv/m/n' will be
(Font)              scaled to size 8.99994pt on input line 711.
LaTeX Font Info:    Font shape `OT1/phv/b/n' will be
(Font)              scaled to size 8.99994pt on input line 711.
LaTeX Font Info:    Font shape `OT1/phv/b/n' will be
(Font)              scaled to size 6.29996pt on input line 711.
LaTeX Font Info:    Font shape `OT1/phv/b/n' will be
(Font)              scaled to size 6.29996pt on input line 711.
LaTeX Font Info:    Font shape `OT1/phv/b/n' will be
(Font)              scaled to size 8.99994pt on input line 711.

Package fancyhdr Warning: \headheight is too small (12.0pt): 
(fancyhdr)                Make it at least 12.00003pt, for example:
(fancyhdr)                \setlength{\headheight}{12.00003pt}.
(fancyhdr)                You might also make \topmargin smaller:
(fancyhdr)                \addtolength{\topmargin}{-0.00003pt}.

LaTeX Font Info:    Font shape `OT1/phv/m/n' will be
(Font)              scaled to size 8.99994pt on input line 711.
LaTeX Font Info:    Font shape `OT1/phv/b/n' will be
(Font)              scaled to size 8.99994pt on input line 711.
LaTeX Font Info:    Font shape `OT1/phv/b/n' will be
(Font)              scaled to size 6.29996pt on input line 711.
LaTeX Font Info:    Font shape `OT1/phv/b/n' will be
(Font)              scaled to size 6.29996pt on input line 711.
[399]
Underfull \hbox (badness 10000) detected at line 713
[][][]
 []


Underfull \hbox (badness 10000) detected at line 728
[][][]
 []


Underfull \hbox (badness 10000) detected at line 743
[][][]
 []

> Step: init table outer spec.
> Step: parse table options.
> Step: split table.
> Step: init table inner spec.
> Step: parse table inner spec.
> Step: execute table commands.
> Step: calculate cell and line sizes.
> Step: build the whole table.
> Step: init table outer spec.
> Step: parse table options.
> Step: split table.
> Step: init table inner spec.
> Step: parse table inner spec.
> Step: execute table commands.
> Step: calculate cell and line sizes.
> Step: build the whole table.
> Step: init table outer spec.
> Step: parse table options.
> Step: split table.
> Step: init table inner spec.
> Step: parse table inner spec.
> Step: execute table commands.
> Step: calculate cell and line sizes.
> Step: build the whole table.
> Step: init table outer spec.
> Step: parse table options.
> Step: split table.
> Step: init table inner spec.
> Step: parse table inner spec.
> Step: execute table commands.
> Step: calculate cell and line sizes.
> Step: build the whole table.

Underfull \hbox (badness 10000) detected at line 780
[][][]
 []



LaTeX Font Info:    Font shape `OT1/phv/m/n' will be
(Font)              scaled to size 8.99994pt on input line 793.
LaTeX Font Info:    Font shape `OT1/phv/m/n' will be
(Font)              scaled to size 8.99994pt on input line 793.
LaTeX Font Info:    Font shape `OT1/phv/m/n' will be
(Font)              scaled to size 8.99994pt on input line 793.
LaTeX Font Info:    Font shape `OT1/phv/b/n' will be
(Font)              scaled to size 8.99994pt on input line 793.
LaTeX Font Info:    Font shape `OT1/phv/b/n' will be
(Font)              scaled to size 8.99994pt on input line 793.

Package fancyhdr Warning: \headheight is too small (12.0pt): 
(fancyhdr)                Make it at least 12.00003pt, for example:
(fancyhdr)                \setlength{\headheight}{12.00003pt}.
(fancyhdr)                You might also make \topmargin smaller:
(fancyhdr)                \addtolength{\topmargin}{-0.00003pt}.

LaTeX Font Info:    Font shape `OT1/phv/m/n' will be
(Font)              scaled to size 8.99994pt on input line 793.
LaTeX Font Info:    Font shape `OT1/phv/b/n' will be
(Font)              scaled to size 8.99994pt on input line 793.
LaTeX Font Info:    Font shape `OT1/phv/b/n' will be
(Font)              scaled to size 6.29996pt on input line 793.
LaTeX Font Info:    Font shape `OT1/phv/b/n' will be
(Font)              scaled to size 6.29996pt on input line 793.
[400]
Underfull \hbox (badness 10000) detected at line 795
[][][]
 []


Underfull \hbox (badness 10000) detected at line 810
[][][]
 []

> Step: init table outer spec.
> Step: parse table options.
> Step: split table.
> Step: init table inner spec.
> Step: parse table inner spec.
> Step: execute table commands.
> Step: calculate cell and line sizes.
> Step: build the whole table.
> Step: init table outer spec.
> Step: parse table options.
> Step: split table.
> Step: init table inner spec.
> Step: parse table inner spec.
> Step: execute table commands.
> Step: calculate cell and line sizes.
> Step: build the whole table.

Underfull \hbox (badness 10000) detected at line 830
[][][]
 []

> Step: init table outer spec.
> Step: parse table options.
> Step: split table.
> Step: init table inner spec.
> Step: parse table inner spec.
> Step: execute table commands.
> Step: calculate cell and line sizes.
> Step: build the whole table.
> Step: init table outer spec.
> Step: parse table options.
> Step: split table.
> Step: init table inner spec.
> Step: parse table inner spec.
> Step: execute table commands.
> Step: calculate cell and line sizes.
> Step: build the whole table.

Underfull \hbox (badness 10000) detected at line 850
[][][]
 []

 <./classGgApp_1_1Window_ae072fc515e5a2fc54b8a11a552fc10b0_icgraph.pdf>
<classGgApp_1_1Window_ae072fc515e5a2fc54b8a11a552fc10b0_icgraph.pdf, id=19522, 
407.5225pt x 112.42pt>
File: classGgApp_1_1Window_ae072fc515e5a2fc54b8a11a552fc10b0_icgraph.pdf Graphi
c file (type pdf)
<use classGgApp_1_1Window_ae072fc515e5a2fc54b8a11a552fc10b0_icgraph.pdf>
Package pdftex.def Info: classGgApp_1_1Window_ae072fc515e5a2fc54b8a11a552fc10b0
_icgraph.pdf  used on input line 862.
(pdftex.def)             Requested size: 350.0pt x 96.5558pt.



Package fancyhdr Warning: \headheight is too small (12.0pt): 
(fancyhdr)                Make it at least 12.00003pt, for example:
(fancyhdr)                \setlength{\headheight}{12.00003pt}.
(fancyhdr)                You might also make \topmargin smaller:
(fancyhdr)                \addtolength{\topmargin}{-0.00003pt}.

[401]
> Step: init table outer spec.
> Step: parse table options.
> Step: split table.
> Step: init table inner spec.
> Step: parse table inner spec.
> Step: execute table commands.
> Step: calculate cell and line sizes.
> Step: build the whole table.
> Step: init table outer spec.
> Step: parse table options.
> Step: split table.
> Step: init table inner spec.
> Step: parse table inner spec.
> Step: execute table commands.
> Step: calculate cell and line sizes.
> Step: build the whole table.

Underfull \hbox (badness 10000) detected at line 878
[][][]
 []

> Step: init table outer spec.
> Step: parse table options.
> Step: split table.
> Step: init table inner spec.
> Step: parse table inner spec.
> Step: execute table commands.
> Step: calculate cell and line sizes.

Package tabularray Warning: Table width is too small, need 7.09743pt more!

> Step: build the whole table.
> Step: init table outer spec.
> Step: parse table options.
> Step: split table.
> Step: init table inner spec.
> Step: parse table inner spec.
> Step: execute table commands.
> Step: calculate cell and line sizes.
> Step: build the whole table.
 <./classGgApp_1_1Window_a2201654415ccd466ce8c2e25de831e7f_cgraph.pdf>
<classGgApp_1_1Window_a2201654415ccd466ce8c2e25de831e7f_cgraph.pdf, id=19544, 5
98.235pt x 138.5175pt>
File: classGgApp_1_1Window_a2201654415ccd466ce8c2e25de831e7f_cgraph.pdf Graphic
 file (type pdf)
<use classGgApp_1_1Window_a2201654415ccd466ce8c2e25de831e7f_cgraph.pdf>
Package pdftex.def Info: classGgApp_1_1Window_a2201654415ccd466ce8c2e25de831e7f
_cgraph.pdf  used on input line 907.
(pdftex.def)             Requested size: 350.0pt x 81.04192pt.



Package fancyhdr Warning: \headheight is too small (12.0pt): 
(fancyhdr)                Make it at least 12.00003pt, for example:
(fancyhdr)                \setlength{\headheight}{12.00003pt}.
(fancyhdr)                You might also make \topmargin smaller:
(fancyhdr)                \addtolength{\topmargin}{-0.00003pt}.

[402]
Underfull \hbox (badness 10000) detected at line 918
[][][]
 []

 <./classGgApp_1_1Window_a0c2238b6a1ad09eaeaf9f268b79bf00d_cgraph.pdf>
<classGgApp_1_1Window_a0c2238b6a1ad09eaeaf9f268b79bf00d_cgraph.pdf, id=19567, 4
09.53pt x 100.375pt>
File: classGgApp_1_1Window_a0c2238b6a1ad09eaeaf9f268b79bf00d_cgraph.pdf Graphic
 file (type pdf)
<use classGgApp_1_1Window_a0c2238b6a1ad09eaeaf9f268b79bf00d_cgraph.pdf>
Package pdftex.def Info: classGgApp_1_1Window_a0c2238b6a1ad09eaeaf9f268b79bf00d
_cgraph.pdf  used on input line 930.
(pdftex.def)             Requested size: 350.0pt x 85.78934pt.
 <./classGgApp_1_1Window_a0c2238b6a1ad09eaeaf9f268b79bf00d_icgraph.pdf>
<classGgApp_1_1Window_a0c2238b6a1ad09eaeaf9f268b79bf00d_icgraph.pdf, id=19575, 
429.605pt x 100.375pt>
File: classGgApp_1_1Window_a0c2238b6a1ad09eaeaf9f268b79bf00d_icgraph.pdf Graphi
c file (type pdf)
<use classGgApp_1_1Window_a0c2238b6a1ad09eaeaf9f268b79bf00d_icgraph.pdf>
Package pdftex.def Info: classGgApp_1_1Window_a0c2238b6a1ad09eaeaf9f268b79bf00d
_icgraph.pdf  used on input line 938.
(pdftex.def)             Requested size: 350.0pt x 81.77655pt.

Underfull \hbox (badness 10000) detected at line 949
[][][]
 []

 <./classGgApp_1_1Window_ad622962036e9c6dc8210b16a67486862_cgraph.pdf>
<classGgApp_1_1Window_ad622962036e9c6dc8210b16a67486862_cgraph.pdf, id=19585, 4
09.53pt x 100.375pt>
File: classGgApp_1_1Window_ad622962036e9c6dc8210b16a67486862_cgraph.pdf Graphic
 file (type pdf)
<use classGgApp_1_1Window_ad622962036e9c6dc8210b16a67486862_cgraph.pdf>
Package pdftex.def Info: classGgApp_1_1Window_ad622962036e9c6dc8210b16a67486862
_cgraph.pdf  used on input line 961.
(pdftex.def)             Requested size: 350.0pt x 85.78934pt.
 <./classGgApp_1_1Window_ad622962036e9c6dc8210b16a67486862_icgraph.pdf>
<classGgApp_1_1Window_ad622962036e9c6dc8210b16a67486862_icgraph.pdf, id=19593, 
429.605pt x 100.375pt>
File: classGgApp_1_1Window_ad622962036e9c6dc8210b16a67486862_icgraph.pdf Graphi
c file (type pdf)
<use classGgApp_1_1Window_ad622962036e9c6dc8210b16a67486862_icgraph.pdf>
Package pdftex.def Info: classGgApp_1_1Window_ad622962036e9c6dc8210b16a67486862
_icgraph.pdf  used on input line 969.
(pdftex.def)             Requested size: 350.0pt x 81.77655pt.



Package fancyhdr Warning: \headheight is too small (12.0pt): 
(fancyhdr)                Make it at least 12.00003pt, for example:
(fancyhdr)                \setlength{\headheight}{12.00003pt}.
(fancyhdr)                You might also make \topmargin smaller:
(fancyhdr)                \addtolength{\topmargin}{-0.00003pt}.

[403]
Underfull \hbox (badness 10000) detected at line 980
[][][]
 []

> Step: init table outer spec.
> Step: parse table options.
> Step: split table.
> Step: init table inner spec.
> Step: parse table inner spec.
> Step: execute table commands.
> Step: calculate cell and line sizes.
> Step: build the whole table.
> Step: init table outer spec.
> Step: parse table options.
> Step: split table.
> Step: init table inner spec.
> Step: parse table inner spec.
> Step: execute table commands.
> Step: calculate cell and line sizes.
> Step: build the whole table.
 <./classGgApp_1_1Window_a5efeec0d33380bc170b768db972a9150_cgraph.pdf>
<classGgApp_1_1Window_a5efeec0d33380bc170b768db972a9150_cgraph.pdf, id=19615, 3
79.4175pt x 138.5175pt>
File: classGgApp_1_1Window_a5efeec0d33380bc170b768db972a9150_cgraph.pdf Graphic
 file (type pdf)
<use classGgApp_1_1Window_a5efeec0d33380bc170b768db972a9150_cgraph.pdf>
Package pdftex.def Info: classGgApp_1_1Window_a5efeec0d33380bc170b768db972a9150
_cgraph.pdf  used on input line 1009.
(pdftex.def)             Requested size: 350.0pt x 127.78003pt.
> Step: init table outer spec.
> Step: parse table options.
> Step: split table.
> Step: init table inner spec.
> Step: parse table inner spec.
> Step: execute table commands.
> Step: calculate cell and line sizes.
> Step: build the whole table.
> Step: init table outer spec.
> Step: parse table options.
> Step: split table.
> Step: init table inner spec.
> Step: parse table inner spec.
> Step: execute table commands.
> Step: calculate cell and line sizes.
> Step: build the whole table.



Package fancyhdr Warning: \headheight is too small (12.0pt): 
(fancyhdr)                Make it at least 12.00003pt, for example:
(fancyhdr)                \setlength{\headheight}{12.00003pt}.
(fancyhdr)                You might also make \topmargin smaller:
(fancyhdr)                \addtolength{\topmargin}{-0.00003pt}.

[404]
Underfull \hbox (badness 10000) detected at line 1025
[][][]
 []

> Step: init table outer spec.
> Step: parse table options.
> Step: split table.
> Step: init table inner spec.
> Step: parse table inner spec.
> Step: execute table commands.
> Step: calculate cell and line sizes.
> Step: build the whole table.
> Step: init table outer spec.
> Step: parse table options.
> Step: split table.
> Step: init table inner spec.
> Step: parse table inner spec.
> Step: execute table commands.
> Step: calculate cell and line sizes.
> Step: build the whole table.

Underfull \hbox (badness 10000) detected at line 1045
[][][]
 []

 <./classGgApp_1_1Window_a074e392cd47e92946d23308cae934e40_icgraph.pdf>
<classGgApp_1_1Window_a074e392cd47e92946d23308cae934e40_icgraph.pdf, id=19638, 
418.56375pt x 112.42pt>
File: classGgApp_1_1Window_a074e392cd47e92946d23308cae934e40_icgraph.pdf Graphi
c file (type pdf)
<use classGgApp_1_1Window_a074e392cd47e92946d23308cae934e40_icgraph.pdf>
Package pdftex.def Info: classGgApp_1_1Window_a074e392cd47e92946d23308cae934e40
_icgraph.pdf  used on input line 1057.
(pdftex.def)             Requested size: 350.0pt x 94.0033pt.

Underfull \hbox (badness 10000) detected at line 1068
[][][]
 []


Underfull \hbox (badness 10000) detected at line 1083
[][][]
 []

> Step: init table outer spec.
> Step: parse table options.
> Step: split table.
> Step: init table inner spec.
> Step: parse table inner spec.
> Step: execute table commands.
> Step: calculate cell and line sizes.
> Step: build the whole table.
> Step: init table outer spec.
> Step: parse table options.
> Step: split table.
> Step: init table inner spec.
> Step: parse table inner spec.
> Step: execute table commands.
> Step: calculate cell and line sizes.
> Step: build the whole table.



Package fancyhdr Warning: \headheight is too small (12.0pt): 
(fancyhdr)                Make it at least 12.00003pt, for example:
(fancyhdr)                \setlength{\headheight}{12.00003pt}.
(fancyhdr)                You might also make \topmargin smaller:
(fancyhdr)                \addtolength{\topmargin}{-0.00003pt}.

[405]
> Step: init table outer spec.
> Step: parse table options.
> Step: split table.
> Step: init table inner spec.
> Step: parse table inner spec.
> Step: execute table commands.
> Step: calculate cell and line sizes.
> Step: build the whole table.
> Step: init table outer spec.
> Step: parse table options.
> Step: split table.
> Step: init table inner spec.
> Step: parse table inner spec.
> Step: execute table commands.
> Step: calculate cell and line sizes.
> Step: build the whole table.

Underfull \hbox (badness 10000) detected at line 1120
[][][]
 []


Underfull \hbox (badness 10000) detected at line 1135
[][][]
 []


Underfull \hbox (badness 10000) detected at line 1150
[][][]
 []


Underfull \hbox (badness 10000) detected at line 1165
[][][]
 []

 <./classGgApp_1_1Window_a579867ae1179b9d946e2a0e34a62e830_icgraph.pdf>
<classGgApp_1_1Window_a579867ae1179b9d946e2a0e34a62e830_icgraph.pdf, id=19671, 
376.40625pt x 100.375pt>
File: classGgApp_1_1Window_a579867ae1179b9d946e2a0e34a62e830_icgraph.pdf Graphi
c file (type pdf)
<use classGgApp_1_1Window_a579867ae1179b9d946e2a0e34a62e830_icgraph.pdf>
Package pdftex.def Info: classGgApp_1_1Window_a579867ae1179b9d946e2a0e34a62e830
_icgraph.pdf  used on input line 1177.
(pdftex.def)             Requested size: 350.0pt x 93.3401pt.



Package fancyhdr Warning: \headheight is too small (12.0pt): 
(fancyhdr)                Make it at least 12.00003pt, for example:
(fancyhdr)                \setlength{\headheight}{12.00003pt}.
(fancyhdr)                You might also make \topmargin smaller:
(fancyhdr)                \addtolength{\topmargin}{-0.00003pt}.

[406]
Underfull \hbox (badness 10000) detected at line 1188
[][][]
 []

 <./classGgApp_1_1Window_ab052f671422136d5ff1d45192ba5b632_cgraph.pdf>
<classGgApp_1_1Window_ab052f671422136d5ff1d45192ba5b632_cgraph.pdf, id=19692, 4
14.54875pt x 100.375pt>
File: classGgApp_1_1Window_ab052f671422136d5ff1d45192ba5b632_cgraph.pdf Graphic
 file (type pdf)
<use classGgApp_1_1Window_ab052f671422136d5ff1d45192ba5b632_cgraph.pdf>
Package pdftex.def Info: classGgApp_1_1Window_ab052f671422136d5ff1d45192ba5b632
_cgraph.pdf  used on input line 1200.
(pdftex.def)             Requested size: 350.0pt x 84.74785pt.
> Step: init table outer spec.
> Step: parse table options.
> Step: split table.
> Step: init table inner spec.
> Step: parse table inner spec.
> Step: execute table commands.
> Step: calculate cell and line sizes.
> Step: build the whole table.
> Step: init table outer spec.
> Step: parse table options.
> Step: split table.
> Step: init table inner spec.
> Step: parse table inner spec.
> Step: execute table commands.
> Step: calculate cell and line sizes.
> Step: build the whole table.

Underfull \hbox (badness 10000) detected at line 1216
[][][]
 []

 <./classGgApp_1_1Window_aee308edd9b401ca148f3b28fc7f77774_cgraph.pdf>
<classGgApp_1_1Window_aee308edd9b401ca148f3b28fc7f77774_cgraph.pdf, id=19702, 4
73.77pt x 100.375pt>
File: classGgApp_1_1Window_aee308edd9b401ca148f3b28fc7f77774_cgraph.pdf Graphic
 file (type pdf)
<use classGgApp_1_1Window_aee308edd9b401ca148f3b28fc7f77774_cgraph.pdf>
Package pdftex.def Info: classGgApp_1_1Window_aee308edd9b401ca148f3b28fc7f77774
_cgraph.pdf  used on input line 1224.
(pdftex.def)             Requested size: 350.0pt x 74.15532pt.



Package fancyhdr Warning: \headheight is too small (12.0pt): 
(fancyhdr)                Make it at least 12.00003pt, for example:
(fancyhdr)                \setlength{\headheight}{12.00003pt}.
(fancyhdr)                You might also make \topmargin smaller:
(fancyhdr)                \addtolength{\topmargin}{-0.00003pt}.

[407]
> Step: init table outer spec.
> Step: parse table options.
> Step: split table.
> Step: init table inner spec.
> Step: parse table inner spec.
> Step: execute table commands.
> Step: calculate cell and line sizes.
> Step: build the whole table.
> Step: init table outer spec.
> Step: parse table options.
> Step: split table.
> Step: init table inner spec.
> Step: parse table inner spec.
> Step: execute table commands.
> Step: calculate cell and line sizes.
> Step: build the whole table.

Underfull \hbox (badness 10000) detected at line 1240
[][][]
 []

 <./classGgApp_1_1Window_aef9e99ba94850865b2b95e99fbe6b812_cgraph.pdf>
<classGgApp_1_1Window_aef9e99ba94850865b2b95e99fbe6b812_cgraph.pdf, id=19725, 4
73.77pt x 100.375pt>
File: classGgApp_1_1Window_aef9e99ba94850865b2b95e99fbe6b812_cgraph.pdf Graphic
 file (type pdf)
<use classGgApp_1_1Window_aef9e99ba94850865b2b95e99fbe6b812_cgraph.pdf>
Package pdftex.def Info: classGgApp_1_1Window_aef9e99ba94850865b2b95e99fbe6b812
_cgraph.pdf  used on input line 1252.
(pdftex.def)             Requested size: 350.0pt x 74.15532pt.
 <./classGgApp_1_1Window_a7931a21c03bd1865a90f7b05964f7cdc_cgraph.pdf>
<classGgApp_1_1Window_a7931a21c03bd1865a90f7b05964f7cdc_cgraph.pdf, id=19735, 3
95.4775pt x 138.5175pt>
File: classGgApp_1_1Window_a7931a21c03bd1865a90f7b05964f7cdc_cgraph.pdf Graphic
 file (type pdf)
<use classGgApp_1_1Window_a7931a21c03bd1865a90f7b05964f7cdc_cgraph.pdf>
Package pdftex.def Info: classGgApp_1_1Window_a7931a21c03bd1865a90f7b05964f7cdc
_cgraph.pdf  used on input line 1270.
(pdftex.def)             Requested size: 350.0pt x 122.59114pt.


LaTeX Font Info:    Font shape `OT1/phv/m/n' will be
(Font)              scaled to size 8.99994pt on input line 1279.
LaTeX Font Info:    Font shape `OT1/phv/m/n' will be
(Font)              scaled to size 8.99994pt on input line 1279.
LaTeX Font Info:    Font shape `OT1/phv/m/n' will be
(Font)              scaled to size 8.99994pt on input line 1279.
LaTeX Font Info:    Font shape `OT1/phv/b/n' will be
(Font)              scaled to size 8.99994pt on input line 1279.
LaTeX Font Info:    Font shape `OT1/phv/b/n' will be
(Font)              scaled to size 8.99994pt on input line 1279.

Package fancyhdr Warning: \headheight is too small (12.0pt): 
(fancyhdr)                Make it at least 12.00003pt, for example:
(fancyhdr)                \setlength{\headheight}{12.00003pt}.
(fancyhdr)                You might also make \topmargin smaller:
(fancyhdr)                \addtolength{\topmargin}{-0.00003pt}.

LaTeX Font Info:    Font shape `OT1/phv/m/n' will be
(Font)              scaled to size 8.99994pt on input line 1279.
LaTeX Font Info:    Font shape `OT1/phv/b/n' will be
(Font)              scaled to size 8.99994pt on input line 1279.
LaTeX Font Info:    Font shape `OT1/phv/b/n' will be
(Font)              scaled to size 6.29996pt on input line 1279.
LaTeX Font Info:    Font shape `OT1/phv/b/n' will be
(Font)              scaled to size 6.29996pt on input line 1279.
[408] <./classGgApp_1_1Window_aa0e5bf92c55529a7ac9b5722528ae2b6_icgraph.pdf>
<classGgApp_1_1Window_aa0e5bf92c55529a7ac9b5722528ae2b6_icgraph.pdf, id=19756, 
384.43625pt x 100.375pt>
File: classGgApp_1_1Window_aa0e5bf92c55529a7ac9b5722528ae2b6_icgraph.pdf Graphi
c file (type pdf)
<use classGgApp_1_1Window_aa0e5bf92c55529a7ac9b5722528ae2b6_icgraph.pdf>
Package pdftex.def Info: classGgApp_1_1Window_aa0e5bf92c55529a7ac9b5722528ae2b6
_icgraph.pdf  used on input line 1288.
(pdftex.def)             Requested size: 350.0pt x 91.39038pt.
 <./classGgApp_1_1Window_a7fbe5cd9550549cce2eb0c148653ac39_icgraph.pdf>
<classGgApp_1_1Window_a7fbe5cd9550549cce2eb0c148653ac39_icgraph.pdf, id=19766, 
395.4775pt x 100.375pt>
File: classGgApp_1_1Window_a7fbe5cd9550549cce2eb0c148653ac39_icgraph.pdf Graphi
c file (type pdf)
<use classGgApp_1_1Window_a7fbe5cd9550549cce2eb0c148653ac39_icgraph.pdf>
Package pdftex.def Info: classGgApp_1_1Window_a7fbe5cd9550549cce2eb0c148653ac39
_icgraph.pdf  used on input line 1306.
(pdftex.def)             Requested size: 350.0pt x 88.83415pt.
 <./classGgApp_1_1Window_a515578a995bb8d3e37ce1767f4095efd_icgraph.pdf>
<classGgApp_1_1Window_a515578a995bb8d3e37ce1767f4095efd_icgraph.pdf, id=19776, 
439.6425pt x 100.375pt>
File: classGgApp_1_1Window_a515578a995bb8d3e37ce1767f4095efd_icgraph.pdf Graphi
c file (type pdf)
<use classGgApp_1_1Window_a515578a995bb8d3e37ce1767f4095efd_icgraph.pdf>
Package pdftex.def Info: classGgApp_1_1Window_a515578a995bb8d3e37ce1767f4095efd
_icgraph.pdf  used on input line 1324.
(pdftex.def)             Requested size: 350.0pt x 79.91107pt.
> Step: init table outer spec.
> Step: parse table options.
> Step: split table.
> Step: init table inner spec.
> Step: parse table inner spec.
> Step: execute table commands.
> Step: calculate cell and line sizes.
> Step: build the whole table.
> Step: init table outer spec.
> Step: parse table options.
> Step: split table.
> Step: init table inner spec.
> Step: parse table inner spec.
> Step: execute table commands.
> Step: calculate cell and line sizes.
> Step: build the whole table.



Package fancyhdr Warning: \headheight is too small (12.0pt): 
(fancyhdr)                Make it at least 12.00003pt, for example:
(fancyhdr)                \setlength{\headheight}{12.00003pt}.
(fancyhdr)                You might also make \topmargin smaller:
(fancyhdr)                \addtolength{\topmargin}{-0.00003pt}.

[409]
> Step: init table outer spec.
> Step: parse table options.
> Step: split table.
> Step: init table inner spec.
> Step: parse table inner spec.
> Step: execute table commands.
> Step: calculate cell and line sizes.
> Step: build the whole table.
> Step: init table outer spec.
> Step: parse table options.
> Step: split table.
> Step: init table inner spec.
> Step: parse table inner spec.
> Step: execute table commands.
> Step: calculate cell and line sizes.
> Step: build the whole table.

Underfull \hbox (badness 10000) in paragraph at lines 1365--1366
|  \OT1/pcr/m/n/8 void($\OMS/cmsy/m/n/8 ^^C$ \OT1/pcr/m/sl/8 func \OT1/pcr/m/n/
8 )(const [] $\OMS/cmsy/m/n/8 ^^C$\OT1/pcr/m/n/8 window, int key, int scancode,
 int action, int mods))
 []

> Step: init table outer spec.
> Step: parse table options.
> Step: split table.
> Step: init table inner spec.
> Step: parse table inner spec.
> Step: execute table commands.
> Step: calculate cell and line sizes.
> Step: build the whole table.
> Step: init table outer spec.
> Step: parse table options.
> Step: split table.
> Step: init table inner spec.
> Step: parse table inner spec.
> Step: execute table commands.
> Step: calculate cell and line sizes.
> Step: build the whole table.
 <./classGgApp_1_1Window_a3f03a692bf813089182b2331262265a6_cgraph.pdf>
<classGgApp_1_1Window_a3f03a692bf813089182b2331262265a6_cgraph.pdf, id=19803, 5
08.90125pt x 100.375pt>
File: classGgApp_1_1Window_a3f03a692bf813089182b2331262265a6_cgraph.pdf Graphic
 file (type pdf)
<use classGgApp_1_1Window_a3f03a692bf813089182b2331262265a6_cgraph.pdf>
Package pdftex.def Info: classGgApp_1_1Window_a3f03a692bf813089182b2331262265a6
_cgraph.pdf  used on input line 1383.
(pdftex.def)             Requested size: 350.0pt x 69.03673pt.
> Step: init table outer spec.
> Step: parse table options.
> Step: split table.
> Step: init table inner spec.
> Step: parse table inner spec.
> Step: execute table commands.
> Step: calculate cell and line sizes.
> Step: build the whole table.
> Step: init table outer spec.
> Step: parse table options.
> Step: split table.
> Step: init table inner spec.
> Step: parse table inner spec.
> Step: execute table commands.
> Step: calculate cell and line sizes.
> Step: build the whole table.
 <./classGgApp_1_1Window_a3be62ffb0be6016f7ce531755667730b_cgraph.pdf>
<classGgApp_1_1Window_a3be62ffb0be6016f7ce531755667730b_cgraph.pdf, id=19814, 4
96.85625pt x 100.375pt>
File: classGgApp_1_1Window_a3be62ffb0be6016f7ce531755667730b_cgraph.pdf Graphic
 file (type pdf)
<use classGgApp_1_1Window_a3be62ffb0be6016f7ce531755667730b_cgraph.pdf>
Package pdftex.def Info: classGgApp_1_1Window_a3be62ffb0be6016f7ce531755667730b
_cgraph.pdf  used on input line 1408.
(pdftex.def)             Requested size: 350.0pt x 70.7077pt.



Package fancyhdr Warning: \headheight is too small (12.0pt): 
(fancyhdr)                Make it at least 12.00003pt, for example:
(fancyhdr)                \setlength{\headheight}{12.00003pt}.
(fancyhdr)                You might also make \topmargin smaller:
(fancyhdr)                \addtolength{\topmargin}{-0.00003pt}.

[410]
> Step: init table outer spec.
> Step: parse table options.
> Step: split table.
> Step: init table inner spec.
> Step: parse table inner spec.
> Step: execute table commands.
> Step: calculate cell and line sizes.
> Step: build the whole table.
> Step: init table outer spec.
> Step: parse table options.
> Step: split table.
> Step: init table inner spec.
> Step: parse table inner spec.
> Step: execute table commands.
> Step: calculate cell and line sizes.
> Step: build the whole table.
 <./classGgApp_1_1Window_ad40d89ff090cf184882fab3048a323d0_cgraph.pdf>
<classGgApp_1_1Window_ad40d89ff090cf184882fab3048a323d0_cgraph.pdf, id=19839, 4
97.86pt x 100.375pt>
File: classGgApp_1_1Window_ad40d89ff090cf184882fab3048a323d0_cgraph.pdf Graphic
 file (type pdf)
<use classGgApp_1_1Window_ad40d89ff090cf184882fab3048a323d0_cgraph.pdf>
Package pdftex.def Info: classGgApp_1_1Window_ad40d89ff090cf184882fab3048a323d0
_cgraph.pdf  used on input line 1433.
(pdftex.def)             Requested size: 350.0pt x 70.56526pt.
> Step: init table outer spec.
> Step: parse table options.
> Step: split table.
> Step: init table inner spec.
> Step: parse table inner spec.
> Step: execute table commands.
> Step: calculate cell and line sizes.
> Step: build the whole table.
> Step: init table outer spec.
> Step: parse table options.
> Step: split table.
> Step: init table inner spec.
> Step: parse table inner spec.
> Step: execute table commands.
> Step: calculate cell and line sizes.
> Step: build the whole table.
> Step: init table outer spec.
> Step: parse table options.
> Step: split table.
> Step: init table inner spec.
> Step: parse table inner spec.
> Step: execute table commands.
> Step: calculate cell and line sizes.
> Step: build the whole table.
> Step: init table outer spec.
> Step: parse table options.
> Step: split table.
> Step: init table inner spec.
> Step: parse table inner spec.
> Step: execute table commands.
> Step: calculate cell and line sizes.
> Step: build the whole table.



Package fancyhdr Warning: \headheight is too small (12.0pt): 
(fancyhdr)                Make it at least 12.00003pt, for example:
(fancyhdr)                \setlength{\headheight}{12.00003pt}.
(fancyhdr)                You might also make \topmargin smaller:
(fancyhdr)                \addtolength{\topmargin}{-0.00003pt}.

[411]
> Step: init table outer spec.
> Step: parse table options.
> Step: split table.
> Step: init table inner spec.
> Step: parse table inner spec.
> Step: execute table commands.
> Step: calculate cell and line sizes.
> Step: build the whole table.
> Step: init table outer spec.
> Step: parse table options.
> Step: split table.
> Step: init table inner spec.
> Step: parse table inner spec.
> Step: execute table commands.
> Step: calculate cell and line sizes.
> Step: build the whole table.
 <./classGgApp_1_1Window_a658fd07bb623e4e6e0745211d1870e46_cgraph.pdf>
<classGgApp_1_1Window_a658fd07bb623e4e6e0745211d1870e46_cgraph.pdf, id=19866, 4
94.84875pt x 100.375pt>
File: classGgApp_1_1Window_a658fd07bb623e4e6e0745211d1870e46_cgraph.pdf Graphic
 file (type pdf)
<use classGgApp_1_1Window_a658fd07bb623e4e6e0745211d1870e46_cgraph.pdf>
Package pdftex.def Info: classGgApp_1_1Window_a658fd07bb623e4e6e0745211d1870e46
_cgraph.pdf  used on input line 1496.
(pdftex.def)             Requested size: 350.0pt x 70.99411pt.

Underfull \hbox (badness 10000) detected at line 1507
[][][]
 []

 <./classGgApp_1_1Window_aa8401b4de974f114d3fb9d1ecac74eb9_icgraph.pdf>
<classGgApp_1_1Window_aa8401b4de974f114d3fb9d1ecac74eb9_icgraph.pdf, id=19876, 
414.54875pt x 100.375pt>
File: classGgApp_1_1Window_aa8401b4de974f114d3fb9d1ecac74eb9_icgraph.pdf Graphi
c file (type pdf)
<use classGgApp_1_1Window_aa8401b4de974f114d3fb9d1ecac74eb9_icgraph.pdf>
Package pdftex.def Info: classGgApp_1_1Window_aa8401b4de974f114d3fb9d1ecac74eb9
_icgraph.pdf  used on input line 1519.
(pdftex.def)             Requested size: 350.0pt x 84.74785pt.
 <./classGgApp_1_1Window_a19ae0ed75fc177b2a0672fc2af3c78a4_icgraph.pdf>
<classGgApp_1_1Window_a19ae0ed75fc177b2a0672fc2af3c78a4_icgraph.pdf, id=19886, 
410.53375pt x 100.375pt>
File: classGgApp_1_1Window_a19ae0ed75fc177b2a0672fc2af3c78a4_icgraph.pdf Graphi
c file (type pdf)
<use classGgApp_1_1Window_a19ae0ed75fc177b2a0672fc2af3c78a4_icgraph.pdf>
Package pdftex.def Info: classGgApp_1_1Window_a19ae0ed75fc177b2a0672fc2af3c78a4
_icgraph.pdf  used on input line 1537.
(pdftex.def)             Requested size: 350.0pt x 85.57338pt.



Package fancyhdr Warning: \headheight is too small (12.0pt): 
(fancyhdr)                Make it at least 12.00003pt, for example:
(fancyhdr)                \setlength{\headheight}{12.00003pt}.
(fancyhdr)                You might also make \topmargin smaller:
(fancyhdr)                \addtolength{\topmargin}{-0.00003pt}.

[412] <./classGgApp_1_1Window_a6b349c4887749cd9e5c6e655a0eea865_cgraph.pdf>
<classGgApp_1_1Window_a6b349c4887749cd9e5c6e655a0eea865_cgraph.pdf, id=19909, 4
39.6425pt x 100.375pt>
File: classGgApp_1_1Window_a6b349c4887749cd9e5c6e655a0eea865_cgraph.pdf Graphic
 file (type pdf)
<use classGgApp_1_1Window_a6b349c4887749cd9e5c6e655a0eea865_cgraph.pdf>
Package pdftex.def Info: classGgApp_1_1Window_a6b349c4887749cd9e5c6e655a0eea865
_cgraph.pdf  used on input line 1555.
(pdftex.def)             Requested size: 350.0pt x 79.91107pt.
)


Package fancyhdr Warning: \headheight is too small (12.0pt): 
(fancyhdr)                Make it at least 12.00003pt, for example:
(fancyhdr)                \setlength{\headheight}{12.00003pt}.
(fancyhdr)                You might also make \topmargin smaller:
(fancyhdr)                \addtolength{\topmargin}{-0.00003pt}.

[413]


Package fancyhdr Warning: \headheight is too small (12.0pt): 
(fancyhdr)                Make it at least 12.00003pt, for example:
(fancyhdr)                \setlength{\headheight}{12.00003pt}.
(fancyhdr)                You might also make \topmargin smaller:
(fancyhdr)                \addtolength{\topmargin}{-0.00003pt}.

[414

]
Chapter 10.
(./Config_8cpp.tex <./Config_8cpp__incl.pdf>
<Config_8cpp__incl.pdf, id=19932, 547.04375pt x 325.215pt>
File: Config_8cpp__incl.pdf Graphic file (type pdf)
<use Config_8cpp__incl.pdf>
Package pdftex.def Info: Config_8cpp__incl.pdf  used on input line 10.
(pdftex.def)             Requested size: 350.0pt x 208.07733pt.

Underfull \hbox (badness 10000) detected at line 23
[][][]
 []


Underfull \hbox (badness 10000) detected at line 26
[][][]
 []



LaTeX Font Info:    Font shape `OT1/phv/m/n' will be
(Font)              scaled to size 8.99994pt on input line 44.
LaTeX Font Info:    Font shape `OT1/phv/m/n' will be
(Font)              scaled to size 8.99994pt on input line 44.
LaTeX Font Info:    Font shape `OT1/phv/m/n' will be
(Font)              scaled to size 8.99994pt on input line 44.
LaTeX Font Info:    Font shape `OT1/phv/m/n' will be
(Font)              scaled to size 8.99994pt on input line 44.
LaTeX Font Info:    Font shape `OT1/phv/b/n' will be
(Font)              scaled to size 8.99994pt on input line 44.
LaTeX Font Info:    Font shape `OT1/phv/b/n' will be
(Font)              scaled to size 6.29996pt on input line 44.
LaTeX Font Info:    Font shape `OT1/phv/b/n' will be
(Font)              scaled to size 6.29996pt on input line 44.
[415]) (./Config_8cpp_source.tex


Package fancyhdr Warning: \headheight is too small (12.0pt): 
(fancyhdr)                Make it at least 12.00003pt, for example:
(fancyhdr)                \setlength{\headheight}{12.00003pt}.
(fancyhdr)                You might also make \topmargin smaller:
(fancyhdr)                \addtolength{\topmargin}{-0.00003pt}.

[416]) (./Config_8h.tex <./Config_8h__incl.pdf>
<Config_8h__incl.pdf, id=20061, 547.04375pt x 269.005pt>
File: Config_8h__incl.pdf Graphic file (type pdf)
<use Config_8h__incl.pdf>
Package pdftex.def Info: Config_8h__incl.pdf  used on input line 10.
(pdftex.def)             Requested size: 350.0pt x 172.11334pt.


[417] <./Config_8h__dep__incl.pdf>
<Config_8h__dep__incl.pdf, id=20165, 282.05376pt x 212.795pt>
File: Config_8h__dep__incl.pdf Graphic file (type pdf)
<use Config_8h__dep__incl.pdf>
Package pdftex.def Info: Config_8h__dep__incl.pdf  used on input line 18.
(pdftex.def)             Requested size: 281.0pt x 212.01518pt.

Underfull \hbox (badness 10000) detected at line 31
[][][]
 []


Underfull \hbox (badness 10000) detected at line 34
[][][]
 []

) (./Config_8h_source.tex


Package fancyhdr Warning: \headheight is too small (12.0pt): 
(fancyhdr)                Make it at least 12.00003pt, for example:
(fancyhdr)                \setlength{\headheight}{12.00003pt}.
(fancyhdr)                You might also make \topmargin smaller:
(fancyhdr)                \addtolength{\topmargin}{-0.00003pt}.

[418]) (./gg_8cpp.tex <./gg_8cpp__incl.pdf>
<gg_8cpp__incl.pdf, id=20200, 435.6275pt x 212.795pt>
File: gg_8cpp__incl.pdf Graphic file (type pdf)
<use gg_8cpp__incl.pdf>
Package pdftex.def Info: gg_8cpp__incl.pdf  used on input line 9.
(pdftex.def)             Requested size: 350.0pt x 170.96678pt.


[419]
Underfull \hbox (badness 10000) detected at line 17
[][][]
 []


Underfull \hbox (badness 10000) detected at line 20
[][][]
 []

) (./gg_8cpp_source.tex


Package fancyhdr Warning: \headheight is too small (12.0pt): 
(fancyhdr)                Make it at least 12.00003pt, for example:
(fancyhdr)                \setlength{\headheight}{12.00003pt}.
(fancyhdr)                You might also make \topmargin smaller:
(fancyhdr)                \addtolength{\topmargin}{-0.00003pt}.

[420]

[421]


Package fancyhdr Warning: \headheight is too small (12.0pt): 
(fancyhdr)                Make it at least 12.00003pt, for example:
(fancyhdr)                \setlength{\headheight}{12.00003pt}.
(fancyhdr)                You might also make \topmargin smaller:
(fancyhdr)                \addtolength{\topmargin}{-0.00003pt}.

[422]

[423]


Package fancyhdr Warning: \headheight is too small (12.0pt): 
(fancyhdr)                Make it at least 12.00003pt, for example:
(fancyhdr)                \setlength{\headheight}{12.00003pt}.
(fancyhdr)                You might also make \topmargin smaller:
(fancyhdr)                \addtolength{\topmargin}{-0.00003pt}.

[424]

[425]


Package fancyhdr Warning: \headheight is too small (12.0pt): 
(fancyhdr)                Make it at least 12.00003pt, for example:
(fancyhdr)                \setlength{\headheight}{12.00003pt}.
(fancyhdr)                You might also make \topmargin smaller:
(fancyhdr)                \addtolength{\topmargin}{-0.00003pt}.

[426]

[427]


Package fancyhdr Warning: \headheight is too small (12.0pt): 
(fancyhdr)                Make it at least 12.00003pt, for example:
(fancyhdr)                \setlength{\headheight}{12.00003pt}.
(fancyhdr)                You might also make \topmargin smaller:
(fancyhdr)                \addtolength{\topmargin}{-0.00003pt}.

[428]

[429]


Package fancyhdr Warning: \headheight is too small (12.0pt): 
(fancyhdr)                Make it at least 12.00003pt, for example:
(fancyhdr)                \setlength{\headheight}{12.00003pt}.
(fancyhdr)                You might also make \topmargin smaller:
(fancyhdr)                \addtolength{\topmargin}{-0.00003pt}.

[430]

[431]


Package fancyhdr Warning: \headheight is too small (12.0pt): 
(fancyhdr)                Make it at least 12.00003pt, for example:
(fancyhdr)                \setlength{\headheight}{12.00003pt}.
(fancyhdr)                You might also make \topmargin smaller:
(fancyhdr)                \addtolength{\topmargin}{-0.00003pt}.

[432]

[433]


Package fancyhdr Warning: \headheight is too small (12.0pt): 
(fancyhdr)                Make it at least 12.00003pt, for example:
(fancyhdr)                \setlength{\headheight}{12.00003pt}.
(fancyhdr)                You might also make \topmargin smaller:
(fancyhdr)                \addtolength{\topmargin}{-0.00003pt}.

[434]

[435]
Overfull \hbox (15.15555pt too wide) in paragraph at lines 1356--1356
\OT1/pcr/m/n/7 PFNGLAPPLYFRAMEBUFFERATTACHMENTCMAAINTELPROC(glfwGetProcAddress(
[]"glApplyFramebufferAttachmentCMAAINTEL"[]));  
 []




Package fancyhdr Warning: \headheight is too small (12.0pt): 
(fancyhdr)                Make it at least 12.00003pt, for example:
(fancyhdr)                \setlength{\headheight}{12.00003pt}.
(fancyhdr)                You might also make \topmargin smaller:
(fancyhdr)                \addtolength{\topmargin}{-0.00003pt}.

[436]

[437]


Package fancyhdr Warning: \headheight is too small (12.0pt): 
(fancyhdr)                Make it at least 12.00003pt, for example:
(fancyhdr)                \setlength{\headheight}{12.00003pt}.
(fancyhdr)                You might also make \topmargin smaller:
(fancyhdr)                \addtolength{\topmargin}{-0.00003pt}.

[438]
Overfull \hbox (82.3555pt too wide) in paragraph at lines 1578--1578
\OT1/pcr/m/n/7 PFNGLDRAWELEMENTSINSTANCEDBASEVERTEXBASEINSTANCEPROC(glfwGetProc
Address([]"glDrawElementsInstancedBaseVertexBaseInstance"[]));  
 []



[439]
Overfull \hbox (23.55554pt too wide) in paragraph at lines 1585--1585
\OT1/pcr/m/n/7 PFNGLDRAWTRANSFORMFEEDBACKSTREAMINSTANCEDPROC(glfwGetProcAddress
([]"glDrawTransformFeedbackStreamInstanced"[]));  
 []




Package fancyhdr Warning: \headheight is too small (12.0pt): 
(fancyhdr)                Make it at least 12.00003pt, for example:
(fancyhdr)                \setlength{\headheight}{12.00003pt}.
(fancyhdr)                You might also make \topmargin smaller:
(fancyhdr)                \addtolength{\topmargin}{-0.00003pt}.

[440]
Overfull \hbox (15.15555pt too wide) in paragraph at lines 1686--1686
\OT1/pcr/m/n/7 PFNGLGETFRAMEBUFFERATTACHMENTPARAMETERIVPROC(glfwGetProcAddress(
[]"glGetFramebufferAttachmentParameteriv"[]));  
 []



[441]
Overfull \hbox (57.15552pt too wide) in paragraph at lines 1724--1724
\OT1/pcr/m/n/7 PFNGLGETNAMEDFRAMEBUFFERATTACHMENTPARAMETERIVPROC(glfwGetProcAdd
ress([]"glGetNamedFramebufferAttachmentParameteriv"[]));  
 []


Overfull \hbox (82.3555pt too wide) in paragraph at lines 1725--1725
\OT1/pcr/m/n/7 PFNGLGETNAMEDFRAMEBUFFERATTACHMENTPARAMETERIVEXTPROC(glfwGetProc
Address([]"glGetNamedFramebufferAttachmentParameterivEXT"[]));  
 []


Overfull \hbox (15.15555pt too wide) in paragraph at lines 1728--1728
\OT1/pcr/m/n/7 PFNGLGETNAMEDPROGRAMLOCALPARAMETERIIVEXTPROC(glfwGetProcAddress(
[]"glGetNamedProgramLocalParameterIivEXT"[]));  
 []


Overfull \hbox (23.55554pt too wide) in paragraph at lines 1729--1729
\OT1/pcr/m/n/7 PFNGLGETNAMEDPROGRAMLOCALPARAMETERIUIVEXTPROC(glfwGetProcAddress
([]"glGetNamedProgramLocalParameterIuivEXT"[]));  
 []




Package fancyhdr Warning: \headheight is too small (12.0pt): 
(fancyhdr)                Make it at least 12.00003pt, for example:
(fancyhdr)                \setlength{\headheight}{12.00003pt}.
(fancyhdr)                You might also make \topmargin smaller:
(fancyhdr)                \addtolength{\topmargin}{-0.00003pt}.

[442]

[443]


Package fancyhdr Warning: \headheight is too small (12.0pt): 
(fancyhdr)                Make it at least 12.00003pt, for example:
(fancyhdr)                \setlength{\headheight}{12.00003pt}.
(fancyhdr)                You might also make \topmargin smaller:
(fancyhdr)                \addtolength{\topmargin}{-0.00003pt}.

[444]

[445]
Overfull \hbox (40.35553pt too wide) in paragraph at lines 1970--1970
\OT1/pcr/m/n/7 PFNGLMULTIDRAWARRAYSINDIRECTBINDLESSCOUNTNVPROC(glfwGetProcAddre
ss([]"glMultiDrawArraysIndirectBindlessCountNV"[]));  
 []


Overfull \hbox (57.15552pt too wide) in paragraph at lines 1976--1976
\OT1/pcr/m/n/7 PFNGLMULTIDRAWELEMENTSINDIRECTBINDLESSCOUNTNVPROC(glfwGetProcAdd
ress([]"glMultiDrawElementsIndirectBindlessCountNV"[]));  
 []


Overfull \hbox (15.15555pt too wide) in paragraph at lines 1977--1977
\OT1/pcr/m/n/7 PFNGLMULTIDRAWELEMENTSINDIRECTBINDLESSNVPROC(glfwGetProcAddress(
[]"glMultiDrawElementsIndirectBindlessNV"[]));  
 []




Package fancyhdr Warning: \headheight is too small (12.0pt): 
(fancyhdr)                Make it at least 12.00003pt, for example:
(fancyhdr)                \setlength{\headheight}{12.00003pt}.
(fancyhdr)                You might also make \topmargin smaller:
(fancyhdr)                \addtolength{\topmargin}{-0.00003pt}.

[446]
Overfull \hbox (23.55554pt too wide) in paragraph at lines 2020--2020
\OT1/pcr/m/n/7 PFNGLNAMEDFRAMEBUFFERSAMPLELOCATIONSFVARBPROC(glfwGetProcAddress
([]"glNamedFramebufferSampleLocationsfvARB"[]));  
 []


Overfull \hbox (15.15555pt too wide) in paragraph at lines 2021--2021
\OT1/pcr/m/n/7 PFNGLNAMEDFRAMEBUFFERSAMPLELOCATIONSFVNVPROC(glfwGetProcAddress(
[]"glNamedFramebufferSampleLocationsfvNV"[]));  
 []



[447]
Overfull \hbox (15.15555pt too wide) in paragraph at lines 2040--2040
\OT1/pcr/m/n/7 PFNGLNAMEDPROGRAMLOCALPARAMETERSI4UIVEXTPROC(glfwGetProcAddress(
[]"glNamedProgramLocalParametersI4uivEXT"[]));  
 []


Overfull \hbox (15.15555pt too wide) in paragraph at lines 2044--2044
\OT1/pcr/m/n/7 PFNGLNAMEDRENDERBUFFERSTORAGEMULTISAMPLEPROC(glfwGetProcAddress(
[]"glNamedRenderbufferStorageMultisample"[]));  
 []


Overfull \hbox (107.55548pt too wide) in paragraph at lines 2045--2045
\OT1/pcr/m/n/7 PFNGLNAMEDRENDERBUFFERSTORAGEMULTISAMPLECOVERAGEEXTPROC(glfwGetP
rocAddress([]"glNamedRenderbufferStorageMultisampleCoverageEXT"[]));  
 []


Overfull \hbox (40.35553pt too wide) in paragraph at lines 2046--2046
\OT1/pcr/m/n/7 PFNGLNAMEDRENDERBUFFERSTORAGEMULTISAMPLEEXTPROC(glfwGetProcAddre
ss([]"glNamedRenderbufferStorageMultisampleEXT"[]));  
 []




Package fancyhdr Warning: \headheight is too small (12.0pt): 
(fancyhdr)                Make it at least 12.00003pt, for example:
(fancyhdr)                \setlength{\headheight}{12.00003pt}.
(fancyhdr)                You might also make \topmargin smaller:
(fancyhdr)                \addtolength{\topmargin}{-0.00003pt}.

[448]

[449]


Package fancyhdr Warning: \headheight is too small (12.0pt): 
(fancyhdr)                Make it at least 12.00003pt, for example:
(fancyhdr)                \setlength{\headheight}{12.00003pt}.
(fancyhdr)                You might also make \topmargin smaller:
(fancyhdr)                \addtolength{\topmargin}{-0.00003pt}.

[450]
Overfull \hbox (57.15552pt too wide) in paragraph at lines 2242--2242
\OT1/pcr/m/n/7 PFNGLRENDERBUFFERSTORAGEMULTISAMPLECOVERAGENVPROC(glfwGetProcAdd
ress([]"glRenderbufferStorageMultisampleCoverageNV"[]));  
 []



[451]
Overfull \hbox (15.15555pt too wide) in paragraph at lines 2276--2276
\OT1/pcr/m/n/7 PFNGLSTENCILTHENCOVERFILLPATHINSTANCEDNVPROC(glfwGetProcAddress(
[]"glStencilThenCoverFillPathInstancedNV"[]));  
 []


Overfull \hbox (31.95554pt too wide) in paragraph at lines 2278--2278
\OT1/pcr/m/n/7 PFNGLSTENCILTHENCOVERSTROKEPATHINSTANCEDNVPROC(glfwGetProcAddres
s([]"glStencilThenCoverStrokePathInstancedNV"[]));  
 []




Package fancyhdr Warning: \headheight is too small (12.0pt): 
(fancyhdr)                Make it at least 12.00003pt, for example:
(fancyhdr)                \setlength{\headheight}{12.00003pt}.
(fancyhdr)                You might also make \topmargin smaller:
(fancyhdr)                \addtolength{\topmargin}{-0.00003pt}.

[452]

[453]


Package fancyhdr Warning: \headheight is too small (12.0pt): 
(fancyhdr)                Make it at least 12.00003pt, for example:
(fancyhdr)                \setlength{\headheight}{12.00003pt}.
(fancyhdr)                You might also make \topmargin smaller:
(fancyhdr)                \addtolength{\topmargin}{-0.00003pt}.

[454]

[455]


Package fancyhdr Warning: \headheight is too small (12.0pt): 
(fancyhdr)                Make it at least 12.00003pt, for example:
(fancyhdr)                \setlength{\headheight}{12.00003pt}.
(fancyhdr)                You might also make \topmargin smaller:
(fancyhdr)                \addtolength{\topmargin}{-0.00003pt}.

[456]

[457]

Package textcomp Warning: Symbol \textleftarrow not provided by
(textcomp)                font family pcr in TS1 encoding.
(textcomp)                Default family used instead on input line 2700.

LaTeX Font Info:    Trying to load font information for TS1+pcr on input line 2
700.
(c:/texlive/2024/texmf-dist/tex/latex/psnfss/ts1pcr.fd
File: ts1pcr.fd 2001/06/04 font definitions for TS1/pcr.
)

Package textcomp Warning: Symbol \textleftarrow not provided by
(textcomp)                font family pcr in TS1 encoding.
(textcomp)                Default family used instead on input line 2711.




Package fancyhdr Warning: \headheight is too small (12.0pt): 
(fancyhdr)                Make it at least 12.00003pt, for example:
(fancyhdr)                \setlength{\headheight}{12.00003pt}.
(fancyhdr)                You might also make \topmargin smaller:
(fancyhdr)                \addtolength{\topmargin}{-0.00003pt}.

[458{c:/texlive/2024/texmf-dist/fonts/enc/dvips/cm-super/cm-super-ts1.enc}]

[459]


Package fancyhdr Warning: \headheight is too small (12.0pt): 
(fancyhdr)                Make it at least 12.00003pt, for example:
(fancyhdr)                \setlength{\headheight}{12.00003pt}.
(fancyhdr)                You might also make \topmargin smaller:
(fancyhdr)                \addtolength{\topmargin}{-0.00003pt}.

[460]

[461]


Package fancyhdr Warning: \headheight is too small (12.0pt): 
(fancyhdr)                Make it at least 12.00003pt, for example:
(fancyhdr)                \setlength{\headheight}{12.00003pt}.
(fancyhdr)                You might also make \topmargin smaller:
(fancyhdr)                \addtolength{\topmargin}{-0.00003pt}.

[462]

[463]


Package fancyhdr Warning: \headheight is too small (12.0pt): 
(fancyhdr)                Make it at least 12.00003pt, for example:
(fancyhdr)                \setlength{\headheight}{12.00003pt}.
(fancyhdr)                You might also make \topmargin smaller:
(fancyhdr)                \addtolength{\topmargin}{-0.00003pt}.

[464]

[465]


Package fancyhdr Warning: \headheight is too small (12.0pt): 
(fancyhdr)                Make it at least 12.00003pt, for example:
(fancyhdr)                \setlength{\headheight}{12.00003pt}.
(fancyhdr)                You might also make \topmargin smaller:
(fancyhdr)                \addtolength{\topmargin}{-0.00003pt}.

[466]

[467]


Package fancyhdr Warning: \headheight is too small (12.0pt): 
(fancyhdr)                Make it at least 12.00003pt, for example:
(fancyhdr)                \setlength{\headheight}{12.00003pt}.
(fancyhdr)                You might also make \topmargin smaller:
(fancyhdr)                \addtolength{\topmargin}{-0.00003pt}.

[468]

[469]


Package fancyhdr Warning: \headheight is too small (12.0pt): 
(fancyhdr)                Make it at least 12.00003pt, for example:
(fancyhdr)                \setlength{\headheight}{12.00003pt}.
(fancyhdr)                You might also make \topmargin smaller:
(fancyhdr)                \addtolength{\topmargin}{-0.00003pt}.

[470]

[471]


Package fancyhdr Warning: \headheight is too small (12.0pt): 
(fancyhdr)                Make it at least 12.00003pt, for example:
(fancyhdr)                \setlength{\headheight}{12.00003pt}.
(fancyhdr)                You might also make \topmargin smaller:
(fancyhdr)                \addtolength{\topmargin}{-0.00003pt}.

[472]

[473]


Package fancyhdr Warning: \headheight is too small (12.0pt): 
(fancyhdr)                Make it at least 12.00003pt, for example:
(fancyhdr)                \setlength{\headheight}{12.00003pt}.
(fancyhdr)                You might also make \topmargin smaller:
(fancyhdr)                \addtolength{\topmargin}{-0.00003pt}.

[474]

[475]


Package fancyhdr Warning: \headheight is too small (12.0pt): 
(fancyhdr)                Make it at least 12.00003pt, for example:
(fancyhdr)                \setlength{\headheight}{12.00003pt}.
(fancyhdr)                You might also make \topmargin smaller:
(fancyhdr)                \addtolength{\topmargin}{-0.00003pt}.

[476]

[477]


Package fancyhdr Warning: \headheight is too small (12.0pt): 
(fancyhdr)                Make it at least 12.00003pt, for example:
(fancyhdr)                \setlength{\headheight}{12.00003pt}.
(fancyhdr)                You might also make \topmargin smaller:
(fancyhdr)                \addtolength{\topmargin}{-0.00003pt}.

[478]

[479]


Package fancyhdr Warning: \headheight is too small (12.0pt): 
(fancyhdr)                Make it at least 12.00003pt, for example:
(fancyhdr)                \setlength{\headheight}{12.00003pt}.
(fancyhdr)                You might also make \topmargin smaller:
(fancyhdr)                \addtolength{\topmargin}{-0.00003pt}.

[480]

[481]


Package fancyhdr Warning: \headheight is too small (12.0pt): 
(fancyhdr)                Make it at least 12.00003pt, for example:
(fancyhdr)                \setlength{\headheight}{12.00003pt}.
(fancyhdr)                You might also make \topmargin smaller:
(fancyhdr)                \addtolength{\topmargin}{-0.00003pt}.

[482]

[483]


Package fancyhdr Warning: \headheight is too small (12.0pt): 
(fancyhdr)                Make it at least 12.00003pt, for example:
(fancyhdr)                \setlength{\headheight}{12.00003pt}.
(fancyhdr)                You might also make \topmargin smaller:
(fancyhdr)                \addtolength{\topmargin}{-0.00003pt}.

[484]

[485]


Package fancyhdr Warning: \headheight is too small (12.0pt): 
(fancyhdr)                Make it at least 12.00003pt, for example:
(fancyhdr)                \setlength{\headheight}{12.00003pt}.
(fancyhdr)                You might also make \topmargin smaller:
(fancyhdr)                \addtolength{\topmargin}{-0.00003pt}.

[486]

[487]


Package fancyhdr Warning: \headheight is too small (12.0pt): 
(fancyhdr)                Make it at least 12.00003pt, for example:
(fancyhdr)                \setlength{\headheight}{12.00003pt}.
(fancyhdr)                You might also make \topmargin smaller:
(fancyhdr)                \addtolength{\topmargin}{-0.00003pt}.

[488]

[489]


Package fancyhdr Warning: \headheight is too small (12.0pt): 
(fancyhdr)                Make it at least 12.00003pt, for example:
(fancyhdr)                \setlength{\headheight}{12.00003pt}.
(fancyhdr)                You might also make \topmargin smaller:
(fancyhdr)                \addtolength{\topmargin}{-0.00003pt}.

[490]

[491]


Package fancyhdr Warning: \headheight is too small (12.0pt): 
(fancyhdr)                Make it at least 12.00003pt, for example:
(fancyhdr)                \setlength{\headheight}{12.00003pt}.
(fancyhdr)                You might also make \topmargin smaller:
(fancyhdr)                \addtolength{\topmargin}{-0.00003pt}.

[492]

[493]


Package fancyhdr Warning: \headheight is too small (12.0pt): 
(fancyhdr)                Make it at least 12.00003pt, for example:
(fancyhdr)                \setlength{\headheight}{12.00003pt}.
(fancyhdr)                You might also make \topmargin smaller:
(fancyhdr)                \addtolength{\topmargin}{-0.00003pt}.

[494]

[495]) (./gg_8h.tex <./gg_8h__incl.pdf>
<gg_8h__incl.pdf, id=26924, 435.6275pt x 156.585pt>
File: gg_8h__incl.pdf Graphic file (type pdf)
<use gg_8h__incl.pdf>
Package pdftex.def Info: gg_8h__incl.pdf  used on input line 14.
(pdftex.def)             Requested size: 350.0pt x 125.80576pt.



Package fancyhdr Warning: \headheight is too small (12.0pt): 
(fancyhdr)                Make it at least 12.00003pt, for example:
(fancyhdr)                \setlength{\headheight}{12.00003pt}.
(fancyhdr)                You might also make \topmargin smaller:
(fancyhdr)                \addtolength{\topmargin}{-0.00003pt}.

[496] <./gg_8h__dep__incl.pdf>
<gg_8h__dep__incl.pdf, id=27007, 443.6575pt x 325.215pt>
File: gg_8h__dep__incl.pdf Graphic file (type pdf)
<use gg_8h__dep__incl.pdf>
Package pdftex.def Info: gg_8h__dep__incl.pdf  used on input line 22.
(pdftex.def)             Requested size: 350.0pt x 256.55974pt.



Package fancyhdr Warning: \headheight is too small (12.0pt): 
(fancyhdr)                Make it at least 12.00003pt, for example:
(fancyhdr)                \setlength{\headheight}{12.00003pt}.
(fancyhdr)                You might also make \topmargin smaller:
(fancyhdr)                \addtolength{\topmargin}{-0.00003pt}.

[497]


Package fancyhdr Warning: \headheight is too small (12.0pt): 
(fancyhdr)                Make it at least 12.00003pt, for example:
(fancyhdr)                \setlength{\headheight}{12.00003pt}.
(fancyhdr)                You might also make \topmargin smaller:
(fancyhdr)                \addtolength{\topmargin}{-0.00003pt}.

[498]


Package fancyhdr Warning: \headheight is too small (12.0pt): 
(fancyhdr)                Make it at least 12.00003pt, for example:
(fancyhdr)                \setlength{\headheight}{12.00003pt}.
(fancyhdr)                You might also make \topmargin smaller:
(fancyhdr)                \addtolength{\topmargin}{-0.00003pt}.

[499]
Underfull \hbox (badness 949) in paragraph at lines 265--267
[]\OT1/phv/m/n/10 GLuint [] (const std[]::string &name, GL-sizei $\OMS/cmsy/m/n
/10 ^^C$\OT1/phv/m/n/10 p[]Width=nullptr, GL-sizei $\OMS/cmsy/m/n/10 ^^C$\OT1/p
hv/m/n/10 p[]Height=nullptr,
 []


Underfull \hbox (badness 10000) detected at line 311
[][][]
 []


Underfull \hbox (badness 10000) detected at line 314
[][][]
 []




Package fancyhdr Warning: \headheight is too small (12.0pt): 
(fancyhdr)                Make it at least 12.00003pt, for example:
(fancyhdr)                \setlength{\headheight}{12.00003pt}.
(fancyhdr)                You might also make \topmargin smaller:
(fancyhdr)                \addtolength{\topmargin}{-0.00003pt}.

[500]
Underfull \hbox (badness 10000) detected at line 334
[][][]
 []


Underfull \hbox (badness 10000) detected at line 349
[][][]
 []

 <./gg_8h_ac735c9fb18adb1f2127c90adcea87cd8_icgraph.pdf>
<gg_8h_ac735c9fb18adb1f2127c90adcea87cd8_icgraph.pdf, id=27306, 428.60126pt x 3
53.32pt>
File: gg_8h_ac735c9fb18adb1f2127c90adcea87cd8_icgraph.pdf Graphic file (type pd
f)
<use gg_8h_ac735c9fb18adb1f2127c90adcea87cd8_icgraph.pdf>
Package pdftex.def Info: gg_8h_ac735c9fb18adb1f2127c90adcea87cd8_icgraph.pdf  u
sed on input line 411.
(pdftex.def)             Requested size: 350.0pt x 288.52742pt.
) (./gg_8h_source.tex


Package fancyhdr Warning: \headheight is too small (12.0pt): 
(fancyhdr)                Make it at least 12.00003pt, for example:
(fancyhdr)                \setlength{\headheight}{12.00003pt}.
(fancyhdr)                You might also make \topmargin smaller:
(fancyhdr)                \addtolength{\topmargin}{-0.00003pt}.

[501]


Package fancyhdr Warning: \headheight is too small (12.0pt): 
(fancyhdr)                Make it at least 12.00003pt, for example:
(fancyhdr)                \setlength{\headheight}{12.00003pt}.
(fancyhdr)                You might also make \topmargin smaller:
(fancyhdr)                \addtolength{\topmargin}{-0.00003pt}.

[502]

[503]


Package fancyhdr Warning: \headheight is too small (12.0pt): 
(fancyhdr)                Make it at least 12.00003pt, for example:
(fancyhdr)                \setlength{\headheight}{12.00003pt}.
(fancyhdr)                You might also make \topmargin smaller:
(fancyhdr)                \addtolength{\topmargin}{-0.00003pt}.

[504]

[505]


Package fancyhdr Warning: \headheight is too small (12.0pt): 
(fancyhdr)                Make it at least 12.00003pt, for example:
(fancyhdr)                \setlength{\headheight}{12.00003pt}.
(fancyhdr)                You might also make \topmargin smaller:
(fancyhdr)                \addtolength{\topmargin}{-0.00003pt}.

[506]

[507]


Package fancyhdr Warning: \headheight is too small (12.0pt): 
(fancyhdr)                Make it at least 12.00003pt, for example:
(fancyhdr)                \setlength{\headheight}{12.00003pt}.
(fancyhdr)                You might also make \topmargin smaller:
(fancyhdr)                \addtolength{\topmargin}{-0.00003pt}.

[508]

[509]


Package fancyhdr Warning: \headheight is too small (12.0pt): 
(fancyhdr)                Make it at least 12.00003pt, for example:
(fancyhdr)                \setlength{\headheight}{12.00003pt}.
(fancyhdr)                You might also make \topmargin smaller:
(fancyhdr)                \addtolength{\topmargin}{-0.00003pt}.

[510]

[511]


Package fancyhdr Warning: \headheight is too small (12.0pt): 
(fancyhdr)                Make it at least 12.00003pt, for example:
(fancyhdr)                \setlength{\headheight}{12.00003pt}.
(fancyhdr)                You might also make \topmargin smaller:
(fancyhdr)                \addtolength{\topmargin}{-0.00003pt}.

[512]

[513]


Package fancyhdr Warning: \headheight is too small (12.0pt): 
(fancyhdr)                Make it at least 12.00003pt, for example:
(fancyhdr)                \setlength{\headheight}{12.00003pt}.
(fancyhdr)                You might also make \topmargin smaller:
(fancyhdr)                \addtolength{\topmargin}{-0.00003pt}.

[514]

[515]


Package fancyhdr Warning: \headheight is too small (12.0pt): 
(fancyhdr)                Make it at least 12.00003pt, for example:
(fancyhdr)                \setlength{\headheight}{12.00003pt}.
(fancyhdr)                You might also make \topmargin smaller:
(fancyhdr)                \addtolength{\topmargin}{-0.00003pt}.

[516]

[517]


Package fancyhdr Warning: \headheight is too small (12.0pt): 
(fancyhdr)                Make it at least 12.00003pt, for example:
(fancyhdr)                \setlength{\headheight}{12.00003pt}.
(fancyhdr)                You might also make \topmargin smaller:
(fancyhdr)                \addtolength{\topmargin}{-0.00003pt}.

[518]

[519]


Package fancyhdr Warning: \headheight is too small (12.0pt): 
(fancyhdr)                Make it at least 12.00003pt, for example:
(fancyhdr)                \setlength{\headheight}{12.00003pt}.
(fancyhdr)                You might also make \topmargin smaller:
(fancyhdr)                \addtolength{\topmargin}{-0.00003pt}.

[520]

[521]


Package fancyhdr Warning: \headheight is too small (12.0pt): 
(fancyhdr)                Make it at least 12.00003pt, for example:
(fancyhdr)                \setlength{\headheight}{12.00003pt}.
(fancyhdr)                You might also make \topmargin smaller:
(fancyhdr)                \addtolength{\topmargin}{-0.00003pt}.

[522]

[523]


Package fancyhdr Warning: \headheight is too small (12.0pt): 
(fancyhdr)                Make it at least 12.00003pt, for example:
(fancyhdr)                \setlength{\headheight}{12.00003pt}.
(fancyhdr)                You might also make \topmargin smaller:
(fancyhdr)                \addtolength{\topmargin}{-0.00003pt}.

[524]

[525]


Package fancyhdr Warning: \headheight is too small (12.0pt): 
(fancyhdr)                Make it at least 12.00003pt, for example:
(fancyhdr)                \setlength{\headheight}{12.00003pt}.
(fancyhdr)                You might also make \topmargin smaller:
(fancyhdr)                \addtolength{\topmargin}{-0.00003pt}.

[526]

[527]


Package fancyhdr Warning: \headheight is too small (12.0pt): 
(fancyhdr)                Make it at least 12.00003pt, for example:
(fancyhdr)                \setlength{\headheight}{12.00003pt}.
(fancyhdr)                You might also make \topmargin smaller:
(fancyhdr)                \addtolength{\topmargin}{-0.00003pt}.

[528]

[529]


Package fancyhdr Warning: \headheight is too small (12.0pt): 
(fancyhdr)                Make it at least 12.00003pt, for example:
(fancyhdr)                \setlength{\headheight}{12.00003pt}.
(fancyhdr)                You might also make \topmargin smaller:
(fancyhdr)                \addtolength{\topmargin}{-0.00003pt}.

[530]

[531]


Package fancyhdr Warning: \headheight is too small (12.0pt): 
(fancyhdr)                Make it at least 12.00003pt, for example:
(fancyhdr)                \setlength{\headheight}{12.00003pt}.
(fancyhdr)                You might also make \topmargin smaller:
(fancyhdr)                \addtolength{\topmargin}{-0.00003pt}.

[532]

[533]


Package fancyhdr Warning: \headheight is too small (12.0pt): 
(fancyhdr)                Make it at least 12.00003pt, for example:
(fancyhdr)                \setlength{\headheight}{12.00003pt}.
(fancyhdr)                You might also make \topmargin smaller:
(fancyhdr)                \addtolength{\topmargin}{-0.00003pt}.

[534]

[535]

Package textcomp Warning: Symbol \textrightarrow not provided by
(textcomp)                font family pcr in TS1 encoding.
(textcomp)                Default family used instead on input line 2945.




Package fancyhdr Warning: \headheight is too small (12.0pt): 
(fancyhdr)                Make it at least 12.00003pt, for example:
(fancyhdr)                \setlength{\headheight}{12.00003pt}.
(fancyhdr)                You might also make \topmargin smaller:
(fancyhdr)                \addtolength{\topmargin}{-0.00003pt}.

[536]

[537]


Package fancyhdr Warning: \headheight is too small (12.0pt): 
(fancyhdr)                Make it at least 12.00003pt, for example:
(fancyhdr)                \setlength{\headheight}{12.00003pt}.
(fancyhdr)                You might also make \topmargin smaller:
(fancyhdr)                \addtolength{\topmargin}{-0.00003pt}.

[538]

[539]


Package fancyhdr Warning: \headheight is too small (12.0pt): 
(fancyhdr)                Make it at least 12.00003pt, for example:
(fancyhdr)                \setlength{\headheight}{12.00003pt}.
(fancyhdr)                You might also make \topmargin smaller:
(fancyhdr)                \addtolength{\topmargin}{-0.00003pt}.

[540]

[541]


Package fancyhdr Warning: \headheight is too small (12.0pt): 
(fancyhdr)                Make it at least 12.00003pt, for example:
(fancyhdr)                \setlength{\headheight}{12.00003pt}.
(fancyhdr)                You might also make \topmargin smaller:
(fancyhdr)                \addtolength{\topmargin}{-0.00003pt}.

[542]

[543]


Package fancyhdr Warning: \headheight is too small (12.0pt): 
(fancyhdr)                Make it at least 12.00003pt, for example:
(fancyhdr)                \setlength{\headheight}{12.00003pt}.
(fancyhdr)                You might also make \topmargin smaller:
(fancyhdr)                \addtolength{\topmargin}{-0.00003pt}.

[544]

[545]


Package fancyhdr Warning: \headheight is too small (12.0pt): 
(fancyhdr)                Make it at least 12.00003pt, for example:
(fancyhdr)                \setlength{\headheight}{12.00003pt}.
(fancyhdr)                You might also make \topmargin smaller:
(fancyhdr)                \addtolength{\topmargin}{-0.00003pt}.

[546]

[547]


Package fancyhdr Warning: \headheight is too small (12.0pt): 
(fancyhdr)                Make it at least 12.00003pt, for example:
(fancyhdr)                \setlength{\headheight}{12.00003pt}.
(fancyhdr)                You might also make \topmargin smaller:
(fancyhdr)                \addtolength{\topmargin}{-0.00003pt}.

[548]

[549]


Package fancyhdr Warning: \headheight is too small (12.0pt): 
(fancyhdr)                Make it at least 12.00003pt, for example:
(fancyhdr)                \setlength{\headheight}{12.00003pt}.
(fancyhdr)                You might also make \topmargin smaller:
(fancyhdr)                \addtolength{\topmargin}{-0.00003pt}.

[550]

[551]


Package fancyhdr Warning: \headheight is too small (12.0pt): 
(fancyhdr)                Make it at least 12.00003pt, for example:
(fancyhdr)                \setlength{\headheight}{12.00003pt}.
(fancyhdr)                You might also make \topmargin smaller:
(fancyhdr)                \addtolength{\topmargin}{-0.00003pt}.

[552]

[553]


Package fancyhdr Warning: \headheight is too small (12.0pt): 
(fancyhdr)                Make it at least 12.00003pt, for example:
(fancyhdr)                \setlength{\headheight}{12.00003pt}.
(fancyhdr)                You might also make \topmargin smaller:
(fancyhdr)                \addtolength{\topmargin}{-0.00003pt}.

[554]

[555]


Package fancyhdr Warning: \headheight is too small (12.0pt): 
(fancyhdr)                Make it at least 12.00003pt, for example:
(fancyhdr)                \setlength{\headheight}{12.00003pt}.
(fancyhdr)                You might also make \topmargin smaller:
(fancyhdr)                \addtolength{\topmargin}{-0.00003pt}.

[556]

[557]) (./GgApp_8cpp.tex <./GgApp_8cpp__incl.pdf>
<GgApp_8cpp__incl.pdf, id=34091, 720.6925pt x 269.005pt>
File: GgApp_8cpp__incl.pdf Graphic file (type pdf)
<use GgApp_8cpp__incl.pdf>
Package pdftex.def Info: GgApp_8cpp__incl.pdf  used on input line 11.
(pdftex.def)             Requested size: 350.0pt x 130.63965pt.

Underfull \hbox (badness 10000) detected at line 19
[][][]
 []




Package fancyhdr Warning: \headheight is too small (12.0pt): 
(fancyhdr)                Make it at least 12.00003pt, for example:
(fancyhdr)                \setlength{\headheight}{12.00003pt}.
(fancyhdr)                You might also make \topmargin smaller:
(fancyhdr)                \addtolength{\topmargin}{-0.00003pt}.

[558]
Underfull \hbox (badness 10000) detected at line 22
[][][]
 []

) (./GgApp_8cpp_source.tex

[559]


Package fancyhdr Warning: \headheight is too small (12.0pt): 
(fancyhdr)                Make it at least 12.00003pt, for example:
(fancyhdr)                \setlength{\headheight}{12.00003pt}.
(fancyhdr)                You might also make \topmargin smaller:
(fancyhdr)                \addtolength{\topmargin}{-0.00003pt}.

[560]

[561]


Package fancyhdr Warning: \headheight is too small (12.0pt): 
(fancyhdr)                Make it at least 12.00003pt, for example:
(fancyhdr)                \setlength{\headheight}{12.00003pt}.
(fancyhdr)                You might also make \topmargin smaller:
(fancyhdr)                \addtolength{\topmargin}{-0.00003pt}.

[562]

[563]


Package fancyhdr Warning: \headheight is too small (12.0pt): 
(fancyhdr)                Make it at least 12.00003pt, for example:
(fancyhdr)                \setlength{\headheight}{12.00003pt}.
(fancyhdr)                You might also make \topmargin smaller:
(fancyhdr)                \addtolength{\topmargin}{-0.00003pt}.

[564]

[565]


Package fancyhdr Warning: \headheight is too small (12.0pt): 
(fancyhdr)                Make it at least 12.00003pt, for example:
(fancyhdr)                \setlength{\headheight}{12.00003pt}.
(fancyhdr)                You might also make \topmargin smaller:
(fancyhdr)                \addtolength{\topmargin}{-0.00003pt}.

[566]

[567]


Package fancyhdr Warning: \headheight is too small (12.0pt): 
(fancyhdr)                Make it at least 12.00003pt, for example:
(fancyhdr)                \setlength{\headheight}{12.00003pt}.
(fancyhdr)                You might also make \topmargin smaller:
(fancyhdr)                \addtolength{\topmargin}{-0.00003pt}.

[568]

[569]


Package fancyhdr Warning: \headheight is too small (12.0pt): 
(fancyhdr)                Make it at least 12.00003pt, for example:
(fancyhdr)                \setlength{\headheight}{12.00003pt}.
(fancyhdr)                You might also make \topmargin smaller:
(fancyhdr)                \addtolength{\topmargin}{-0.00003pt}.

[570]

[571]


Package fancyhdr Warning: \headheight is too small (12.0pt): 
(fancyhdr)                Make it at least 12.00003pt, for example:
(fancyhdr)                \setlength{\headheight}{12.00003pt}.
(fancyhdr)                You might also make \topmargin smaller:
(fancyhdr)                \addtolength{\topmargin}{-0.00003pt}.

[572]

[573]


Package fancyhdr Warning: \headheight is too small (12.0pt): 
(fancyhdr)                Make it at least 12.00003pt, for example:
(fancyhdr)                \setlength{\headheight}{12.00003pt}.
(fancyhdr)                You might also make \topmargin smaller:
(fancyhdr)                \addtolength{\topmargin}{-0.00003pt}.

[574]

[575]


Package fancyhdr Warning: \headheight is too small (12.0pt): 
(fancyhdr)                Make it at least 12.00003pt, for example:
(fancyhdr)                \setlength{\headheight}{12.00003pt}.
(fancyhdr)                You might also make \topmargin smaller:
(fancyhdr)                \addtolength{\topmargin}{-0.00003pt}.

[576]) (./GgApp_8h.tex <./GgApp_8h__incl.pdf>
<GgApp_8h__incl.pdf, id=35799, 720.6925pt x 212.795pt>
File: GgApp_8h__incl.pdf Graphic file (type pdf)
<use GgApp_8h__incl.pdf>
Package pdftex.def Info: GgApp_8h__incl.pdf  used on input line 14.
(pdftex.def)             Requested size: 350.0pt x 103.34181pt.
 <./GgApp_8h__dep__incl.pdf>
<GgApp_8h__dep__incl.pdf, id=35807, 324.21124pt x 212.795pt>
File: GgApp_8h__dep__incl.pdf Graphic file (type pdf)
<use GgApp_8h__dep__incl.pdf>
Package pdftex.def Info: GgApp_8h__dep__incl.pdf  used on input line 22.
(pdftex.def)             Requested size: 323.0pt x 212.01193pt.



Package fancyhdr Warning: \headheight is too small (12.0pt): 
(fancyhdr)                Make it at least 12.00003pt, for example:
(fancyhdr)                \setlength{\headheight}{12.00003pt}.
(fancyhdr)                You might also make \topmargin smaller:
(fancyhdr)                \addtolength{\topmargin}{-0.00003pt}.

[577]
Underfull \hbox (badness 10000) detected at line 46
[][][]
 []


Underfull \hbox (badness 10000) detected at line 49
[][][]
 []

) (./GgApp_8h_source.tex


Package fancyhdr Warning: \headheight is too small (12.0pt): 
(fancyhdr)                Make it at least 12.00003pt, for example:
(fancyhdr)                \setlength{\headheight}{12.00003pt}.
(fancyhdr)                You might also make \topmargin smaller:
(fancyhdr)                \addtolength{\topmargin}{-0.00003pt}.

[578]

[579]


Package fancyhdr Warning: \headheight is too small (12.0pt): 
(fancyhdr)                Make it at least 12.00003pt, for example:
(fancyhdr)                \setlength{\headheight}{12.00003pt}.
(fancyhdr)                You might also make \topmargin smaller:
(fancyhdr)                \addtolength{\topmargin}{-0.00003pt}.

[580]

[581]


Package fancyhdr Warning: \headheight is too small (12.0pt): 
(fancyhdr)                Make it at least 12.00003pt, for example:
(fancyhdr)                \setlength{\headheight}{12.00003pt}.
(fancyhdr)                You might also make \topmargin smaller:
(fancyhdr)                \addtolength{\topmargin}{-0.00003pt}.

[582]

[583]


Package fancyhdr Warning: \headheight is too small (12.0pt): 
(fancyhdr)                Make it at least 12.00003pt, for example:
(fancyhdr)                \setlength{\headheight}{12.00003pt}.
(fancyhdr)                You might also make \topmargin smaller:
(fancyhdr)                \addtolength{\topmargin}{-0.00003pt}.

[584]

[585]


Package fancyhdr Warning: \headheight is too small (12.0pt): 
(fancyhdr)                Make it at least 12.00003pt, for example:
(fancyhdr)                \setlength{\headheight}{12.00003pt}.
(fancyhdr)                You might also make \topmargin smaller:
(fancyhdr)                \addtolength{\topmargin}{-0.00003pt}.

[586]) (./ggsample01_8cpp.tex <./ggsample01_8cpp__incl.pdf>
<ggsample01_8cpp__incl.pdf, id=36757, 814.04124pt x 381.425pt>
File: ggsample01_8cpp__incl.pdf Graphic file (type pdf)
<use ggsample01_8cpp__incl.pdf>
Package pdftex.def Info: ggsample01_8cpp__incl.pdf  used on input line 11.
(pdftex.def)             Requested size: 350.0pt x 163.99208pt.
)
(./ggsample01_8cpp_source.tex


Package fancyhdr Warning: \headheight is too small (12.0pt): 
(fancyhdr)                Make it at least 12.00003pt, for example:
(fancyhdr)                \setlength{\headheight}{12.00003pt}.
(fancyhdr)                You might also make \topmargin smaller:
(fancyhdr)                \addtolength{\topmargin}{-0.00003pt}.

[587]) (./main_8cpp.tex


Package fancyhdr Warning: \headheight is too small (12.0pt): 
(fancyhdr)                Make it at least 12.00003pt, for example:
(fancyhdr)                \setlength{\headheight}{12.00003pt}.
(fancyhdr)                You might also make \topmargin smaller:
(fancyhdr)                \addtolength{\topmargin}{-0.00003pt}.

[588] <./main_8cpp__incl.pdf>
<main_8cpp__incl.pdf, id=36923, 648.4225pt x 269.005pt>
File: main_8cpp__incl.pdf Graphic file (type pdf)
<use main_8cpp__incl.pdf>
Package pdftex.def Info: main_8cpp__incl.pdf  used on input line 10.
(pdftex.def)             Requested size: 350.0pt x 145.20306pt.

Underfull \hbox (badness 10000) detected at line 28
[][][]
 []


Underfull \hbox (badness 10000) detected at line 31
[][][]
 []

 <./main_8cpp_a110745d0e996bc19a8c8e8cacbadd525_cgraph.pdf>
<main_8cpp_a110745d0e996bc19a8c8e8cacbadd525_cgraph.pdf, id=36939, 603.25375pt 
x 582.175pt>
File: main_8cpp_a110745d0e996bc19a8c8e8cacbadd525_cgraph.pdf Graphic file (type
 pdf)
<use main_8cpp_a110745d0e996bc19a8c8e8cacbadd525_cgraph.pdf>
Package pdftex.def Info: main_8cpp_a110745d0e996bc19a8c8e8cacbadd525_cgraph.pdf
  used on input line 73.
(pdftex.def)             Requested size: 350.0pt x 337.76834pt.
)
(./main_8cpp_source.tex


Package fancyhdr Warning: \headheight is too small (12.0pt): 
(fancyhdr)                Make it at least 12.00003pt, for example:
(fancyhdr)                \setlength{\headheight}{12.00003pt}.
(fancyhdr)                You might also make \topmargin smaller:
(fancyhdr)                \addtolength{\topmargin}{-0.00003pt}.

[589]


Package fancyhdr Warning: \headheight is too small (12.0pt): 
(fancyhdr)                Make it at least 12.00003pt, for example:
(fancyhdr)                \setlength{\headheight}{12.00003pt}.
(fancyhdr)                You might also make \topmargin smaller:
(fancyhdr)                \addtolength{\topmargin}{-0.00003pt}.

[590]) (./Menu_8cpp.tex <./Menu_8cpp__incl.pdf>
<Menu_8cpp__incl.pdf, id=37011, 814.04124pt x 381.425pt>
File: Menu_8cpp__incl.pdf Graphic file (type pdf)
<use Menu_8cpp__incl.pdf>
Package pdftex.def Info: Menu_8cpp__incl.pdf  used on input line 9.
(pdftex.def)             Requested size: 350.0pt x 163.99208pt.



Package fancyhdr Warning: \headheight is too small (12.0pt): 
(fancyhdr)                Make it at least 12.00003pt, for example:
(fancyhdr)                \setlength{\headheight}{12.00003pt}.
(fancyhdr)                You might also make \topmargin smaller:
(fancyhdr)                \addtolength{\topmargin}{-0.00003pt}.

[591]
Underfull \hbox (badness 10000) detected at line 17
[][][]
 []


Underfull \hbox (badness 10000) detected at line 20
[][][]
 []

) (./Menu_8cpp_source.tex


Package fancyhdr Warning: \headheight is too small (12.0pt): 
(fancyhdr)                Make it at least 12.00003pt, for example:
(fancyhdr)                \setlength{\headheight}{12.00003pt}.
(fancyhdr)                You might also make \topmargin smaller:
(fancyhdr)                \addtolength{\topmargin}{-0.00003pt}.

[592]) (./Menu_8h.tex <./Menu_8h__incl.pdf>
<Menu_8h__incl.pdf, id=37157, 814.04124pt x 325.215pt>
File: Menu_8h__incl.pdf Graphic file (type pdf)
<use Menu_8h__incl.pdf>
Package pdftex.def Info: Menu_8h__incl.pdf  used on input line 11.
(pdftex.def)             Requested size: 350.0pt x 139.82483pt.
 <./Menu_8h__dep__incl.pdf>
<Menu_8h__dep__incl.pdf, id=37165, 244.915pt x 156.585pt>
File: Menu_8h__dep__incl.pdf Graphic file (type pdf)
<use Menu_8h__dep__incl.pdf>
Package pdftex.def Info: Menu_8h__dep__incl.pdf  used on input line 19.
(pdftex.def)             Requested size: 244.0pt x 156.004pt.



Package fancyhdr Warning: \headheight is too small (12.0pt): 
(fancyhdr)                Make it at least 12.00003pt, for example:
(fancyhdr)                \setlength{\headheight}{12.00003pt}.
(fancyhdr)                You might also make \topmargin smaller:
(fancyhdr)                \addtolength{\topmargin}{-0.00003pt}.

[593]
Underfull \hbox (badness 10000) detected at line 32
[][][]
 []


Underfull \hbox (badness 10000) detected at line 35
[][][]
 []

) (./Menu_8h_source.tex


Package fancyhdr Warning: \headheight is too small (12.0pt): 
(fancyhdr)                Make it at least 12.00003pt, for example:
(fancyhdr)                \setlength{\headheight}{12.00003pt}.
(fancyhdr)                You might also make \topmargin smaller:
(fancyhdr)                \addtolength{\topmargin}{-0.00003pt}.

[594]) (./OPENXR_8md.tex) (./parseconfig_8h.tex <./parseconfig_8h__incl.pdf>
<parseconfig_8h__incl.pdf, id=37278, 434.62375pt x 212.795pt>
File: parseconfig_8h__incl.pdf Graphic file (type pdf)
<use parseconfig_8h__incl.pdf>
Package pdftex.def Info: parseconfig_8h__incl.pdf  used on input line 14.
(pdftex.def)             Requested size: 350.0pt x 171.37267pt.
 <./parseconfig_8h__dep__incl.pdf>
<parseconfig_8h__dep__incl.pdf, id=37286, 282.05376pt x 269.005pt>
File: parseconfig_8h__dep__incl.pdf Graphic file (type pdf)
<use parseconfig_8h__dep__incl.pdf>
Package pdftex.def Info: parseconfig_8h__dep__incl.pdf  used on input line 22.
(pdftex.def)             Requested size: 281.0pt x 268.0192pt.



Package fancyhdr Warning: \headheight is too small (12.0pt): 
(fancyhdr)                Make it at least 12.00003pt, for example:
(fancyhdr)                \setlength{\headheight}{12.00003pt}.
(fancyhdr)                You might also make \topmargin smaller:
(fancyhdr)                \addtolength{\topmargin}{-0.00003pt}.

[595]


Package fancyhdr Warning: \headheight is too small (12.0pt): 
(fancyhdr)                Make it at least 12.00003pt, for example:
(fancyhdr)                \setlength{\headheight}{12.00003pt}.
(fancyhdr)                You might also make \topmargin smaller:
(fancyhdr)                \addtolength{\topmargin}{-0.00003pt}.

[596]
Underfull \hbox (badness 10000) detected at line 65
[][][]
 []


Underfull \hbox (badness 10000) detected at line 68
[][][]
 []

> Step: init table outer spec.
> Step: parse table options.
> Step: split table.
> Step: init table inner spec.
> Step: parse table inner spec.
> Step: execute table commands.
> Step: calculate cell and line sizes.
> Step: build the whole table.
> Step: init table outer spec.
> Step: parse table options.
> Step: split table.
> Step: init table inner spec.
> Step: parse table inner spec.
> Step: execute table commands.
> Step: calculate cell and line sizes.
> Step: build the whole table.
> Step: init table outer spec.
> Step: parse table options.
> Step: split table.
> Step: init table inner spec.
> Step: parse table inner spec.
> Step: execute table commands.
> Step: calculate cell and line sizes.
> Step: build the whole table.
> Step: init table outer spec.
> Step: parse table options.
> Step: split table.
> Step: init table inner spec.
> Step: parse table inner spec.
> Step: execute table commands.
> Step: calculate cell and line sizes.
> Step: build the whole table.

Underfull \hbox (badness 10000) detected at line 103
[][][]
 []

> Step: init table outer spec.
> Step: parse table options.
> Step: split table.
> Step: init table inner spec.
> Step: parse table inner spec.
> Step: execute table commands.
> Step: calculate cell and line sizes.
> Step: build the whole table.
> Step: init table outer spec.
> Step: parse table options.
> Step: split table.
> Step: init table inner spec.
> Step: parse table inner spec.
> Step: execute table commands.
> Step: calculate cell and line sizes.
> Step: build the whole table.

Underfull \hbox (badness 10000) detected at line 127
[][][]
 []

 <./parseconfig_8h_aa526c0c2f6ac0f2d8e25de0a8a1300ff_icgraph.pdf>
<parseconfig_8h_aa526c0c2f6ac0f2d8e25de0a8a1300ff_icgraph.pdf, id=37372, 356.33
125pt x 100.375pt>
File: parseconfig_8h_aa526c0c2f6ac0f2d8e25de0a8a1300ff_icgraph.pdf Graphic file
 (type pdf)
<use parseconfig_8h_aa526c0c2f6ac0f2d8e25de0a8a1300ff_icgraph.pdf>
Package pdftex.def Info: parseconfig_8h_aa526c0c2f6ac0f2d8e25de0a8a1300ff_icgra
ph.pdf  used on input line 139.
(pdftex.def)             Requested size: 350.0pt x 98.59502pt.



Package fancyhdr Warning: \headheight is too small (12.0pt): 
(fancyhdr)                Make it at least 12.00003pt, for example:
(fancyhdr)                \setlength{\headheight}{12.00003pt}.
(fancyhdr)                You might also make \topmargin smaller:
(fancyhdr)                \addtolength{\topmargin}{-0.00003pt}.

[597]
> Step: init table outer spec.
> Step: parse table options.
> Step: split table.
> Step: init table inner spec.
> Step: parse table inner spec.
> Step: execute table commands.
> Step: calculate cell and line sizes.
> Step: build the whole table.
> Step: init table outer spec.
> Step: parse table options.
> Step: split table.
> Step: init table inner spec.
> Step: parse table inner spec.
> Step: execute table commands.
> Step: calculate cell and line sizes.
> Step: build the whole table.

Underfull \hbox (badness 10000) detected at line 159
[][][]
 []

> Step: init table outer spec.
> Step: parse table options.
> Step: split table.
> Step: init table inner spec.
> Step: parse table inner spec.
> Step: execute table commands.
> Step: calculate cell and line sizes.
> Step: build the whole table.
> Step: init table outer spec.
> Step: parse table options.
> Step: split table.
> Step: init table inner spec.
> Step: parse table inner spec.
> Step: execute table commands.
> Step: calculate cell and line sizes.
> Step: build the whole table.

Underfull \hbox (badness 10000) detected at line 183
[][][]
 []




Package fancyhdr Warning: \headheight is too small (12.0pt): 
(fancyhdr)                Make it at least 12.00003pt, for example:
(fancyhdr)                \setlength{\headheight}{12.00003pt}.
(fancyhdr)                You might also make \topmargin smaller:
(fancyhdr)                \addtolength{\topmargin}{-0.00003pt}.

[598]
> Step: init table outer spec.
> Step: parse table options.
> Step: split table.
> Step: init table inner spec.
> Step: parse table inner spec.
> Step: execute table commands.
> Step: calculate cell and line sizes.
> Step: build the whole table.
> Step: init table outer spec.
> Step: parse table options.
> Step: split table.
> Step: init table inner spec.
> Step: parse table inner spec.
> Step: execute table commands.
> Step: calculate cell and line sizes.
> Step: build the whole table.
> Step: init table outer spec.
> Step: parse table options.
> Step: split table.
> Step: init table inner spec.
> Step: parse table inner spec.
> Step: execute table commands.
> Step: calculate cell and line sizes.
> Step: build the whole table.
> Step: init table outer spec.
> Step: parse table options.
> Step: split table.
> Step: init table inner spec.
> Step: parse table inner spec.
> Step: execute table commands.
> Step: calculate cell and line sizes.
> Step: build the whole table.

Underfull \hbox (badness 10000) detected at line 215
[][][]
 []

> Step: init table outer spec.
> Step: parse table options.
> Step: split table.
> Step: init table inner spec.
> Step: parse table inner spec.
> Step: execute table commands.
> Step: calculate cell and line sizes.
> Step: build the whole table.
> Step: init table outer spec.
> Step: parse table options.
> Step: split table.
> Step: init table inner spec.
> Step: parse table inner spec.
> Step: execute table commands.
> Step: calculate cell and line sizes.
> Step: build the whole table.
> Step: init table outer spec.
> Step: parse table options.
> Step: split table.
> Step: init table inner spec.
> Step: parse table inner spec.
> Step: execute table commands.
> Step: calculate cell and line sizes.
> Step: build the whole table.
> Step: init table outer spec.
> Step: parse table options.
> Step: split table.
> Step: init table inner spec.
> Step: parse table inner spec.
> Step: execute table commands.
> Step: calculate cell and line sizes.
> Step: build the whole table.

Underfull \hbox (badness 10000) detected at line 245
[][][]
 []




Package fancyhdr Warning: \headheight is too small (12.0pt): 
(fancyhdr)                Make it at least 12.00003pt, for example:
(fancyhdr)                \setlength{\headheight}{12.00003pt}.
(fancyhdr)                You might also make \topmargin smaller:
(fancyhdr)                \addtolength{\topmargin}{-0.00003pt}.

[599]
> Step: init table outer spec.
> Step: parse table options.
> Step: split table.
> Step: init table inner spec.
> Step: parse table inner spec.
> Step: execute table commands.
> Step: calculate cell and line sizes.
> Step: build the whole table.
> Step: init table outer spec.
> Step: parse table options.
> Step: split table.
> Step: init table inner spec.
> Step: parse table inner spec.
> Step: execute table commands.
> Step: calculate cell and line sizes.
> Step: build the whole table.
> Step: init table outer spec.
> Step: parse table options.
> Step: split table.
> Step: init table inner spec.
> Step: parse table inner spec.
> Step: execute table commands.
> Step: calculate cell and line sizes.
> Step: build the whole table.
> Step: init table outer spec.
> Step: parse table options.
> Step: split table.
> Step: init table inner spec.
> Step: parse table inner spec.
> Step: execute table commands.
> Step: calculate cell and line sizes.
> Step: build the whole table.

Underfull \hbox (badness 10000) detected at line 275
[][][]
 []

 <./parseconfig_8h_ad7387beefe783ec9f01caa7ee49e60db_icgraph.pdf>
<parseconfig_8h_ad7387beefe783ec9f01caa7ee49e60db_icgraph.pdf, id=37422, 354.32
375pt x 100.375pt>
File: parseconfig_8h_ad7387beefe783ec9f01caa7ee49e60db_icgraph.pdf Graphic file
 (type pdf)
<use parseconfig_8h_ad7387beefe783ec9f01caa7ee49e60db_icgraph.pdf>
Package pdftex.def Info: parseconfig_8h_ad7387beefe783ec9f01caa7ee49e60db_icgra
ph.pdf  used on input line 287.
(pdftex.def)             Requested size: 350.0pt x 99.15251pt.
> Step: init table outer spec.
> Step: parse table options.
> Step: split table.
> Step: init table inner spec.
> Step: parse table inner spec.
> Step: execute table commands.
> Step: calculate cell and line sizes.
> Step: build the whole table.
> Step: init table outer spec.
> Step: parse table options.
> Step: split table.
> Step: init table inner spec.
> Step: parse table inner spec.
> Step: execute table commands.
> Step: calculate cell and line sizes.
> Step: build the whole table.



Package fancyhdr Warning: \headheight is too small (12.0pt): 
(fancyhdr)                Make it at least 12.00003pt, for example:
(fancyhdr)                \setlength{\headheight}{12.00003pt}.
(fancyhdr)                You might also make \topmargin smaller:
(fancyhdr)                \addtolength{\topmargin}{-0.00003pt}.

[600]
Underfull \hbox (badness 10000) detected at line 307
[][][]
 []

 <./parseconfig_8h_a6d057d6a5b59526429befae28a4684d3_icgraph.pdf>
<parseconfig_8h_a6d057d6a5b59526429befae28a4684d3_icgraph.pdf, id=37443, 358.33
875pt x 100.375pt>
File: parseconfig_8h_a6d057d6a5b59526429befae28a4684d3_icgraph.pdf Graphic file
 (type pdf)
<use parseconfig_8h_a6d057d6a5b59526429befae28a4684d3_icgraph.pdf>
Package pdftex.def Info: parseconfig_8h_a6d057d6a5b59526429befae28a4684d3_icgra
ph.pdf  used on input line 319.
(pdftex.def)             Requested size: 350.0pt x 98.04518pt.
> Step: init table outer spec.
> Step: parse table options.
> Step: split table.
> Step: init table inner spec.
> Step: parse table inner spec.
> Step: execute table commands.
> Step: calculate cell and line sizes.
> Step: build the whole table.
> Step: init table outer spec.
> Step: parse table options.
> Step: split table.
> Step: init table inner spec.
> Step: parse table inner spec.
> Step: execute table commands.
> Step: calculate cell and line sizes.
> Step: build the whole table.
> Step: init table outer spec.
> Step: parse table options.
> Step: split table.
> Step: init table inner spec.
> Step: parse table inner spec.
> Step: execute table commands.
> Step: calculate cell and line sizes.
> Step: build the whole table.
> Step: init table outer spec.
> Step: parse table options.
> Step: split table.
> Step: init table inner spec.
> Step: parse table inner spec.
> Step: execute table commands.
> Step: calculate cell and line sizes.
> Step: build the whole table.
> Step: init table outer spec.
> Step: parse table options.
> Step: split table.
> Step: init table inner spec.
> Step: parse table inner spec.
> Step: execute table commands.
> Step: calculate cell and line sizes.
> Step: build the whole table.
> Step: init table outer spec.
> Step: parse table options.
> Step: split table.
> Step: init table inner spec.
> Step: parse table inner spec.
> Step: execute table commands.
> Step: calculate cell and line sizes.
> Step: build the whole table.
 <./parseconfig_8h_a6d1cf7a5f56fa09883319b5afb48502f_icgraph.pdf>
<parseconfig_8h_a6d1cf7a5f56fa09883319b5afb48502f_icgraph.pdf, id=37456, 359.34
25pt x 100.375pt>
File: parseconfig_8h_a6d1cf7a5f56fa09883319b5afb48502f_icgraph.pdf Graphic file
 (type pdf)
<use parseconfig_8h_a6d1cf7a5f56fa09883319b5afb48502f_icgraph.pdf>
Package pdftex.def Info: parseconfig_8h_a6d1cf7a5f56fa09883319b5afb48502f_icgra
ph.pdf  used on input line 375.
(pdftex.def)             Requested size: 350.0pt x 97.77255pt.



Package fancyhdr Warning: \headheight is too small (12.0pt): 
(fancyhdr)                Make it at least 12.00003pt, for example:
(fancyhdr)                \setlength{\headheight}{12.00003pt}.
(fancyhdr)                You might also make \topmargin smaller:
(fancyhdr)                \addtolength{\topmargin}{-0.00003pt}.

[601]
> Step: init table outer spec.
> Step: parse table options.
> Step: split table.
> Step: init table inner spec.
> Step: parse table inner spec.
> Step: execute table commands.
> Step: calculate cell and line sizes.
> Step: build the whole table.
> Step: init table outer spec.
> Step: parse table options.
> Step: split table.
> Step: init table inner spec.
> Step: parse table inner spec.
> Step: execute table commands.
> Step: calculate cell and line sizes.
> Step: build the whole table.
> Step: init table outer spec.
> Step: parse table options.
> Step: split table.
> Step: init table inner spec.
> Step: parse table inner spec.
> Step: execute table commands.
> Step: calculate cell and line sizes.
> Step: build the whole table.
> Step: init table outer spec.
> Step: parse table options.
> Step: split table.
> Step: init table inner spec.
> Step: parse table inner spec.
> Step: execute table commands.
> Step: calculate cell and line sizes.
> Step: build the whole table.
> Step: init table outer spec.
> Step: parse table options.
> Step: split table.
> Step: init table inner spec.
> Step: parse table inner spec.
> Step: execute table commands.
> Step: calculate cell and line sizes.
> Step: build the whole table.
> Step: init table outer spec.
> Step: parse table options.
> Step: split table.
> Step: init table inner spec.
> Step: parse table inner spec.
> Step: execute table commands.
> Step: calculate cell and line sizes.
> Step: build the whole table.



Package fancyhdr Warning: \headheight is too small (12.0pt): 
(fancyhdr)                Make it at least 12.00003pt, for example:
(fancyhdr)                \setlength{\headheight}{12.00003pt}.
(fancyhdr)                You might also make \topmargin smaller:
(fancyhdr)                \addtolength{\topmargin}{-0.00003pt}.

[602]
> Step: init table outer spec.
> Step: parse table options.
> Step: split table.
> Step: init table inner spec.
> Step: parse table inner spec.
> Step: execute table commands.
> Step: calculate cell and line sizes.
> Step: build the whole table.
> Step: init table outer spec.
> Step: parse table options.
> Step: split table.
> Step: init table inner spec.
> Step: parse table inner spec.
> Step: execute table commands.
> Step: calculate cell and line sizes.
> Step: build the whole table.
> Step: init table outer spec.
> Step: parse table options.
> Step: split table.
> Step: init table inner spec.
> Step: parse table inner spec.
> Step: execute table commands.
> Step: calculate cell and line sizes.
> Step: build the whole table.
> Step: init table outer spec.
> Step: parse table options.
> Step: split table.
> Step: init table inner spec.
> Step: parse table inner spec.
> Step: execute table commands.
> Step: calculate cell and line sizes.
> Step: build the whole table.
> Step: init table outer spec.
> Step: parse table options.
> Step: split table.
> Step: init table inner spec.
> Step: parse table inner spec.
> Step: execute table commands.
> Step: calculate cell and line sizes.
> Step: build the whole table.
> Step: init table outer spec.
> Step: parse table options.
> Step: split table.
> Step: init table inner spec.
> Step: parse table inner spec.
> Step: execute table commands.
> Step: calculate cell and line sizes.
> Step: build the whole table.
> Step: init table outer spec.
> Step: parse table options.
> Step: split table.
> Step: init table inner spec.
> Step: parse table inner spec.
> Step: execute table commands.
> Step: calculate cell and line sizes.
> Step: build the whole table.
> Step: init table outer spec.
> Step: parse table options.
> Step: split table.
> Step: init table inner spec.
> Step: parse table inner spec.
> Step: execute table commands.
> Step: calculate cell and line sizes.
> Step: build the whole table.
> Step: init table outer spec.
> Step: parse table options.
> Step: split table.
> Step: init table inner spec.
> Step: parse table inner spec.
> Step: execute table commands.
> Step: calculate cell and line sizes.
> Step: build the whole table.
> Step: init table outer spec.
> Step: parse table options.
> Step: split table.
> Step: init table inner spec.
> Step: parse table inner spec.
> Step: execute table commands.
> Step: calculate cell and line sizes.
> Step: build the whole table.



Package fancyhdr Warning: \headheight is too small (12.0pt): 
(fancyhdr)                Make it at least 12.00003pt, for example:
(fancyhdr)                \setlength{\headheight}{12.00003pt}.
(fancyhdr)                You might also make \topmargin smaller:
(fancyhdr)                \addtolength{\topmargin}{-0.00003pt}.

[603] <./parseconfig_8h_ab6753f500daf700e3db65f17b841ce2d_icgraph.pdf>
<parseconfig_8h_ab6753f500daf700e3db65f17b841ce2d_icgraph.pdf, id=37507, 357.33
5pt x 100.375pt>
File: parseconfig_8h_ab6753f500daf700e3db65f17b841ce2d_icgraph.pdf Graphic file
 (type pdf)
<use parseconfig_8h_ab6753f500daf700e3db65f17b841ce2d_icgraph.pdf>
Package pdftex.def Info: parseconfig_8h_ab6753f500daf700e3db65f17b841ce2d_icgra
ph.pdf  used on input line 508.
(pdftex.def)             Requested size: 350.0pt x 98.31934pt.
> Step: init table outer spec.
> Step: parse table options.
> Step: split table.
> Step: init table inner spec.
> Step: parse table inner spec.
> Step: execute table commands.
> Step: calculate cell and line sizes.
> Step: build the whole table.
> Step: init table outer spec.
> Step: parse table options.
> Step: split table.
> Step: init table inner spec.
> Step: parse table inner spec.
> Step: execute table commands.
> Step: calculate cell and line sizes.
> Step: build the whole table.
 <./parseconfig_8h_a11f7f0ff52a57a4f2b4efb52a212ef69_icgraph.pdf>
<parseconfig_8h_a11f7f0ff52a57a4f2b4efb52a212ef69_icgraph.pdf, id=37518, 361.35
pt x 100.375pt>
File: parseconfig_8h_a11f7f0ff52a57a4f2b4efb52a212ef69_icgraph.pdf Graphic file
 (type pdf)
<use parseconfig_8h_a11f7f0ff52a57a4f2b4efb52a212ef69_icgraph.pdf>
Package pdftex.def Info: parseconfig_8h_a11f7f0ff52a57a4f2b4efb52a212ef69_icgra
ph.pdf  used on input line 537.
(pdftex.def)             Requested size: 350.0pt x 97.2227pt.
)
(./parseconfig_8h_source.tex


Package fancyhdr Warning: \headheight is too small (12.0pt): 
(fancyhdr)                Make it at least 12.00003pt, for example:
(fancyhdr)                \setlength{\headheight}{12.00003pt}.
(fancyhdr)                You might also make \topmargin smaller:
(fancyhdr)                \addtolength{\topmargin}{-0.00003pt}.

[604]

[605]


Package fancyhdr Warning: \headheight is too small (12.0pt): 
(fancyhdr)                Make it at least 12.00003pt, for example:
(fancyhdr)                \setlength{\headheight}{12.00003pt}.
(fancyhdr)                You might also make \topmargin smaller:
(fancyhdr)                \addtolength{\topmargin}{-0.00003pt}.

[606]

[607]) (./README_8md.tex)


Package fancyhdr Warning: \headheight is too small (12.0pt): 
(fancyhdr)                Make it at least 12.00003pt, for example:
(fancyhdr)                \setlength{\headheight}{12.00003pt}.
(fancyhdr)                You might also make \topmargin smaller:
(fancyhdr)                \addtolength{\topmargin}{-0.00003pt}.

[608] (./refman.ind
LaTeX Font Info:    Font shape `OT1/phv/m/n' will be
(Font)              scaled to size 22.39185pt on input line 1.




[609



]



[610]



[611]



[612]



[613]



[614]



[615]



[616]



[617]



[618]



[619]) (./refman.aux)
 ***********
LaTeX2e <2024-11-01> patch level 2
L3 programming layer <2025-01-18>
 ***********


LaTeX Font Warning: Some font shapes were not available, defaults substituted.


LaTeX Warning: There were multiply-defined labels.

Package rerunfilecheck Info: File `refman.out' has not changed.
(rerunfilecheck)             Checksum: DEE378CF7C3874E7633D4AC890153F0D;189335.

 ) 
Here is how much of TeX's memory you used:
 53695 strings out of 473201
 1386846 string characters out of 5720299
 2307209 words of memory out of 5000000
 57401 multiletter control sequences out of 15000+600000
 1739212 words of font info for 3655 fonts, out of 8000000 for 9000
 1141 hyphenation exceptions out of 8191
 101i,16n,122p,1499b,2803s stack positions out of 10000i,1000n,20000p,200000b,200000s
<c:/texlive/2024/texmf-dist/fonts/type1/public/amsfonts/cm/cmmi10.pfb><c:/tex
live/2024/texmf-dist/fonts/type1/public/amsfonts/cm/cmmi12.pfb><c:/texlive/2024
/texmf-dist/fonts/type1/public/amsfonts/cm/cmmi7.pfb><c:/texlive/2024/texmf-dis
t/fonts/type1/public/amsfonts/cm/cmmi8.pfb><c:/texlive/2024/texmf-dist/fonts/ty
pe1/public/amsfonts/cm/cmsy10.pfb><c:/texlive/2024/texmf-dist/fonts/type1/publi
c/amsfonts/cm/cmsy7.pfb><c:/texlive/2024/texmf-dist/fonts/type1/public/amsfonts
/cm/cmsy8.pfb><c:/texlive/2024/texmf-dist/fonts/type1/wadalab/dmj/dmjhira.pfb><
c:/texlive/2024/texmf-dist/fonts/type1/wadalab/dmj/dmjka.pfb><c:/texlive/2024/t
exmf-dist/fonts/type1/wadalab/dmj/dmjkata.pfb><c:/texlive/2024/texmf-dist/fonts
/type1/wadalab/dmj/dmjkb.pfb><c:/texlive/2024/texmf-dist/fonts/type1/wadalab/dm
j/dmjkc.pfb><c:/texlive/2024/texmf-dist/fonts/type1/wadalab/dmj/dmjkd.pfb><c:/t
exlive/2024/texmf-dist/fonts/type1/wadalab/dmj/dmjke.pfb><c:/texlive/2024/texmf
-dist/fonts/type1/wadalab/dmj/dmjkf.pfb><c:/texlive/2024/texmf-dist/fonts/type1
/wadalab/dmj/dmjkg.pfb><c:/texlive/2024/texmf-dist/fonts/type1/wadalab/dmj/dmjk
h.pfb><c:/texlive/2024/texmf-dist/fonts/type1/wadalab/dmj/dmjki.pfb><c:/texlive
/2024/texmf-dist/fonts/type1/wadalab/dmj/dmjkj.pfb><c:/texlive/2024/texmf-dist/
fonts/type1/wadalab/dmj/dmjkk.pfb><c:/texlive/2024/texmf-dist/fonts/type1/wadal
ab/dmj/dmjkl.pfb><c:/texlive/2024/texmf-dist/fonts/type1/wadalab/dmj/dmjroma.pf
b><c:/texlive/2024/texmf-dist/fonts/type1/wadalab/dmj/dmjsy.pfb><c:/texlive/202
4/texmf-dist/fonts/type1/public/cm-super/sftt0800.pfb><c:/texlive/2024/texmf-di
st/fonts/type1/urw/courier/ucrb8a.pfb><c:/texlive/2024/texmf-dist/fonts/type1/u
rw/courier/ucrr8a.pfb><c:/texlive/2024/texmf-dist/fonts/type1/urw/courier/ucrro
8a.pfb><c:/texlive/2024/texmf-dist/fonts/type1/urw/helvetic/uhvb8a.pfb><c:/texl
ive/2024/texmf-dist/fonts/type1/urw/helvetic/uhvr8a.pfb><c:/texlive/2024/texmf-
dist/fonts/type1/urw/helvetic/uhvro8a.pfb>
Output written on refman.pdf (645 pages, 11741393 bytes).
PDF statistics:
 42832 PDF objects out of 45951 (max. 8388607)
 38734 compressed objects within 388 object streams
 17763 named destinations out of 18468 (max. 500000)
 11220 words of extra memory for PDF output out of 12000 (max. 10000000)

